CCTV4欧洲,http://t.061899.xyz/tl/tl.php?id=cctv4o
CCTV4美洲,http://t.061899.xyz/tl/tl.php?id=cctv4m
CCTV-4K 高清,https://live-play-hls.cctvnews.cctv.com/CCTVChannel/channel_cctv4k_mbd.m3u8?auth_key=%2A%2A%2A&yid=b59134a2ead43d7f783f943c8f535e7bb80c5169575b2e8efcd5b3ddea21b41c
CCTV中学生,http://t.061899.xyz/tl/tl.php?id=zxs
CCTV发现之旅,http://t.061899.xyz/tl/tl.php?id=fxzl
CCTV怀旧剧场,https://live.264788.xyz/channel/huaijiujuchang?streamid=7e5d1abdddde08f588234f3f640f75ff&livekey=01WgOR41rriMmMkzNsd0UoaxJRwetZdxIvtVk
CCTV文化精品,https://live.264788.xyz/channel/yangshiwenhuajingpin?streamid=bc185d1ef1e528922e83efd845006277&livekey=01WgOR41rriMmMkzNsd0UoaxJRwetZdxIvtVk
CCTV第一剧场,https://live.264788.xyz/channel/diyijuchang?streamid=e9b0fb1ca135a4aeae12944494883794&livekey=01WgOR41rriMmMkzNsd0UoaxJRwetZdxIvtVk
CCTV老故事,http://t.061899.xyz/tl/tl.php?id=lgs
CGTN,http://english-livetx.cgtn.com/hls/yypdyyctzb_hd.m3u8
CGTN俄语,https://0472.org/hls/cgtne.m3u8
CGTN法语,https://0472.org/hls/cgtnf.m3u8
CGTN纪录,https://0472.org/hls/cgtnd.m3u8
CGTN英语,https://0472.org/hls/cgtn.m3u8
CGTN西语,http://espanol-liveali.cgtn.com/hls/LSveOGBaBw41Ea7ukkVAUdKQ220802LSTexu6xAuFH8VZNBLE1ZNEa220802cd.m3u8
CGTN记录,https://english-livetx.cgtn.com/hls/yypdjlctzb_hd.m3u8
CGTN阿语,http://espanol-liveali.cgtn.com/hls/LSveOGBaBw41Ea7ukkVAUdKQ220802LSTexu6xAuFH8VZNBLE1ZNEa220802cd.m3u8
七彩戏剧,http://t.061899.xyz/tl/tl.php?id=qcxj
上海外语,http://t.061899.xyz/tl/tl.php?id=shics
上海新闻综合,http://t.061899.xyz/tl/tl.php?id=shxwzh
上海第一财经,http://t.061899.xyz/tl/tl.php?id=dycj
上视纪实人文,http://t.061899.xyz/tl/tl.php?id=shjsrw
东方影视,http://t.061899.xyz/tl/tl.php?id=dfys
中国交通,http://drive.mxmy.net:8888/udp/239.3.1.188:8001
乐游,http://t.061899.xyz/tl/tl.php?id=ly
优漫卡通,http://t.061899.xyz/tl/tl.php?id=ymkt
兵器科技,https://live.264788.xyz/channel/bingqikeji?streamid=530cb4e58bbc48b7fc26f5e0a2e47966&livekey=01WgOR41rriMmMkzNsd0UoaxJRwetZdxIvtVk
劲爆体育,http://t.061899.xyz/tl/tl.php?id=jbty
欢笑剧场,http://t.061899.xyz/tl/tl.php?id=hxjc
法治天地,http://t.061899.xyz/tl/tl.php?id=fztd
游戏风云,http://t.061899.xyz/tl/tl.php?id=yxfy
熊猫直播,https://gcwbndali.v.myalicdn.com/gcwbnd/ipanda1000_2/index.m3u8
风云剧场,https://live.264788.xyz/channel/fengyunjuchang?streamid=31e7b5b7032d25dd215a4069cdee1a48&livekey=01WgOR41rriMmMkzNsd0UoaxJRwetZdxIvtVk
魅力足球,http://t.061899.xyz/tl/tl.php?id=mlzq
东方卫视4K,http://bp-resource-dfl.bestv.cn/148/3/video.m3u8
人间卫视,http://61.216.67.119:1935/bltvhd/bltv1/chunklist_w1266569526.m3u
农林卫视,http://120.76.248.139/live/bfgd/4200000122.m3u8
凤凰卫视台,http://php.jdshipin.com/TVOD/iptv.php?id=fhzw
厦门卫视,http://e2.woc.iiiya.cn:28888/rtp/239.61.2.11:8060
大湾区卫视,http://222.128.55.152:9080/live/dwq.m3u8
安多卫视,https://liveout.xntv.tv/a65jur/96iln2.m3u8
山东教育,https://test1.live.sdetv.com.cn/live/dianshizhibo/playlist.m3u8
延边卫视,http://120.76.248.139/live/bfgd/4200000117.m3u8
江苏卫视4K,http://8.138.7.223/tv/jsws4k.php
海峡卫视,http://8.138.7.223/tv/hxws.m3u8
深圳卫视4K,http://nn.7x9d.cn/深圳最新.php?id=szws4k
澳门卫视,http://php.jdshipin.com:8880/TVOD/iptv.php?id=as
福建海峡卫视,http://38.64.72.148:80/hls/modn/list/4009/playlist.m3u8
新纪实,http://bp-resource-dfl.bestv.cn/155/3/video.m3u8
普陀山,https://gcalic.v.myalicdn.com/gc/pts01_1/index.m3u8
第一财经,http://satellitepull.cnr.cn/live/wx32dycjgb/playlist.m3u8
纪实人文,http://8.138.7.223/tv/shtv.php?id=xjs
纪实科教,http://120.76.248.139/live/bfgd/4200000113.m3u8
都市剧场,https://satellitepull.cnr.cn/live/wxcqxwgb/playlist.m3u8
丽江古城万古楼遥望玉龙雪山,https://gcalic.v.myalicdn.com/gc/ljgcwglytylxs_1/index.m3u8
丽江古城大水车,https://gcalic.v.myalicdn.com/gc/ljgcdsc_1/index.m3u8
丽江古城大研花巷观景,https://gcalic.v.myalicdn.com/gc/ljgcdyhxgjt_1/index.m3u8
云南丽江冰川,https://gcalic.v.myalicdn.com/gc/hkylxs05_1/index.m3u8
云南丽江印象实景,https://gcalic.v.myalicdn.com/gc/hkylxs01_1/index.m3u8
云南丽江玉龙雪山,https://gcalic.v.myalicdn.com/gc/ylxs11_1/index.m3u8
云南丽江玉龙雪山草甸,https://gcalic.v.myalicdn.com/gc/hkylxs06_1/index.m3u8
云南丽江蓝月谷,https://gcalic.v.myalicdn.com/gc/ylxs12_1/index.m3u8
云南大理崇圣寺三塔中景,https://gcalic.v.myalicdn.com/gc/dlst03_1/index.m3u8
云南大理崇圣寺三塔远景,https://gcalic.v.myalicdn.com/gc/dlst01_1/index.m3u8
云南白沙远眺玉龙雪山,https://gcalic.v.myalicdn.com/gc/hkylxs03_1/index.m3u8
易门综合,https://zb-live.ynurl.com/yimen/3b75a2f9-7941-46b7-992d-a9796fbca5fe.m3u8
江苏徐州云龙湖风景区云龙山观景台西,https://gcalic.v.myalicdn.com/gc/ylh04_1/index.m3u8
狮子山鸟瞰丽江古城,https://gcalic.v.myalicdn.com/gc/ljgcszsnkgc_1/index.m3u8
鬼吹灯之云南虫谷,https://live.ottiptv.cc/huya/11352898
鬼吹灯之精绝古城,https://live.ottiptv.cc/huya/11352871
BRTV纪实科教,http://120.76.248.139/live/bfgd/4200000113.m3u8
东森财经新闻,https://raw.githubusercontent.com/ChiSheng9/iptv/master/TV03.m3u8
北京新闻,https://satellitepull.cnr.cn/live/wxbjxwgb/playlist.m3u8
耀才财经,https://v3.mediacast.hk/webcast/bshdlive-pc/chunklist_w99771165.m3u8
东丰,http://stream5.jlntv.cn/df/sd/live.m3u8?zjild=
东丰综合,http://stream3.jlntv.cn:80/aac_dfgb/playlist.m3u8
九台,http://stream10.jlntv.cn/jiutaitv/sd/live.m3u8?zjild=
九台综合,http://stream10.jlntv.cn/jiutaitv/sd/live.m3u8
双辽,http://stream5.jlntv.cn/sl/sd/live.m3u8?zjild=
双辽综合,http://stream3.jlntv.cn:80/aac_slgb/playlist.m3u8
延边2,http://stream5.jlntv.cn/wq/playlist.m3u8
德惠综合,http://stream11.jlntv.cn/dehuitv/sd/live.m3u8
敦化一套,http://stream8.jlntv.cn/dhtv/playlist.m3u8?zjild=
柳河,http://stream5.jlntv.cn/lh/sd/live.m3u8?zjild=
柳河综合,http://stream3.jlntv.cn:80/aac_lhgb/sd/live.m3u8
桦甸,http://stream10.jlntv.cn/huadian/sd/live.m3u8?zjild=
桦甸综合,http://stream9.jlntv.cn:80/aac_huadiangb/playlist.m3u8
梅河口综合,http://stream3.jlntv.cn:80/aac_mhkgb/playlist.m3u8
汪清,http://stream5.jlntv.cn/wq/sd/live.m3u8?zjild=
汪清综合,http://stream5.jlntv.cn/wq/sd/live.m3u8
珲春新闻,http://stream8.jlntv.cn/hctv/sd/live.m3u8?zjild=
白山公共,http://stream8.jlntv.cn/baishan2/playlist.m3u8?zjild=
磐石,http://stream5.jlntv.cn/ps/sd/live.m3u8?zjild=
磐石综合,http://stream3.jlntv.cn:80/aac_psgb/sd/live.m3u8
舒兰新闻,http://stream8.jlntv.cn/shulan/sd/live.m3u8?zjild=
舒兰新闻综合,http://stream8.jlntv.cn/shulan/sd/live.m3u8?_upt=332db6421699196585
辉南新闻,http://stream5.jlntv.cn/hn/sd/live.m3u8?zjild=
辉南新闻综合,http://stream5.jlntv.cn/hn/sd/live.m3u8
通化县,http://stream5.jlntv.cn/thx/sd/live.m3u8?zjild=
通化县综合,http://stream3.jlntv.cn:80/aac_thxgb/playlist.m3u8
长白山电视台,http://stream8.jlntv.cn/cbstv/sd/live.m3u8?zjild=
长白朝语,http://hplayer1.juyun.tv:80/camera/11344136.m3u8
靖宇,http://stream8.jlntv.cn/jytv/sd/live.m3u8?zjild=
靖宇综合,http://stream9.jlntv.cn:80/aac_jygb/playlist.m3u8
龙井,http://stream8.jlntv.cn/ljtv/sd/live.m3u8?zjild=
龙井综合,http://stream9.jlntv.cn:80/aac_longjinggb/playlist.m3u8
乐山大佛全景,https://gcalic.v.myalicdn.com/gc/lsdfgfl_1/index.m3u8
乐至综合,http://175.155.106.72:89/live1/live1.m3u8?zsicd=
井研综合,http://tvfile.jyrmt.cn/nmip-media/channellive/channel104452/playlist.m3u8
仁寿综合,https://play.scrstv.com.cn/DT/live.m3u8?auth_key=%2A%2A%2A
吉林乡村,https://satellitepull.cnr.cn/live/wxjlxcgb/playlist.m3u8
名山综合,https://m3u8channel-bx.yunxya.com/nmip-media/channellive/channel104666/playlist.m3u8
四川四姑娘山隆珠措,https://gcalic.v.myalicdn.com/gc/sgns02_1/index.m3u8
四川峨眉山云海日出,https://gcalic.v.myalicdn.com/gc/emsarm_1/index.m3u8
四川峨眉山普贤菩萨铜像,https://gcalic.v.myalicdn.com/gc/emspxps_1/index.m3u8
四川峨眉山远眺万佛顶,https://gcalic.v.myalicdn.com/gc/emswfs_1/index.m3u8
四川峨眉山远眺贡嘎雪山,https://gcalic.v.myalicdn.com/gc/emsyh_1/index.m3u8
四川科教,http://182.150.115.21:8030/pcgacg/pcgacg_0.m3u8
广安公共,http://live1.gatv.com.cn:85/live/GGPD_ggpdzm.m3u8?zsicd=
松潘新闻综合,http://live.spccmc.com:90/live/spxwzh.m3u8
汶川新闻综合,http://live.iwcmt.cn:90/live/zhxw.m3u8
沐川综合,http://file.ysxtv.cn/cms/videos/nmip-media/channellive/channel4/playlist.m3u8?zsicd=
荥经综合,https://m3u8channel-yj.yunxya.com/nmip-media/channellive/channel101140/playlist.m3u8
都江堰鱼嘴,https://gcalic.v.myalicdn.com/gc/djyqyl1_1/index.m3u8
金川乡村,http://live.jinchuanrmt.com:90/live/jcxc.m3u8?zsicd=
金川新闻综合,http://live.jinchuanrmt.com:90/live/zhxw.m3u8?zsicd=
雅安新闻综合,https://play.yunxya.com/channellive/xinwen.m3u8
青川综合,http://qcfile.qcrmt.com/nmip-media/channellive/channel100933/playlist.m3u8
津南一套,http://play.jinnantv.top/live/JNTV1.m3u8?ztianjd=
大立电视台,http://www.dalitv.com.tw:4568/live/dali/index.m3u8
晋江电视台,http://stream.jinjiang.tv/1/sd/live.m3u8?zfud=
普陀电视台,https://l.cztvcloud.com/channels/lantian/SXputuo1/720p.m3u8
绍兴电视台公共,http://live.shaoxing.com.cn/video/s10001-sxtv2/index.m3u8?%E5%85%B3%E6%B3%A8%E5%BE%AE%E4%BF%A1%E5%85%AC%E4%BC%97%E5%8F%B7%5B%E6%99%B4%E5%9B%AD%5D=
营山电视台,http://file.ysxtv.cn/cms/videos/nmip-media/channellive/channel4/playlist.m3u8?zsicd=#http://file.ysxtv.cn/cms/videos/nmip-media/channellive/channel4/playlist.m3u8
通海电视台,https://zb-live.ynurl.com/tonghai/3bfe3a9e-48e6-4c1e-8770-1df66447cc6c.m3u8
RT News（英语国际）,https://rt-glb.rttv.com/dvr/rtnews/playlist_4500Kb.m3u8
亳州农村,http://zbbf2.ahbztv.com/live/418.m3u8
六安公共,http://ls.qingting.fm/live/1794199.m3u8
六安新闻综合,http://ls.qingting.fm/live/267.m3u8
固镇新闻,http://www.guzhenm.com:7001/hls/hd-live.m3u8
安徽导视,http://dspdhls.appcoo.com:8888/live/dspd/index.m3u8
安徽池州九华山风景区九华山,https://gcalic.v.myalicdn.com/gc/jhs05_1/index.m3u8
安徽黟县芦村远眺,https://gcalic.v.myalicdn.com/gc/yxlcyt_1/index.m3u8
安徽黟县西递牌坊,https://gcalic.v.myalicdn.com/gc/yxxdpf_1/index.m3u8
广德生活,https://live.gdtv.ah.cn/live/newsTV.m3u8
广西国际,https://hlscdn.liangtv.cn/live/0234c48e0bc24fe1b41b9999a253e581/1075ee38e04f490690f6a36a16e09c79.m3u8
广西玉林大容山莲花山顶,https://gcalic.v.myalicdn.com/gc/drs01_1/index.m3u8
泰山大观峰,https://gcalic.v.myalicdn.com/gc/taishan03_1/index.m3u8
浙江国际,https://ali-m-l.cztv.com/channels/lantian/channel010/1080p.m3u8
浙江经济生活,http://ali-m-l.cztv.com/channels/lantian/channel03/1080p.m3u8
祁门综合,http://zbbf2.ahbztv.com/live/416.m3u8?zanhd=
邵氏影院,http://www.goodiptv.club/douyu/4246519
铜陵新闻综合,https://ls.qingting.fm/live/21303/64k.m3u8
黄山,https://gcalic.v.myalicdn.com/gc/ahhs01_1/index.m3u8
黄山公共生活,http://hslive.hsnewsnet.com/lsdream/iY92ady/1000/live.m3u8?zanhd=
黄山始信新道,https://gcalic.v.myalicdn.com/gc/hsyg_1/index.m3u8
黄山排云亭,https://gcalic.v.myalicdn.com/gc/hspyt_1/index.m3u8
黄山新闻综合,http://hslive.hsnewsnet.com/lsdream/hve9Wjs/1000/live.m3u8
黄山飞来石,https://gcalic.v.myalicdn.com/gc/hsptgy_1/index.m3u8
山东生活,http://ls.qingting.fm/live/60260.m3u8
泰山主峰,https://gcalic.v.myalicdn.com/gc/taishan01_1/index.m3u8
泰山十八盘,https://gcalic.v.myalicdn.com/gc/taishan05_1/index.m3u8
泰山望人松,https://gcalic.v.myalicdn.com/gc/taishan02_1/index.m3u8
泰山玉皇顶,https://gcalic.v.myalicdn.com/gc/taishan06_1/index.m3u8
泰山碧霞祠,https://gcalic.v.myalicdn.com/gc/hkts03_1/index.m3u8
浙江舟山东极岛,https://gcalic.v.myalicdn.com/gc/djd01_1/index.m3u8
青岛崂山八水河,https://gcalic.v.myalicdn.com/gc/qdls02_1/index.m3u8
青岛崂山双福,https://gcalic.v.myalicdn.com/gc/qdls03_1/index.m3u8
万荣综合,http://60.222.246.220:19433/hls1.m3u8
大宁综合,http://live.daningtv.com/aac_dngb/playlist.m3u8
太谷新闻综合,https://p2.vzan.com/slowlive/596867413819827251/live.m3u8?zbid=1725814272&tpid=1516989100&type=0
定襄综合,http://lbyzztfe.live.sxmty.com/live/hls/645ff4c60e0a49f0a203abbd73dd8be9/0720e665f10f48e98c9639f4f492fb4a-1.m3u8?zshanxd=
汾西综合,https://qmmqvzoz.live.sxmty.com/live/hls/f24f8a390c084386a564074c9260100c/be3fdf07606145739ab2c4b80fe0136a.m3u8?zshanxd=
长子综合,https://www.wxhcgbds.com:8081/channelTv/WXTV_1.m3u8?zshanxd=
东莞新闻综合,https://stream.sun0769.com/dgrtv1/mp4tv1_800/index.m3u8
东莞生活资讯,https://stream.sun0769.com/dgrtv1/mp4tv2_800/index.m3u8
南国都市,http://tencentplay.gztv.com/live/nanguodushi.m3u8?txSecret=%2A%2A%2A&txTime=18d57929bd4
南国都市4K,https://tencentplay.gztv.com/live/nanguodushi.m3u8?txSecret=%2A%2A%2A&txTime=1903e7b17de
广东体育,http://r.jdshipin.com/LiYdg
广东大湾区,http://222.128.55.152:9080/live/dwq.m3u8
广东民生,http://183.11.239.36:808/hls/18/index.m3u8
广东珠江,http://r.jdshipin.com/sE5vO
广州新闻,http://tencentplay.gztv.com/live/xinwen.m3u8?txSecret=%2A%2A%2A&txTime=18d57929bd3
广州竞赛,http://8.138.7.223/tv/gzjs.m3u8
广州综合,https://tencentplay.gztv.com/live/zonghes.m3u8?txSecret=%2A%2A%2A&txTime=18d00acf488
河源公共,http://tmpstream.hyrtv.cn/hygg/sd/live.m3u8
河源综合,http://tmpstream.hyrtv.cn/xwzh/sd/live.m3u8
泰山白云亭悬崖,https://gcalic.v.myalicdn.com/gc/hkts02_1/index.m3u8
龙华卡通,https://cdn8.163189.xyz/live/lhkt/stream.m3u8
龙华戏剧,https://cdn8.163189.xyz/live/lhxj/stream.m3u8
龙华洋片,https://cdn8.163189.xyz/live/lhyp/stream.m3u8
龙华电影,https://cdn8.163189.xyz/live/lhdy/stream.m3u8
龙门飞甲,http://jsmov2.a.yximgs.com/bs3/video-hls/5203346449046555193_hlsb.m3u8
南宁影视娱乐,http://hls.nntv.cn/nnlive/YSYL_244.m3u8
南宁都市生活,http://615bbf179ba53515dccad7b1da5d1ad9.livehwc3.cn/hls.nntv.cn/nnlive/WLSH_24.m3u8?sub_m3u8=true&edge_slice=true&user_session_id=2598844eaee8a4265e706fc14b3fc11d
广西桂林漓江景区,https://gcalic.v.myalicdn.com/gc/gllj01_1/index.m3u8
来宾综合,http://zb.gxlbamc.com:1935/live/lbzh.stream/playlist.m3u8
灌阳新闻综合,https://ls.qingting.fm/live/5043/64k.m3u8
象山综合,http://play-sh13.quklive.com/live/1702360350551252.m3u8?auth_key=%2A%2A%2A
伊犁哈萨克,http://110.153.180.106:55555/out_3/index.m3u8
伊犁经济法制,http://110.153.180.106:55555/out_4/index.m3u8
伊犁维吾尔,http://110.153.180.106:55555/out_2/index.m3u8?zxinjd=
兵团五师双河影,https://liveout.btzx.com.cn/62ds9e/6o77s4.m3u8?zxinjd=
兵团五师双河新闻综合,http://liveout.btzx.com.cn/62ds9e/4nxdih.m3u8?fbl=
可克达拉综合,http://file.loulannews.cn/nmip-media/channellive/channel103824/playlist.m3u8
奎屯哈萨克语,http://218.84.12.186:8002/hls/main/playlist.m3u8?zxinjd=
奎屯汉语,http://218.84.12.186:8001/hls/main/playlist.m3u8?zxinjd=
玛纳斯,http://218.84.127.245:1026/hls/main1/playlist.m3u8?zxinjd=
玛纳斯综合,http://218.84.127.245:1026/hls/main1/playlist.m3u8?zxinjd%2C=
南京教科,http://nklive.nbs.cn/hls/75b3c462-b831-4de7-a34b-5d3221db2069/index.m3u8
南京新闻综合,http://nklive.nbs.cn/hls/d511bc9d-a694-4453-b3a2-4fc842cc97a1/index.m3u8
南京玄武湖公园,https://gcalic.v.myalicdn.com/gc/xwh01_1/index.m3u8
句容党建,http://jrlive.jrntv.com/live/_definst_/dangjians/playlist.m3u8?%E5%85%B3%E6%B3%A8%E5%BE%AE%E4%BF%A1%E5%85%AC%E4%BC%97%E5%8F%B7%5B%E6%99%B4%E5%9B%AD%5D=
句容影院,http://jrlive.jrntv.com/live/_definst_/yingshis/chunklist_w1994429382.m3u8?zjiangsd=
句容生活,http://jrlive.jrntv.com/live/_definst_/shenghuos/playlist.m3u8?%E5%85%B3%E6%B3%A8%E5%BE%AE%E4%BF%A1%E5%85%AC%E4%BC%97%E5%8F%B7%5B%E6%99%B4%E5%9B%AD%5D=
新沂新闻,http://live.xysrmt.cn/xwzh/sd/live.m3u8?zjiangsd%22=
新沂生活,http://live.xysrmt.cn/shpd/sd/live.m3u8?zjiangsd=
武进新闻,https://live.wjyanghu.com/live/CH1.m3u8
武进生活,http://live.wjyanghu.com/live/CH2.m3u8
江苏南京牛首山,https://gcalic.v.myalicdn.com/gc/nss01_1/index.m3u8
浙江钱江都市,http://ali-m-l.cztv.com/channels/lantian/channel002/1080p.m3u8
苏州4K,https://live-auth.51kandianshi.com/szgd/csztv4k_hd.m3u8
苏州文化生活,https://live-auth.51kandianshi.com/szgd/csztv3.m3u8
苏州新闻综合,https://live-auth.51kandianshi.com/szgd/csztv1.m3u8
苏州生活资讯,https://live-auth.51kandianshi.com/szgd/csztv5.m3u8
苏州社会经济,https://live-auth.51kandianshi.com/szgd/csztv2.m3u8
钱江都市,https://ali-m-l.cztv.com/channels/lantian/channel002/1080p.m3u8
镇江二套社会民生,http://zjtv-wshls.homecdn.com/live/2aa16.m3u8
镇江新闻综合,http://cm-wshls.homecdn.com/live/2aa50.m3u8
靖江新闻综合,http://ls.qingting.fm/live/23797.m3u8
辽宁都市,https://ls.qingting.fm/live/1099/64k.m3u8
任丘综合,https://jwcdnqx.hebyun.com.cn/live/rqtv1/1500k/tzwj_video.m3u8
兴隆综合,https://jwcdnqx.hebyun.com.cn/live/xlzh/1500k/tzwj_video.m3u8
平泉综合,https://jwcdnqx.hebyun.com.cn/live/pqzh/1500k/tzwj_video.m3u8
昌黎综合,https://jwcdnqx.hebyun.com.cn/live/clzhpd/1500k/tzwj_video.m3u8
河北4K,https://event.pull.hebtv.com:443/live/live101.m3u8
河北公共,http://1.94.31.214/php/hebei.php?id=hbgg
河北农民,https://jwcdnqx.hebyun.com.cn/live/clzhpd/1500k/tzwj_video.m3u8?zhebd=
河北少儿,http://1.94.31.214/php/hebei.php?id=sekj
河北影视,http://1.94.31.214/php/hebei.php?id=hbys
河北经济,http://1.94.31.214/php/hebei.php?id=jjsh
河北都市,http://1.94.31.214/php/hebei.php?id=hbds
清河经济综艺,https://jwcdnqx.hebyun.com.cn/live/qinghe1/1500k/tzwj_video.m3u8
滦平新闻,http://jwplay.hebyun.com.cn/live/LPTV001/1500k/tzwj_video.m3u8
衡水公共,http://ls.qingting.fm/live/2810.m3u8
西安新闻,http://112.46.105.20:8009/hls/28/index.m3u8
邢台生活,https://jwcdnqx.hebyun.com.cn/live/xtcsshpd/1500k/tzwj_video.m3u8
邢台综合,https://jwplay.hebyun.com.cn:443/live/xtsrmtzs/1500k/tzwj_video.m3u8
邯郸公共频道,https://jwcdnqx.hebyun.com.cn/live/hdgg/1500k/tzwj_video.m3u8
邯郸新闻,https://jwcdnqx.hebyun.com.cn/live/hdxwzh/1500k/tzwj_video.m3u8
邯郸科技教育,https://jwcdnqx.hebyun.com.cn/live/hdkj/1500k/tzwj_video.m3u8
梨园,https://dxtx.hntv.tv/live/lypd.m3u8?txSecret=%2A%2A%2A&txTime=7B923E0A&wsSecret=%2A%2A%2A&wsTime=1769313549
河南民生,http://www.lwfz.fun:8800/rtp/239.16.20.165:11650
河南都市,http://www.lwfz.fun:8800/rtp/239.16.20.164:11640
精灵宝可梦,https://live.ottiptv.cc/huya/23749096
上虞文化影院,http://l.cztvcloud.com/channels/lantian/SXshangyu2/720p.m3u8?zzhed=
上虞新商都,http://l.cztvcloud.com/channels/lantian/SXshangyu3/720p.m3u8?zzhed=
上虞新闻综合,http://l.cztvcloud.com/channels/lantian/SXshangyu1/720p.m3u8?zzhed=
中国蓝新闻,http://ali-m-l.cztv.com/channels/lantian/channel009/1080p.m3u8
义乌新闻综合,https://44911.hlsplay.aodianyun.com/tv_radio_44911/tv_channel_1796.m3u8?auth_key=%2A%2A%2A&extra_key=%2A%2A%2A&ali_ffmpeg_version=mpengine
之江纪录,http://ali-m-l.cztv.com/channels/lantian/channel012/1080p.m3u8
云和新闻综合,http://l.cztvcloud.com/channels/lantian/SXyunhe1/720p.m3u8
余姚姚江文化,http://l.cztvcloud.com/channels/lantian/SXyuyao3/720p.m3u8?zzhed=
余姚新闻综合,http://l.cztvcloud.com/channels/lantian/SXyuyao1/720p.m3u8?zzhed=
余杭未来E,http://l.cztvcloud.com/channels/lantian/SXyuhang3/720p.m3u8
余杭未来E频道,http://l.cztvcloud.com/channels/lantian/SXyuhang3/720p.m3u8?zzhed=
余杭综合,http://l.cztvcloud.com/channels/lantian/SXyuhang1/720p.m3u8
余杭综合频道,http://l.cztvcloud.com/channels/lantian/SXyuhang1/720p.m3u8?zzhed=
兰溪新闻综合,http://l.cztvcloud.com/channels/lantian/SXlanxi1/720p.m3u8?zzhed=
嘉兴新闻综合,http://live.zohi.tv/video/s10001-fztv-1/index.m3u8
嵊州新闻综合,http://l.cztvcloud.com/channels/lantian/SXshengzhou1/720p.m3u8?zzhed=
嵊泗综合,http://l.cztvcloud.com/channels/lantian/SXshengsi1/720p.m3u8
平湖新闻综合,http://l.cztvcloud.com/channels/lantian/SXpinghu1/720p.m3u8?zzhed=
平湖民生休闲,http://l.cztvcloud.com/channels/lantian/SXpinghu2/720p.m3u8?zzhed=
庆元新闻综合,http://l.cztvcloud.com/channels/lantian/SXqingyuan1/720p.m3u8?fbl=
庆元综合,http://l.cztvcloud.com/channels/lantian/SXqingyuan1/720p.m3u8
开化国家公园,http://l.cztvcloud.com/channels/lantian/SXkaihua2/720p.m3u8
开化新闻综合,http://l.cztvcloud.com/channels/lantian/SXkaihua1/720p.m3u8?zzhed=
数码时代,http://ali-m-l.cztv.com/channels/lantian/channel012/1080p.m3u8
文成新闻综合,http://l.cztvcloud.com/channels/lantian/SXwencheng1/720p.m3u8
新昌新闻综合,https://l.cztvcloud.com/channels/lantian/SXxinchang1/720p.m3u8
新昌生活,http://l.cztvcloud.com/channels/lantian/SXxinchang2/720p.m3u8
松阳综合,http://l.cztvcloud.com/channels/lantian/SXsongyang1/720p.m3u8
武义新闻综合,http://l.cztvcloud.com/channels/lantian/SXwuyi1/720p.m3u8?zzhed=
永嘉新闻综合,http://l.cztvcloud.com/channels/lantian/SXyongjia1/720p.m3u8
洞头综合,http://l.cztvcloud.com/channels/lantian/SXdongtou1/720p.m3u8
浙江休闲台,http://ali-m-l.cztv.com/channels/lantian/channel006/720p.m3u8
浙江少儿,https://ali-m-l.cztv.com/channels/lantian/channel008/1080p.m3u8
浙江教科,http://ali-m-l.cztv.com/channels/lantian/channel004/1080p.m3u8
浙江教科影视,https://ali-m-l.cztv.com/channels/lantian/channel004/1080p.m3u8
浙江教科影院,http://ali-m-l.cztv.com/channels/lantian/channel004/1080p.m3u8
浙江教育,http://ali-m-l.cztv.com/channels/lantian/channel04/720p.m3u8
浙江数码时代,http://ali-m-l.cztv.com/channels/lantian/channel12/720p.m3u8
浙江新闻,https://ali-m-l.cztv.com/channels/lantian/channel007/1080p.m3u8
浙江民生,https://ali-m-l.cztv.com/channels/lantian/channel006/1080p.m3u8
浙江民生休闲,http://ali-m-l.cztv.com/channels/lantian/channel006/1080p.m3u8
浙江生活,http://ls.qingting.fm/live/1099.m3u8
浙江留学,http://ali-vl.cztv.com/channels/lantian/channel009/360p.m3u8
浙江经济,http://ali-m-l.cztv.com/channels/lantian/channel03/720p.m3u8
浙江遂昌,http://l.cztvcloud.com/channels/lantian/SXsuichang1/720p.m3u8
浙江钱江,https://ali-m-l.cztv.com/channels/lantian/channel002/1080p.m3u8
浙江钱江频道,http://ali-m-l.cztv.com/channels/lantian/channel02/1080p.m3u8
海宁新闻综合,https://p2hs.vzan.com/slowlive/317913155078575177/live.m3u8
绍兴公共,http://live.shaoxing.com.cn/video/s10001-sxtv2/index.m3u8
缙云新闻综合,http://l.cztvcloud.com/channels/lantian/SXjinyun1/720p.m3u8
缙云综合,http://l.cztvcloud.com/channels/lantian/SXjinyun1/720p.m3u8?zzhed%3F=
苍南新闻综合,https://l.cztvcloud.com/channels/lantian/SXcangnan1/720p.m3u8
萧山新闻综合,http://l.cztvcloud.com/channels/lantian/SXxiaoshan1/720p.m3u8?zzhed=
萧山生活频道,http://l.cztvcloud.com/channels/lantian/SXxiaoshan2/720p.m3u8?zzhed=
萧山综合,http://l.cztvcloud.com/channels/lantian/SXxiaoshan1/720p.m3u8
衢江新闻综合,http://l.cztvcloud.com/channels/lantian/SXqujiang1/720p.m3u8?zzhed=
诸暨新闻综合,https://l.cztvcloud.com/channels/lantian/SXzhuji3/720p.m3u8
象山新闻综合,http://l.cztvcloud.com/channels/lantian/SXxiangshan1/720p.m3u8
遂昌综合,http://l.cztvcloud.com/channels/lantian/SXsuichang1/720p.m3u8?zzhed=
青田电视台,http://l.cztvcloud.com/channels/lantian/SXqingtian1/720p.m3u8
龙泉新闻综合,http://l.cztvcloud.com/channels/lantian/SXlongquan1/720p.m3u8
龙游新闻综合,https://l.cztvcloud.com/channels/lantian/SXlongyou1/720p.m3u8
龙游生活娱乐,https://l.cztvcloud.com/channels/lantian/SXlongyou2/720p.m3u8
天涯石,https://gcalic.v.myalicdn.com/gc/tyhjtys_1/index.m3u8
海南公共,http://nn.7x9d.cn/地方台8563/海南.php?id=ggpd
海南少儿,http://nn.7x9d.cn/地方台8563/海南.php?id=sepd
海南文旅,http://nn.7x9d.cn/地方台8563/海南.php?id=wlpd
海南新闻,http://ls.qingting.fm/live/1861.m3u8
海南自贸,http://nn.7x9d.cn/地方台8563/海南.php?id=jjpd
朝阳新闻综合,http://120.76.248.139/live/bfgd/4200000282.m3u8
武汉一台新闻综合,https://ls.qingting.fm/live/20198/64k.m3u8
江夏新闻综合,http://59.175.226.142:280/gb28181/xwzh.m3u8?zhubd=
泰山南天门,https://gcalic.v.myalicdn.com/gc/hkts07_1/index.m3u8
浙江公共新闻,http://ali-m-l.cztv.com/channels/lantian/channel007/1080p.m3u8
荆门新闻综合,https://stream.jmtv.com.cn/xwzh/playlist.m3u8?_upt=3e28e7271664278691
衡阳新闻综合,https://liveplay-srs.voc.com.cn/hls/tv/183_554704.m3u8
1905电影网,http://8.138.7.223/tv/1905.php?id=LIVE8J4LTCXPI7QJ5
1905电影网（国内）,http://8.138.7.223/tv/1905.php?id=LIVEOYY31H24H48NE
CHC电影,http://183.237.95.108:9901/tsfile/live/1008_1.m3u8?key=%2A%2A%2A&playlive=0&authid=%2A%2A%2A
凤凰资讯,http://43.152.224.209/qctv.fengshows.cn/live/0701pin72.flv
凤凰资讯台,http://php.jdshipin.com/TVOD/iptv.php?id=fhzx
刘德华电影,https://live.metshop.top/huya/11342424
功夫电影,https://live.metshop.top/huya/11352941
古天乐电影,https://live.metshop.top/huya/29982675
周星驰电影,https://live.metshop.top/huya/11342412
强森电影,https://live.metshop.top/huya/21059581
怪兽电影,https://live.metshop.top/huya/21059577
成龙电影,https://live.metshop.top/huya/11342386
战争电影,https://live.metshop.top/huya/21059574
末日电影合集,https://live.ottiptv.cc/yy/1354889019
李连杰电影,https://live.metshop.top/huya/11342390
林正英电影,https://live.metshop.top/huya/11342421
枪战电影,https://live.metshop.top/huya/21059579
武侠电影,https://live.metshop.top/huya/11342427
沈腾电影,https://live.metshop.top/huya/11601968
湖南张家界天门山西线玻璃栈道,https://gcalic.v.myalicdn.com/gc/tms05_1/index.m3u8
湖南张家界宝峰湖,https://gcalic.v.myalicdn.com/gc/zjjbfh_1/index.m3u8
湖南张家界御笔峰,https://gcalic.v.myalicdn.com/gc/zjjybf_1/index.m3u8
湖南张家界水绕四门,https://gcalic.v.myalicdn.com/gc/zjjsrsm_1/index.m3u8
特种兵之火凤凰,https://live.ottiptv.cc/huya/29982636
狄仁杰电影,https://live.metshop.top/huya/30080229
玄幻电影,https://live.metshop.top/huya/11342414
王晶电影,https://live.metshop.top/huya/11602058
甄子丹电影,https://live.metshop.top/huya/11352935
电影丧尸片,http://live.metshop.top/huya/21059578?cdn=alicdn
电影八点档,http://live.metshop.top/huya/880261?cdn=alicdn
电影刘德华,http://live.metshop.top/huya/11342424?cdn=alicdn
电影功夫片,http://live.metshop.top/huya/11352941?cdn=alicdn
电影动作电影,http://live.metshop.top/huya/11602077?cdn=alicdn
电影周星星,http://live.metshop.top/huya/11336587?cdn=alicdn
电影喜剧专场,http://live.metshop.top/huya/11602044?cdn=alicdn
电影嫣然影厅,http://live.metshop.top/huya/11601977?cdn=alicdn
电影战争片,http://live.metshop.top/huya/21059574?cdn=alicdn
电影搞笑喜剧,http://live.metshop.top/huya/11342423?cdn=alicdn
电影梁家辉,http://live.metshop.top/huya/11342429?cdn=alicdn
电影犯罪片,http://live.metshop.top/huya/11352974?cdn=alicdn
电影蜘蛛侠,http://live.metshop.top/huya/21059599?cdn=alicdn
电影谍战,http://live.metshop.top/huya/21059585?cdn=alicdn
电影谍战片,http://live.metshop.top/huya/21059587?cdn=alicdn
电影贺岁,http://live.metshop.top/huya/11601971?cdn=alicdn
电影高分动作,http://live.metshop.top/huya/11352884?cdn=alicdn
经典电影,https://txmov2.a.kwimgs.com/bs3/video-hls/5211790793651941963_hlsb.m3u8
罪犯电影,https://live.metshop.top/huya/11352962
谍战电影,https://live.metshop.top/huya/21059585
贺岁电影,https://live.metshop.top/huya/11601986
长沙新闻综合,http://ls.qingting.fm/live/4877.m3u8
韩国电影1,https://stream.ads.ottera.tv/playlist.m3u8?network_id=595
韩国电影2,https://stream.ads.ottera.tv/playlist.m3u8?network_id=743
黄渤电影,https://live.metshop.top/huya/11352876
嘉峪关综合,http://play.kankanlive.com/live/1720583434627241.m3u8
天祝综合,https://play.kankanlive.com/live/1656487214793905.m3u8
张掖七彩丹霞,https://gcalic.v.myalicdn.com/gc/zyqcdx01_1/index.m3u8
张掖新闻综合,https://play.kankanlive.com/live/1720583434627241.m3u8
永昌综合,https://play.kankanlive.com/live/1652755738635915.m3u8
渭源新闻,http://play.kankanlive.com/live/1720408280309109.m3u8
甘肃经济,https://satellitepull.cnr.cn/live/wxgshhzs/playlist.m3u8
甘肃都市,https://satellitepull.cnr.cn/live/wxgsdstb/playlist.m3u8
白银综合,http://play.kankanlive.com/live/1720408089419110.m3u8
西峰综合,https://play.kankanlive.com/live/1683944827526991.m3u8
三明新闻综合,https://ls.qingting.fm/live/5022100/64k.m3u8
云霄综合,https://live.zzyxxw.com:2443/live/xwzh.m3u8
厦门鼓浪屿,https://gcalic.v.myalicdn.com/gc/gly01_1/index.m3u8
浙江经视,http://ali-m-l.cztv.com/channels/lantian/channel003/720p.m3u8
福州少儿,http://live.zohi.tv/video/s10001-fztv-4/index.m3u8
福州生活,http://live.zohi.tv:80/video/s10001-fztv-3/index.m3u8
福建公共,https://live.264788.xyz/channel/fujianxiangcungonggong?streamid=1cf7fc3a8f6d160c33b43c2f9507a0cc&livekey=01WgOR41rriMmMkzNsd0UoaxJRwetZdxIvtVk
福建新闻,http://satellitepull.cnr.cn/live/wx32fjxwgb/playlist.m3u8
福建旅游,https://live.264788.xyz/channel/fujianlvyou?streamid=fc58882de71ce4575b66002f2475226b&livekey=01WgOR41rriMmMkzNsd0UoaxJRwetZdxIvtVk
福建武夷山玉女峰,https://gcalic.v.myalicdn.com/gc/wysynf_1/index.m3u8
福建漳州醉美沙滩翡翠湾,https://gcalic.v.myalicdn.com/gc/fcw03_1/index.m3u8
福建经济,http://satellitepull.cnr.cn/live/wx32fjdnjjgb/playlist.m3u8
贵州省兴义市万峰林,https://gcalic.v.myalicdn.com/gc/xywfl_1/index.m3u8
乌镇西市河,https://gcalic.v.myalicdn.com/gc/zjwzbblh_1/index.m3u8
六盘山红军长征景区,https://gcalic.v.myalicdn.com/gc/lpsgmjng01_1/index.m3u8
泰山太平岭,https://gcalic.v.myalicdn.com/gc/hkts09_1/index.m3u8
辽宁体育,http://dassby.qqff.top:99/live/辽宁体育/index.m3u8
辽宁公共,http://120.76.248.139/live/bfgd/4200000077.m3u8
辽宁北方,http://120.76.248.139/live/bfgd/4200000071.m3u8
辽宁影视,http://dassby.qqff.top:99/live/辽宁影视剧/index.m3u8
辽宁影视剧,http://120.76.248.139/live/bfgd/4200000070.m3u8
辽宁教育青少,http://120.76.248.139/live/bfgd/4200000075.m3u8
辽宁生活,http://120.76.248.139/live/bfgd/4200000073.m3u8
辽宁经济,http://120.76.248.139/live/bfgd/4200000480.m3u8
辽宁青少,http://dassby.qqff.top:99/live/辽宁教育青少/index.m3u8
江津新闻,http://222.179.155.21:1935/ch1.m3u8?zzhongqd=
璧山综合,http://222.179.42.129:8181/hls1.m3u8
铜梁综合,http://183.64.174.171:40123/ch1.m3u8?zzhongqd=
都市青春,http://112.46.105.20:8009/hls/19/index.m3u8
陕西公共,http://ls.qingting.fm/live/1222.m3u8
陕西新闻咨询,http://112.46.105.20:8009/hls/18/index.m3u8
陕西洋县国宝朱鹮02,https://gcalic.v.myalicdn.com/gc/zh02_1/index.m3u8
陕西秦腔,http://112.46.105.20:8009/hls/22/index.m3u8
陕西都市青春,http://112.46.105.20:8009/hls/19/index.m3u8
陕西银龄,http://112.46.105.20:8009/hls/20/index.m3u8
黄龙,https://gcalic.v.myalicdn.com/gc/hlzycc_1/index.m3u8
西宁新闻综合,https://liveout.xntv.tv/a65jur/96iln2.m3u8?zqinghd=
七台河新闻综合,http://live.qthnews.org.cn:1935/live/live1/800k/tzwj_video.m3u8
哈尔滨娱乐,http://stream.hrbtv.net/ylpd/sd/live.m3u8?zheild=
哈尔滨影视,http://stream.hrbtv.net/yspd/sd/live.m3u8?zheild=
哈尔滨新闻综合,http://stream.hrbtv.net/xwzh/sd/live.m3u8?zheild=
哈尔滨生活,http://stream.hrbtv.net/shpd/sd/live.m3u8?zheild=
哈尔滨资讯,http://stream.hrbtv.net/zxpd/sd/live.m3u8
哈尔滨都市咨询,http://stream.hrbtv.net/zxpd/sd/live.m3u8?zheild=
恒山悬空寺全景,https://gcalic.v.myalicdn.com/gc/hsxksqj_1/index.m3u8
甘南县综合,https://stream.hrbtv.net/zxpd/sd/live.m3u8
西安都市,http://112.46.105.20:8009/hls/29/index.m3u8
黑龙江少儿,https://ls.qingting.fm/live/4972/64k.m3u8
黑龙江新闻,https://ls.qingting.fm/live/4974/64k.m3u8
HOY78,http://cdn.163189.xyz/live/hoy/stream.m3u8
HOY TV,http://php.jdshipin.com/TVOD/iptv.php?id=hoytv
TVBS-Asia,http://38.64.72.148/hls/modn/list/4005/playlist.m3u8
TVBS新闻台,http://61.221.215.25:8800/hls/9/index.m3u8
ViuTV,http://r.jdshipin.com/TcKr2
三立戏剧,http://61.221.215.25:8800/hls/41/index.m3u8
八大戏剧台,http://61.221.215.25:8800/hls/39/index.m3u8
华丽翡翠台,http://r.jdshipin.com/thuYX
华视HD,https://raw.githubusercontent.com/ChiSheng9/iptv/master/TV12.m3u8
台视新闻,http://38.64.72.148/hls/modn/list/4013/chunklist1.m3u8
寰宇新闻台,https://raw.githubusercontent.com/ChiSheng9/iptv/master/TV02.m3u8
民视新闻HD,https://raw.githubusercontent.com/ChiSheng9/iptv/master/TV17.m3u8
纬来精采,http://61.221.215.25:8800/hls/48/index.m3u8
翡翠台4K,http://cdn6.163189.xyz/163189/fct4k
翡翠台北美版,http://php.jdshipin.com:8880/TVOD/iptv.php?id=j1
TVB星河,http://php.jdshipin.com/TVOD/iptv.php?id=xinghe
乌镇全景,https://gcalic.v.myalicdn.com/gc/zjwzblt_1/index.m3u8
乌镇蓝印花布,https://gcalic.v.myalicdn.com/gc/zjwzlyhb_1/index.m3u8
乌镇龙形田,https://gcalic.v.myalicdn.com/gc/zjwzlxt_1/index.m3u8
五彩池,https://gcalic.v.myalicdn.com/gc/hlwcc_1/index.m3u8
八里沟风景区天界山玻璃栈道,https://gcalic.v.myalicdn.com/gc/blg03_1/index.m3u8
八里沟风景区桃花湾瀑布,https://gcalic.v.myalicdn.com/gc/blg05_1/index.m3u8
永夜星河,https://live.ottiptv.cc/huya/23734169
笑傲江湖,https://live.metshop.top/huya/23865142
鸣沙山,https://gcalic.v.myalicdn.com/gc/dhyyqst_1/index.m3u8
TVB娱乐新闻台,http://php.jdshipin.com/TVOD/iptv.php?id=tvbylxw
中视新闻,https://raw.githubusercontent.com/ChiSheng9/iptv/master/TV09.m3u8
新闻咨询,http://112.46.105.20:8009/hls/18/index.m3u8
新闻综合,https://m3u8channel.yunxya.com/nmip-media/channellive/channel100028/playlist.m3u8
澳门体育,http://cdn6.163189.xyz/163189/amty
精品体育,https://epg.pw/stream/f7556eccd4ae06b0c2991fdc7a4f8388496559f728cc82459a8e50346040e226.m3u8
纬来体育,https://epg.pw/stream/4f18dfe0593db5c686eb64ae8edaf2a9202d4d46bdc9bbde2cee27708e12ea01.m3u8
冰冰影剧,http://www.goodiptv.club/douyu/74374
华语影视,http://www.goodiptv.club/douyu/3928
古装武侠,http://www.goodiptv.club/douyu/2793084
斗鱼港剧,http://www.goodiptv.club/douyu/5061550
橙记港剧,http://www.goodiptv.club/douyu/4549169
热门港剧,http://www.goodiptv.club/douyu/5522351
经典剧集,http://www.goodiptv.club/douyu/6863367
中华小当家,https://live.metshop.top/huya/11342413
名侦探柯南,https://live.ottiptv.cc/huya/30080236
哆啦A梦,https://live.ottiptv.cc/huya/11601963
喜羊羊与灰太狼,https://live.ottiptv.cc/huya/23865080
海绵宝宝,https://live.metshop.top/douyu/3949681
灌篮高手,https://live.ottiptv.cc/yy/1382735626
韩国EBS少儿,http://ebsonairios.ebs.co.kr/ebsutablet500k/tablet500k/playlist.m3u8
RT Doc-Русский（俄语纪录）,https://rt-doc.rttv.com/dvr/rtdru/rtdru1080.m3u8
RT Documentary（英语纪录）,https://rt-rtd.rttv.com/dvr/rtdoc/playlist_4500Kb.m3u8
中国村庄,http://newcntv.qcloudcdn.com/asp/hls/4000/0303000a/3/default/93fc12dbf14241c18c23da104fbade23/4000.m3u8
人与自然,http://newcntv.qcloudcdn.com/asp/hls/1200/0303000a/3/default/1425e1d505654cb48ba82b807b221193/1200.m3u8
地理中国,http://newcntv.qcloudcdn.com/asp/hls/1200/0303000a/3/default/c6baf6f74bb944aeacee1065ea72c798/1200.m3u8
航拍中国第二季,http://newcntv.qcloudcdn.com/asp/hls/4000/0303000a/3/default/2bdfdad540b342f592f9817cb7f3b79a/4000.m3u8
飞碟之谜01,https://hls.cntv.lxdns.com/asp/hls/2000/0303000a/3/default/f0a47e155d32450daa1d36a04fd7d262/2000.m3u8
飞碟之谜02,https://newcntv.qcloudcdn.com/asp/hls/2000/0303000a/3/default/d2454bbb542d4613a9db478dab2addfd/2000.m3u8
音乐欣赏,http://61.221.215.25:8800/hls/49/index.m3u8
音乐现场,https://satellitepull.cnr.cn/live/wx32nmgyygb/playlist.m3u8
风云音乐,https://live.264788.xyz/channel/fengyunyinyue?streamid=1b41fb9153cba3ee19bd5d1b323da27e&livekey=01WgOR41rriMmMkzNsd0UoaxJRwetZdxIvtVk
澳门综艺,http://cdn6.163189.xyz/163189/amzy
1987年春晚,https://txmov2.a.kwimgs.com/bs3/video-hls/5195746663405928031_hlsb.m3u8
1988年春晚,https://txmov2.a.kwimgs.com/bs3/video-hls/5216575810935394655_hlsb.m3u8
1989年春晚,https://txmov2.a.kwimgs.com/bs3/video-hls/5194620763762726260_hlsb.m3u8
1993年春晚,https://alimov2.a.kwimgs.com/upic/2023/01/13/22/BMjAyMzAxMTMyMjEwMDNfNDAzMDAxOTlfOTM1MTIzMzYwODJfMF8z_b_B647d10e431b4cc5e48e6c77347d69021.mp4
1994年春晚,https://alimov2.a.kwimgs.com/upic/2023/01/13/22/BMjAyMzAxMTMyMjEwMDNfNDAzMDAxOTlfOTM1MTIzMzYxMjNfMF8z_b_B3dde97f36273f04403d4dc5eec611a35.mp4
1995年春晚,https://alimov2.a.kwimgs.com/upic/2023/01/13/20/BMjAyMzAxMTMyMDA5MjJfNDAzMDAxOTlfOTM0OTkwNDQwNzVfMF8z_b_B811c0dec6b9a3d3074a18522c185010a.mp4
1996年春晚,https://alimov2.a.kwimgs.com/upic/2023/01/13/22/BMjAyMzAxMTMyMjEwMDNfNDAzMDAxOTlfOTM1MTIzMzYxNTJfMF8z_b_Bd841eae10ab1c9955ef55fbedfae6c45.mp4
2000年春晚,https://alimov2.a.kwimgs.com/upic/2023/01/13/21/BMjAyMzAxMTMyMTE4MzRfNDAzMDAxOTlfOTM1MDY4ODIxMTNfMF8z_b_Bdddf4e7ef0ff6cfd477857bb40e78419.mp4
2001年春晚,https://alimov2.a.kwimgs.com/upic/2023/01/13/20/BMjAyMzAxMTMyMDA5MjJfNDAzMDAxOTlfOTM0OTkwNDQyMDFfMF8z_b_B70592cb7c4054e9cabb675e849bbf4bd.mp4
2002年春晚,https://alimov2.a.kwimgs.com/upic/2023/01/13/21/BMjAyMzAxMTMyMTE4MzRfNDAzMDAxOTlfOTM1MDY4ODIxNDdfMF8z_b_Ba6271d10b7e6cfae83759033a091f257.mp4
2003年春晚,https://alimov2.a.kwimgs.com/upic/2023/01/14/23/BMjAyMzAxMTQyMzQxNDdfNDAzMDAxOTlfOTM2MTU0MTk1NDFfMF8z_b_B182749d2cd2ea9323639254af385f24b.mp4
2004年春晚,https://alimov2.a.kwimgs.com/upic/2023/01/13/21/BMjAyMzAxMTMyMTE4MzRfNDAzMDAxOTlfOTM1MDY4ODIxOTVfMF8z_b_B86c4430b82ff5a7f4e8132f6ee558536.mp4
2005年春晚,https://alimov2.a.kwimgs.com/upic/2023/01/13/20/BMjAyMzAxMTMyMDA5MjJfNDAzMDAxOTlfOTM0OTkwNDQyMzhfMF8z_b_B35ad7cc86aec8fc9e5ddfb31fc7bed63.mp4
2006年春晚,https://alimov2.a.kwimgs.com/upic/2023/01/13/20/BMjAyMzAxMTMyMDA5MjJfNDAzMDAxOTlfOTM0OTkwNDQyNzlfMF8z_b_Bbc3703fc331dc994c50859c19aad28ff.mp4
2007年春晚,https://alimov2.a.kwimgs.com/upic/2023/01/13/20/BMjAyMzAxMTMyMDA5MjJfNDAzMDAxOTlfOTM0OTkwNDQzMjNfMF8z_b_B00b069c7899976459ceeaa99353dfefe.mp4
2009年春晚,https://alimov2.a.kwimgs.com/upic/2023/01/13/20/BMjAyMzAxMTMyMDA5MjJfNDAzMDAxOTlfOTM0OTkwNDQzOTBfMF8z_b_B29a36a85e0277f6c2a1f033ef7c10708.mp4
2010年春晚,https://alimov2.a.kwimgs.com/upic/2023/01/13/20/BMjAyMzAxMTMyMDA5MjJfNDAzMDAxOTlfOTM0OTkwNDQ0MjlfMF8z_b_B8818807a00eed329a69fb494f405bd43.mp4
2013年春晚,https://alimov2.a.kwimgs.com/upic/2023/01/13/20/BMjAyMzAxMTMyMDA5MjJfNDAzMDAxOTlfOTM0OTkwNDQ1NjNfMF8z_b_B4fea55408dca4471a68a963ae096be59.mp4
2014年春晚,https://alimov2.a.kwimgs.com/upic/2023/01/06/16/BMjAyMzAxMDYxNjMxMTNfNDAzMDAxOTlfOTI4OTY2ODAzNjlfMF8z_b_Bdee65c77f9e7b2120a185c919dad81d2.mp4
2018年春晚,https://alimov2.a.kwimgs.com/upic/2023/01/06/16/BMjAyMzAxMDYxNjMxMTRfNDAzMDAxOTlfOTI4OTY2ODE2MTBfMF8z_b_B11a778e34390a21de42d407e94f45b91.mp4
2019年春晚,https://alimov2.a.kwimgs.com/upic/2023/01/06/16/BMjAyMzAxMDYxNjMxMTRfNDAzMDAxOTlfOTI4OTY2ODE2MTBfMF8z_b_B11a778e34390a21de42d407e94f45b91.mp4
2024年春晚,https://p2.bdstatic.com/rtmp.liveshow.lss-user.baidubce.com/live/stream_bduid_6488563992_8982723413/merged_1707497046297_88536_25144_41936.m3u8
ABC News Live,https://d4ybyqrhce41r.cloudfront.net/v1/master/3fec3e5cac39a52b2132f9c66c83dae043dc17d4/prod-xumo-linear-nbcu-hlsv3/master.m3u8?ads.channelId=99991626
Arirang,https://amdlive-ch01-ctnd-com.akamaized.net/arirang_1ch/smil:arirang_1ch.smil/chunklist_b3256000_sleng.m3u8
ASTRO AOD,http://cdn9.163189.xyz/smt1.1.php?id=Aodhd
Beautiful Life TV,https://5ddce30eb4b55.streamlock.net/bltvhd/bltv1/playlist.m3u8
Bloomberg Asia,https://epg.pw/stream/d2edf469b9079064a283f4b0811cbf6f2597ebbb3d08dcf77036a4b5a791b7cf.m3u8
CBC News,https://dbrb49pjoymg4.cloudfront.net/v1/master/3fec3e5cac39a52b2132f9c66c83dae043dc17d4/prod_default_xumo-ams-aws/master.m3u8?ads.xumo_channelId=99991276
CH5,https://cdn6.163189.xyz/163189/ch5
CH8,https://cdn6.163189.xyz/163189/ch8
CHU,https://cdn6.163189.xyz/163189/chu
CNA,https://d2e1asnsl7br7b.cloudfront.net/7782e205e72f43aeb4a48ec97f66ebbe/index_5.m3u8
CTi News,https://raw.githubusercontent.com/ChiSheng9/iptv/master/TV28.m3u8
Dali TV,http://www.dalitv.com.tw:4568/live/dali/index.m3u8
DW,https://raw.githubusercontent.com/ChiSheng9/iptv/master/TV08.m3u8
ET Mall 60,https://raw.githubusercontent.com/ChiSheng9/iptv/master/TV18.m3u8
Genius Go Go Go,https://raw.githubusercontent.com/ChiSheng9/iptv/master/TV26.m3u8
Global News,https://raw.githubusercontent.com/ChiSheng9/iptv/master/TV02.m3u8
Good,https://live.streamingfast.net/osmflivech1.m3u8
Good 2,https://live.streamingfast.net/osmflivech2.m3u8
JP1,https://raw.githubusercontent.com/ChiSheng9/iptv/master/TV15.m3u8
KPop,https://raw.githubusercontent.com/ChiSheng9/iptv/master/TV16.m3u8
Momo 1,https://raw.githubusercontent.com/ChiSheng9/iptv/master/TV04.m3u8
Momo 2,https://raw.githubusercontent.com/ChiSheng9/iptv/master/TV05.m3u8
Newsmax,http://nmxlive.akamaized.net/hls/live/529965/Live_1/index.m3u8
NOW NEWS,http://cdn.163189.xyz/163189/now
NU,https://raw.githubusercontent.com/ChiSheng9/iptv/master/TV10.m3u8
NU2,https://raw.githubusercontent.com/ChiSheng9/iptv/master/TV14.m3u8
Pet Club TV,https://cdn-apse1-prod.tsv2.amagi.tv/linear/amg01076-lightningintern-petclub-samsungnz/playlist.m3u8
RT Arabic（阿语）,https://rt-arb.rttv.com/dvr/rtarab/playlist_4500Kb.m3u8
RT Balkan （塞尔维亚语）,https://rt-srb.rttv.com/dvr/rtbalkan/playlist_4500Kb.m3u8
RT DE（德语）,https://rt-ger.rttv.com/dvr/rtdeutsch/playlist_4500Kb.m3u8
RT Español（西语）,https://rt-esp.rttv.com/dvr/rtesp/playlist_4500Kb.m3u8
RT Français（法语）,https://rt-fra.rttv.com/dvr/rtfrance/playlist_4500Kb.m3u8
RTHK31,http://php.jdshipin.com:8880/TVOD/iptv.php?id=rthk31
RTHK32,http://php.jdshipin.com:8880/TVOD/iptv.php?id=rthk32
Supreme Master TV,https://lbs-us1.suprememastertv.com/720p.m3u8
Taiwan Plus TV,https://raw.githubusercontent.com/ChiSheng9/iptv/master/TV78.m3u8
Trace Sports,https://lightning-tracesport-samsungau.amagi.tv/playlist1080p.m3u8
TVB News,http://r.jdshipin.com/CkuBd
TVB Plus,http://r.jdshipin.com/Nr5jq
Wild Earth,https://wildearth-plex.amagi.tv/masterR1080p.m3u8
WionNews,https://d7x8z4yuq42qn.cloudfront.net/index_7.m3u8
七龙珠,https://live.metshop.top/huya/11601966
三国演义,https://live.ottiptv.cc/huya/11602081
与凤行,https://live.ottiptv.cc/huya/26355866
中华特产,http://120.76.248.139/live/bfgd/4200000158.m3u8
中央电视塔东,https://gcalic.v.myalicdn.com/gc/ztd_1/index.m3u8
中央电视塔南,https://gcalic.v.myalicdn.com/gc/ztn_1/index.m3u8
乌龙闯情关,https://live.ottiptv.cc/huya/26355767
乐游频道,http://8.138.7.223/tv/shtv.php?id=ly
亚洲武侠,http://php.jdshipin.com/TVOD/iptv.php?id=yzwx
亮剑,https://live.ottiptv.cc/huya/30080238
仙剑奇侠传,https://live.ottiptv.cc/yy/1382749903
优优宝贝,http://120.76.248.139/live/bfgd/4200000153.m3u8
伪装者,https://live.ottiptv.cc/yy/1354936244
使徒行者,https://live.metshop.top/huya/23734256
信大,https://raw.githubusercontent.com/ChiSheng9/iptv/master/TV07.m3u8
倚天屠龙记,https://live.metshop.top/huya/23734246
倩女幽魂人间道,http://jsmov2.a.yximgs.com/bs3/video-hls/5250634317044855747_hlsb.m3u8
倩女幽魂妖魔道,http://jsmov2.a.yximgs.com/bs3/video-hls/5232901391302199073_hlsb.m3u8
倩女幽魂道道道,http://jsmov2.a.yximgs.com/bs3/video-hls/5216294367991385255_hlsb.m3u8
八度空间,https://cdn6.163189.xyz/163189/8tv
刑事侦缉档案,https://live.metshop.top/huya/29465856
创世纪,https://live.metshop.top/huya/29465852
唐诡之西行,https://live.ottiptv.cc/huya/26355763
四海钓鱼,http://120.76.248.139/live/bfgd/4200000229.m3u8
士兵突击,https://live.ottiptv.cc/huya/11342430
大唐双龙传,https://live.metshop.top/huya/29465850
大时代,https://live.metshop.top/huya/23865161
大秦赋,https://live.ottiptv.cc/huya/23903130
天龙八部,https://live.ottiptv.cc/huya/20985816
如懿传,https://live.ottiptv.cc/huya/29465868
妙手仁心,https://live.metshop.top/huya/29465853
宇宙科幻合集,https://live.metshop.top/huya/11342428
寻秦记,https://live.metshop.top/huya/29465848
封神榜,https://live.metshop.top/huya/29465849
射雕英雄传,https://live.metshop.top/huya/23824164
少年包青天第一部,https://live.ottiptv.cc/huya/11352958
少年包青天第三部,https://live.ottiptv.cc/yy/1382736814
少年包青天第二部,https://live.ottiptv.cc/huya/11342425
庆余年,https://live.ottiptv.cc/huya/11352960
康熙微服私访记,https://live.ottiptv.cc/huya/11342418
康熙王朝,https://live.ottiptv.cc/huya/11352940
延禧攻略,https://live.ottiptv.cc/huya/26355864
快乐垂钓,http://drive.mxmy.net:8888/udp/239.3.1.164:8001
我是特种兵之利刃出鞘,https://live.ottiptv.cc/yy/37999586
扫黄先锋,https://live.metshop.top/huya/29465855
新三国,https://live.ottiptv.cc/huya/11352944
新水浒传,https://live.ottiptv.cc/huya/11342384
新白娘子传奇,https://live.ottiptv.cc/yy/1354490667
新视觉HD,http://120.76.248.139/live/bfgd/4200000249.m3u8
无心法师,https://live.metshop.top/huya/30080233
春晚1983,https://alimov2.a.kwimgs.com/upic/2022/01/31/15/BMjAyMjAxMzExNTU5MTRfNDAzMDAxOTlfNjYyNzMxNjcwMjBfMF8z_b_Beb3bda599f76c60c463c433ca7460153.mp4
春晚1984,https://alimov2.a.kwimgs.com/upic/2022/01/31/15/BMjAyMjAxMzExNTU5NTRfNDAzMDAxOTlfNjYyNzMyMzg3MTRfMF8z_b_B192356dadbc90d207ba16964d4c2914c.mp4
春晚1985,https://alimov2.a.kwimgs.com/upic/2022/01/31/16/BMjAyMjAxMzExNjAwMDFfNDAzMDAxOTlfNjYyNzMyNTAwMzJfMF8z_b_Be73c5abcbc0eeb2ec9fce6842e1362a4.mp4
春晚1986,https://alimov2.a.kwimgs.com/upic/2022/01/31/16/BMjAyMjAxMzExNjAwMDRfNDAzMDAxOTlfNjYyNzMyNTU0OTRfMF8z_b_B24f7d19f1132fa5d7f502f8377ad5567.mp4
春晚1987,https://alimov2.a.kwimgs.com/upic/2022/01/31/16/BMjAyMjAxMzExNjAwMDhfNDAzMDAxOTlfNjYyNzMyNjMyMDNfMF8z_b_B570493ed8f7200d4013a66b2d21b2de9.mp4
春晚1988,https://alimov2.a.kwimgs.com/upic/2022/01/31/16/BMjAyMjAxMzExNjAwMTJfNDAzMDAxOTlfNjYyNzMyNjkxNjBfMF8z_b_B8c835b83a92d25bde81ba22c5cd9521e.mp4
春晚1989,https://alimov2.a.kwimgs.com/upic/2022/01/31/16/BMjAyMjAxMzExNjAwMTVfNDAzMDAxOTlfNjYyNzMyNzQ2OTlfMF8z_b_Be477b27b9ce655d2372df56a5a3d96ef.mp4
春晚1991,https://alimov2.a.kwimgs.com/upic/2022/01/31/16/BMjAyMjAxMzExNjI2MTVfNDAzMDAxOTlfNjYyNzYwNjUxNjVfMF8z_b_B8feb7b85888678d71bf37a259c6850f6.mp4
春晚1993,https://alimov2.a.kwimgs.com/upic/2023/01/13/22/BMjAyMzAxMTMyMjEwMDNfNDAzMDAxOTlfOTM1MTIzMzYwODJfMF8z_b_B647d10e431b4cc5e48e6c77347d69021.mp4
春晚1994,https://alimov2.a.kwimgs.com/upic/2023/01/13/22/BMjAyMzAxMTMyMjEwMDNfNDAzMDAxOTlfOTM1MTIzMzYxMjNfMF8z_b_B3dde97f36273f04403d4dc5eec611a35.mp4
春晚1995,https://alimov2.a.kwimgs.com/upic/2023/01/13/20/BMjAyMzAxMTMyMDA5MjJfNDAzMDAxOTlfOTM0OTkwNDQwNzVfMF8z_b_B811c0dec6b9a3d3074a18522c185010a.mp4
春晚1996,https://alimov2.a.kwimgs.com/upic/2023/01/13/22/BMjAyMzAxMTMyMjEwMDNfNDAzMDAxOTlfOTM1MTIzMzYxNTJfMF8z_b_Bd841eae10ab1c9955ef55fbedfae6c45.mp4
春晚1999,https://alimov2.a.kwimgs.com/upic/2023/01/13/20/BMjAyMzAxMTMyMDA5MjJfNDAzMDAxOTlfOTM0OTkwNDQxNTRfMF8z_b_B0b5e52bc003285ef66ec0cbb2be08556.mp4
春晚2000,https://alimov2.a.kwimgs.com/upic/2023/01/13/21/BMjAyMzAxMTMyMTE4MzRfNDAzMDAxOTlfOTM1MDY4ODIxMTNfMF8z_b_Bdddf4e7ef0ff6cfd477857bb40e78419.mp4
春晚2001,https://alimov2.a.kwimgs.com/upic/2023/01/13/20/BMjAyMzAxMTMyMDA5MjJfNDAzMDAxOTlfOTM0OTkwNDQyMDFfMF8z_b_B70592cb7c4054e9cabb675e849bbf4bd.mp4
春晚2002,https://alimov2.a.kwimgs.com/upic/2023/01/13/21/BMjAyMzAxMTMyMTE4MzRfNDAzMDAxOTlfOTM1MDY4ODIxNDdfMF8z_b_Ba6271d10b7e6cfae83759033a091f257.mp4
春晚2003,https://alimov2.a.kwimgs.com/upic/2023/01/14/23/BMjAyMzAxMTQyMzQxNDdfNDAzMDAxOTlfOTM2MTU0MTk1NDFfMF8z_b_B182749d2cd2ea9323639254af385f24b.mp4
春晚2004,https://alimov2.a.kwimgs.com/upic/2023/01/13/21/BMjAyMzAxMTMyMTE4MzRfNDAzMDAxOTlfOTM1MDY4ODIxOTVfMF8z_b_B86c4430b82ff5a7f4e8132f6ee558536.mp4
春晚2005,https://alimov2.a.kwimgs.com/upic/2023/01/13/20/BMjAyMzAxMTMyMDA5MjJfNDAzMDAxOTlfOTM0OTkwNDQyMzhfMF8z_b_B35ad7cc86aec8fc9e5ddfb31fc7bed63.mp4
春晚2006,https://alimov2.a.kwimgs.com/upic/2023/01/13/20/BMjAyMzAxMTMyMDA5MjJfNDAzMDAxOTlfOTM0OTkwNDQyNzlfMF8z_b_Bbc3703fc331dc994c50859c19aad28ff.mp4
春晚2007,https://alimov2.a.kwimgs.com/upic/2023/01/13/20/BMjAyMzAxMTMyMDA5MjJfNDAzMDAxOTlfOTM0OTkwNDQzMjNfMF8z_b_B00b069c7899976459ceeaa99353dfefe.mp4
春晚2008,https://alimov2.a.kwimgs.com/upic/2023/01/13/20/BMjAyMzAxMTMyMDA5MjJfNDAzMDAxOTlfOTM0OTkwNDQzNTNfMF8z_b_Bd7346962e61bd7b84e11a1fa6e4616f9.mp4
春晚2009,https://alimov2.a.kwimgs.com/upic/2023/01/13/20/BMjAyMzAxMTMyMDA5MjJfNDAzMDAxOTlfOTM0OTkwNDQzOTBfMF8z_b_B29a36a85e0277f6c2a1f033ef7c10708.mp4
春晚2010,https://alimov2.a.kwimgs.com/upic/2023/01/13/20/BMjAyMzAxMTMyMDA5MjJfNDAzMDAxOTlfOTM0OTkwNDQ0MjlfMF8z_b_B8818807a00eed329a69fb494f405bd43.mp4
春晚2011,https://alimov2.a.kwimgs.com/upic/2023/01/16/11/BMjAyMzAxMTYxMTA3MjFfNDAzMDAxOTlfOTM3MjcyMjA3ODhfMF8z_b_B8214200efc869dc6fcf99dad619fa4c1.mp4
春晚2013,https://alimov2.a.kwimgs.com/upic/2023/01/13/20/BMjAyMzAxMTMyMDA5MjJfNDAzMDAxOTlfOTM0OTkwNDQ1NjNfMF8z_b_B4fea55408dca4471a68a963ae096be59.mp4
春晚2014,https://alimov2.a.kwimgs.com/upic/2023/01/06/16/BMjAyMzAxMDYxNjMxMTNfNDAzMDAxOTlfOTI4OTY2ODAzNjlfMF8z_b_Bdee65c77f9e7b2120a185c919dad81d2.mp4
春晚2015,https://alimov2.a.kwimgs.com/upic/2023/01/13/20/BMjAyMzAxMTMyMDA5MjJfNDAzMDAxOTlfOTM0OTkwNDQ2MTZfMF8z_b_B4851f43f5a2bc2871a9b0ec87294a6e7.mp4
春晚2017,https://alimov2.a.kwimgs.com/upic/2023/01/13/20/BMjAyMzAxMTMyMDA5MjJfNDAzMDAxOTlfOTM0OTkwNDQ2NDhfMF8z_b_B6527b0c2ce3dda1d9b3f34edd4fdb9aa.mp4
春晚2018,https://alimov2.a.kwimgs.com/upic/2023/01/06/16/BMjAyMzAxMDYxNjMxMTRfNDAzMDAxOTlfOTI4OTY2ODE2MTBfMF8z_b_B11a778e34390a21de42d407e94f45b91.mp4
春晚2019,https://alimov2.a.kwimgs.com/upic/2023/01/06/16/BMjAyMzAxMDYxNjMxMTRfNDAzMDAxOTlfOTI4OTY2ODE2MTBfMF8z_b_B11a778e34390a21de42d407e94f45b91.mp4
春晚2020,https://alimov2.a.kwimgs.com/upic/2022/01/30/17/BMjAyMjAxMzAxNzA5NDdfNDAzMDAxOTlfNjYxNzQ2MDAyMTFfMF8z_b_B5d51d9564c5670dc66faeba20aa7af3f.mp4
春晚2021,https://alimov2.a.kwimgs.com/upic/2022/01/30/17/BMjAyMjAxMzAxNzE4NTJfNDAzMDAxOTlfNjYxNzUzOTg3NjlfMF8z_b_Be41d9503181d7b0608a839ed401e02c2.mp4
春晚2022,https://alimov2.a.kwimgs.com/upic/2022/02/01/11/BMjAyMjAyMDExMTEwMjNfNDAzMDAxOTlfNjYzNzA4MTk4NzNfMF8z_b_B898cc7ddd0025bf54ddb18ec1f723c84.mp4
春晚2024,https://p2.bdstatic.com/rtmp.liveshow.lss-user.baidubce.com/live/stream_bduid_6488563992_8982723413/merged_1707497046297_88536_25144_41936.m3u8
春晚2025,https://res.cctvnews.cctv.com/video/3005/record/cctv/merge1/133396667284143308839013005/8fbd6180bdef4da19f6155cf6b4652e1-4.m3u8
月牙泉,https://gcalic.v.myalicdn.com/gc/dhyyqsm_1/index.m3u8
望乡台,https://gcalic.v.myalicdn.com/gc/hlwxt_1/index.m3u8
柳舟计,https://live.ottiptv.cc/huya/23860039
梦中的那片海,https://live.ottiptv.cc/huya/26355765
楚汉骄雄,https://live.metshop.top/huya/29465854
欢乐颂,https://live.ottiptv.cc/yy/1382735624
法政先锋,https://live.metshop.top/huya/23863804
洗冤录,https://live.metshop.top/huya/29465851
活佛济公3,https://live.metshop.top/huya/23903123
流水迢迢,https://live.ottiptv.cc/huya/23865036
澳视卫星,https://cdn6.163189.xyz/163189/as
澳视澳门,https://cdn6.163189.xyz/163189/asam
爱情公寓,https://live.ottiptv.cc/huya/11336726
爱情公寓（斗鱼）,https://live.ottiptv.cc/douyu/4105989
父母爱情,https://live.ottiptv.cc/yy/1354926650
狂飙,https://live.ottiptv.cc/yy/1355142167
猫和老鼠,https://live.metshop.top/huya/11352879
玫瑰的故事,https://live.ottiptv.cc/huya/23865142
环球旅游,http://120.76.248.139/live/bfgd/4200000147.m3u8
环球电视,http://utv1.hqtvzb.com:9999/hls/world.m3u8
生态环境,http://120.76.248.139/live/bfgd/4200000149.m3u8
直播中国,https://gcalic.v.myalicdn.com/gc/wgw05_1/index.m3u8?contentid=2820180516001
直播中国精编直播,https://gcalic.v.myalicdn.com/gc/wgw05_1/index.m3u8
知否知否,https://live.ottiptv.cc/yy/21881901
神探狄仁杰第一部,https://live.ottiptv.cc/yy/1354930934
神探狄仁杰第二部,https://live.ottiptv.cc/douyu/12655359
神雕侠侣,https://live.ottiptv.cc/huya/11352964
笑看风云,https://live.metshop.top/huya/29465858
美亚C+,http://ottproxy2.ist.ooo/livehls/MOB-U1-NO/03.m3u8
芈月传,https://live.ottiptv.cc/huya/11352975
茶友频道,http://drive.mxmy.net:8888/udp/239.3.1.165:8001
西游记,https://live.ottiptv.cc/huya/26355861
西游记2,https://live.metshop.top/huya/29465859
西游记后传,https://live.ottiptv.cc/yy/1353392400
西游记续集,https://live.ottiptv.cc/douyu/3113309
谈判专家,https://live.ottiptv.cc/yy/1382735560
车迷频道,http://120.76.248.139/live/bfgd/4200000146.m3u8
重温经典,http://8.138.7.223/tv/cwjd.php
野蛮亲家,https://live.metshop.top/huya/23863796
金庸武侠,https://live.metshop.top/huya/11342435
金枝欲孽,https://live.metshop.top/huya/29465847
鉴证实录,https://live.metshop.top/huya/23903183
铁齿铜牙纪晓岚,https://live.ottiptv.cc/huya/11342396
陀枪师姐,https://live.metshop.top/huya/29465857
陈情令,https://live.ottiptv.cc/huya/29465862
隋唐英雄传,https://live.ottiptv.cc/yy/1352475619
雪乡大石碑,https://gcalic.v.myalicdn.com/gc/mdjxxdsb_1/index.m3u8
雪乡梦幻家园,https://gcalic.v.myalicdn.com/gc/mdjxxmhjyxj_1/index.m3u8
雪豹,https://live.ottiptv.cc/huya/29580970
鬼吹灯之怒晴湘西,https://live.ottiptv.cc/huya/11602075
鬼吹灯之龙岭迷窟,https://live.ottiptv.cc/huya/29465863
黄果树六角亭瀑布,https://gcalic.v.myalicdn.com/gc/hgsspzxdpb_1/index.m3u8
黄花城水长城01,https://gcalic.v.myalicdn.com/gc/wgw01_1/index.m3u8
黄花城水长城03,https://gcalic.v.myalicdn.com/gc/wgw03_1/index.m3u8
CETV1,http://121.19.134.202:808/tsfile/live/1035_1.m3u8?key=%2A%2A%2A&playlive=1&authid=%2A%2A%2A
CETV1,http://120.198.95.220:9901/tsfile/live/1039_1.m3u8?key=%2A%2A%2A&playlive=1&down=1
CETV1,http://49.234.31.101:7033/tsfile/live/1059_1.m3u8?key=%2A%2A%2A&playlive=1&authid=%2A%2A%2A
CETV2,http://121.19.134.202:808/tsfile/live/1038_1.m3u8?key=%2A%2A%2A&playlive=1&authid=%2A%2A%2A
CCTV5测试,http://120.198.95.220:9901/tsfile/live/1074_1.m3u8?key=%2A%2A%2A&playlive=1&down=1
CCTV9测试,http://120.198.95.220:9901/tsfile/live/1075_1.m3u8?key=%2A%2A%2A&playlive=1&down=1
CGTN,http://121.19.134.202:808/tsfile/live/1005_1.m3u8?key=%2A%2A%2A&playlive=1&authid=%2A%2A%2A
北京卫视4K,http://121.19.134.202:808/tsfile/live/0122_1.m3u8?key=%2A%2A%2A&playlive=1&authid=%2A%2A%2A
北京卫视4K,http://121.19.134.147:808/tsfile/live/1005_1.m3u8?key=%2A%2A%2A&playlive=1&authid=%2A%2A%2A
兵团卫视,http://121.19.134.147:808/tsfile/live/0115_1.m3u8?key=%2A%2A%2A&playlive=1&authid=%2A%2A%2A
旅游卫视,http://112.123.243.37:50085/tsfile/live/0138_1.m3u8?key=%2A%2A%2A&playlive=0&authid=%2A%2A%2A
兵团卫视,http://112.123.243.37:50085/tsfile/live/0112_1.m3u8?key=%2A%2A%2A&playlive=0&authid=%2A%2A%2A
厦门卫视,http://112.123.243.37:50085/tsfile/live/0136_1.m3u8?key=%2A%2A%2A&playlive=0&authid=%2A%2A%2A
南方卫视,http://120.198.95.220:9901/tsfile/live/1012_1.m3u8?key=%2A%2A%2A&playlive=1&down=1
少儿卫视,http://120.198.95.220:9901/tsfile/live/1032_1.m3u8?key=%2A%2A%2A&playlive=1&down=1
厦门卫视,http://59.39.89.130:60901/tsfile/live/0125_5.m3u8?key=%2A%2A%2A&playlive=1&authid=%2A%2A%2A
福建东南卫视,http://218.13.170.98:9901/tsfile/live/1015_1.m3u8?key=%2A%2A%2A&playlive=1&authid=%2A%2A%2A
旅游卫视,http://36.136.38.87:9901/tsfile/live/0114_1.m3u8?key=%2A%2A%2A&playlive=1&authid=%2A%2A%2A
兵团卫视,http://59.39.89.130:60901/tsfile/live/0125_9.m3u8?key=%2A%2A%2A&playlive=1&authid=%2A%2A%2A
大湾区卫视,http://36.136.38.87:9901/tsfile/live/1000_1.m3u8?key=%2A%2A%2A&playlive=1&authid=%2A%2A%2A
兵团卫视,http://218.13.170.98:9901/tsfile/live/0115_1.m3u8?key=%2A%2A%2A&playlive=1&authid=%2A%2A%2A
星空卫视,http://49.234.31.101:7033/tsfile/live/1035_1.m3u8?key=%2A%2A%2A&playlive=1&authid=%2A%2A%2A
厦门卫视,http://49.234.31.101:7033/tsfile/live/1076_1.m3u8?key=%2A%2A%2A&playlive=1&authid=%2A%2A%2A
旅游卫视,http://49.234.31.101:7033/tsfile/live/1070_1.m3u8?key=%2A%2A%2A&playlive=1&authid=%2A%2A%2A
电视剧,http://221.13.234.194:9901/tsfile/live/1005_1.m3u8?key=%2A%2A%2A&playlive=1&authid=%2A%2A%2A
电视剧,http://221.13.234.154:9901/tsfile/live/1005_1.m3u8?key=%2A%2A%2A&playlive=1&authid=%2A%2A%2A
唐山影视,http://121.19.134.147:808/tsfile/live/1035_1.m3u8?key=%2A%2A%2A&playlive=1&authid=%2A%2A%2A
河北影视,http://121.19.134.147:808/tsfile/live/1002_1.m3u8?key=%2A%2A%2A&playlive=1&authid=%2A%2A%2A
IPTV热播剧场,http://119.129.172.205:9901/tsfile/live/1008_1.m3u8?key=%2A%2A%2A&playlive=1&authid=%2A%2A%2A
湖南电影,http://124.228.160.112:9901/tsfile/live/1000_1.m3u8?key=%2A%2A%2A&playlive=1&authid=%2A%2A%2A
谍战剧场,http://120.198.95.220:9901/tsfile/live/1041_1.m3u8?key=%2A%2A%2A&playlive=1&down=1
广西影视,http://36.136.38.87:9901/tsfile/live/1007_1.m3u8?key=%2A%2A%2A&playlive=1&authid=%2A%2A%2A
爱电影,http://59.39.89.130:60901/tsfile/live/0125_29.m3u8?key=%2A%2A%2A&playlive=1&authid=%2A%2A%2A
经典电影,http://113.25.252.226:9901/tsfile/live/1004_1.m3u8?key=%2A%2A%2A&playlive=1&authid=%2A%2A%2A
动作影院,http://113.25.252.226:9901/tsfile/live/1002_1.m3u8?key=%2A%2A%2A&playlive=1&authid=%2A%2A%2A
CETV1,http://121.19.134.202:808/tsfile/live/1035_1.m3u8?key=%2A%2A%2A&playlive=1&authid=%2A%2A%2A
CETV1,http://120.198.95.220:9901/tsfile/live/1039_1.m3u8?key=%2A%2A%2A&playlive=1&down=1
CETV1,http://49.234.31.101:7033/tsfile/live/1059_1.m3u8?key=%2A%2A%2A&playlive=1&authid=%2A%2A%2A
CETV2,http://121.19.134.202:808/tsfile/live/1038_1.m3u8?key=%2A%2A%2A&playlive=1&authid=%2A%2A%2A
河北少儿科教,http://121.19.134.147:808/tsfile/live/1003_1.m3u8?key=%2A%2A%2A&playlive=1&authid=%2A%2A%2A
山东教育,http://121.19.134.202:808/tsfile/live/1033_1.m3u8?key=%2A%2A%2A&playlive=1&authid=%2A%2A%2A
河北少儿科教,http://121.19.134.202:808/tsfile/live/1003_1.m3u8?key=%2A%2A%2A&playlive=1&authid=%2A%2A%2A
经济科教,http://120.198.95.220:9901/tsfile/live/1069_1.m3u8?key=%2A%2A%2A&playlive=1&down=1
经济科教,http://120.198.95.220:9901/tsfile/live/1011_1.m3u8?key=%2A%2A%2A&playlive=1&down=1
经济科教,http://218.13.170.98:9901/tsfile/live/0018_1.m3u8?key=%2A%2A%2A&playlive=1&authid=%2A%2A%2A
山东教育,http://49.234.31.101:7033/tsfile/live/1084_1.m3u8?key=%2A%2A%2A&playlive=1&authid=%2A%2A%2A
河北少儿科教,http://121.19.134.147:808/tsfile/live/1003_1.m3u8?key=%2A%2A%2A&playlive=1&authid=%2A%2A%2A
卡酷动画,http://121.19.134.147:808/tsfile/live/1026_1.m3u8?key=%2A%2A%2A&playlive=1&authid=%2A%2A%2A
河北少儿科教,http://121.19.134.202:808/tsfile/live/1003_1.m3u8?key=%2A%2A%2A&playlive=1&authid=%2A%2A%2A
卡酷动画,http://221.13.234.194:9901/tsfile/live/1009_1.m3u8?key=%2A%2A%2A&playlive=1&authid=%2A%2A%2A
卡酷动画,http://221.13.234.154:9901/tsfile/live/1009_1.m3u8?key=%2A%2A%2A&playlive=1&authid=%2A%2A%2A
嘉佳卡通,http://119.129.172.205:9901/tsfile/live/1005_1.m3u8?key=%2A%2A%2A&playlive=1&authid=%2A%2A%2A
广东少儿,http://119.129.172.205:9901/tsfile/live/1004_1.m3u8?key=%2A%2A%2A&playlive=1&authid=%2A%2A%2A
嘉佳卡通,http://120.198.95.220:9901/tsfile/live/1031_1.m3u8?key=%2A%2A%2A&playlive=1&down=1
少儿卫视,http://120.198.95.220:9901/tsfile/live/1032_1.m3u8?key=%2A%2A%2A&playlive=1&down=1
卡酷动画,http://218.13.170.98:9901/tsfile/live/1021_1.m3u8?key=%2A%2A%2A&playlive=1&authid=%2A%2A%2A
深圳少儿,http://120.198.95.220:9901/tsfile/live/1034_1.m3u8?key=%2A%2A%2A&playlive=1&down=1
优漫卡通,http://59.39.89.130:60901/tsfile/live/0125_27.m3u8?key=%2A%2A%2A&playlive=1&authid=%2A%2A%2A
炫动卡通,http://49.234.31.101:7033/tsfile/live/1039_1.m3u8?key=%2A%2A%2A&playlive=1&authid=%2A%2A%2A
嘉佳卡通,http://49.234.31.101:7033/tsfile/live/1036_1.m3u8?key=%2A%2A%2A&playlive=1&authid=%2A%2A%2A
河南戏曲,http://221.13.234.194:9901/tsfile/live/1008_1.m3u8?key=%2A%2A%2A&playlive=1&authid=%2A%2A%2A
河南戏曲,http://221.13.234.154:9901/tsfile/live/1008_1.m3u8?key=%2A%2A%2A&playlive=1&authid=%2A%2A%2A
魅力音乐,http://125.43.244.2:9901/tsfile/live/1000_1.m3u8?key=%2A%2A%2A&playlive=1&authid=%2A%2A%2A
广西综艺,http://36.136.38.87:9901/tsfile/live/1006_1.m3u8?key=%2A%2A%2A&playlive=1&authid=%2A%2A%2A
岭南戏曲,http://49.234.31.101:7033/tsfile/live/1078_1.m3u8?key=%2A%2A%2A&playlive=1&authid=%2A%2A%2A
CCTV5测试,http://120.198.95.220:9901/tsfile/live/1074_1.m3u8?key=%2A%2A%2A&playlive=1&down=1
快乐垂钓,http://121.19.134.147:808/tsfile/live/1036_1.m3u8?key=%2A%2A%2A&playlive=1&authid=%2A%2A%2A
四海垂钓,http://121.19.134.147:808/tsfile/live/1037_1.m3u8?key=%2A%2A%2A&playlive=1&authid=%2A%2A%2A
广东体育,http://119.129.172.205:9901/tsfile/live/1003_1.m3u8?key=%2A%2A%2A&playlive=1&authid=%2A%2A%2A
广东体育,http://120.198.95.220:9901/tsfile/live/1010_1.m3u8?key=%2A%2A%2A&playlive=1&down=1
山东体育,http://123.130.84.106:8154/tsfile/live/1006_1.m3u8?key=%2A%2A%2A&playlive=1&authid=%2A%2A%2A
广东体育,http://120.198.95.220:9901/tsfile/live/1013_1.m3u8?key=%2A%2A%2A&playlive=1&down=1
广东体育,http://218.13.170.98:9901/tsfile/live/0019_1.m3u8?key=%2A%2A%2A&playlive=1&authid=%2A%2A%2A
山东体育,http://222.134.245.16:9901/tsfile/live/1006_1.m3u8?key=%2A%2A%2A&playlive=1&authid=%2A%2A%2A
武术世界,http://1.197.249.21:9901/tsfile/live/1012_1.m3u8?key=%2A%2A%2A&playlive=1&authid=%2A%2A%2A
惠州1,http://120.198.95.220:9901/tsfile/live/1058_1.m3u8?key=%2A%2A%2A&playlive=1&down=1
梅州2,http://120.198.95.220:9901/tsfile/live/1002_1.m3u8?key=%2A%2A%2A&playlive=1&down=1
党建新闻,http://flv4mp4.people.com.cn/videofile7/pvmsvideo/2021/3/10/ShiXinPei_71ec1680d031363446f16a2366abccb9_android_c.mp4
金鹰纪实,http://121.19.134.147:808/tsfile/live/1028_1.m3u8?key=%2A%2A%2A&playlive=1&authid=%2A%2A%2A
涿州新闻,http://121.19.134.147:808/tsfile/live/1010_1.m3u8?key=%2A%2A%2A&playlive=1&authid=%2A%2A%2A
秦皇岛,http://121.19.134.147:808/tsfile/live/1039_1.m3u8?key=%2A%2A%2A&playlive=1&authid=%2A%2A%2A
保定文化娱乐,http://121.19.134.147:808/tsfile/live/1009_1.m3u8?key=%2A%2A%2A&playlive=1&authid=%2A%2A%2A
靓彩河北,http://121.19.134.147:808/tsfile/live/1006_1.m3u8?key=%2A%2A%2A&playlive=1&authid=%2A%2A%2A
金鹰纪实,http://121.19.134.202:808/tsfile/live/1037_1.m3u8?key=%2A%2A%2A&playlive=1&authid=%2A%2A%2A
河北都市,http://121.19.134.202:808/tsfile/live/1001_1.m3u8?key=%2A%2A%2A&playlive=1&authid=%2A%2A%2A
民生,http://221.13.234.194:9901/tsfile/live/1002_1.m3u8?key=%2A%2A%2A&playlive=1&authid=%2A%2A%2A
河南都市,http://125.43.244.2:9901/tsfile/live/1001_1.m3u8?key=%2A%2A%2A&playlive=1&authid=%2A%2A%2A
保定新闻综合,http://121.19.134.202:808/tsfile/live/1007_1.m3u8?key=%2A%2A%2A&playlive=1&authid=%2A%2A%2A
河北三农,http://121.19.134.202:808/tsfile/live/1004_1.m3u8?key=%2A%2A%2A&playlive=1&authid=%2A%2A%2A
河北经济生活,http://121.19.134.202:808/tsfile/live/1000_1.m3u8?key=%2A%2A%2A&playlive=1&authid=%2A%2A%2A
保定生活健康,http://121.19.134.202:808/tsfile/live/1009_1.m3u8?key=%2A%2A%2A&playlive=1&authid=%2A%2A%2A
廊坊新闻,http://121.19.134.147:808/tsfile/live/1038_1.m3u8?key=%2A%2A%2A&playlive=1&authid=%2A%2A%2A
民生,http://221.13.234.154:9901/tsfile/live/1002_1.m3u8?key=%2A%2A%2A&playlive=1&authid=%2A%2A%2A
都市,http://221.13.234.194:9901/tsfile/live/1001_1.m3u8?key=%2A%2A%2A&playlive=1&authid=%2A%2A%2A
公共,http://221.13.234.154:9901/tsfile/live/1007_1.m3u8?key=%2A%2A%2A&playlive=1&authid=%2A%2A%2A
新闻,http://221.13.234.194:9901/tsfile/live/1006_1.m3u8?key=%2A%2A%2A&playlive=1&authid=%2A%2A%2A
河北经济,http://121.19.134.147:808/tsfile/live/1000_1.m3u8?key=%2A%2A%2A&playlive=1&authid=%2A%2A%2A
河南民生,http://125.43.244.2:9901/tsfile/live/1002_1.m3u8?key=%2A%2A%2A&playlive=1&authid=%2A%2A%2A
公共,http://221.13.234.194:9901/tsfile/live/1007_1.m3u8?key=%2A%2A%2A&playlive=1&authid=%2A%2A%2A
保定新闻综合,http://121.19.134.147:808/tsfile/live/1007_1.m3u8?key=%2A%2A%2A&playlive=1&authid=%2A%2A%2A
山东齐鲁,http://123.130.84.106:8154/tsfile/live/1001_1.m3u8?key=%2A%2A%2A&playlive=1&authid=%2A%2A%2A
河北三农,http://121.19.134.147:808/tsfile/live/1004_1.m3u8?key=%2A%2A%2A&playlive=1&authid=%2A%2A%2A
都市,http://221.13.234.154:9901/tsfile/live/1001_1.m3u8?key=%2A%2A%2A&playlive=1&authid=%2A%2A%2A
新闻,http://221.13.234.154:9901/tsfile/live/1006_1.m3u8?key=%2A%2A%2A&playlive=1&authid=%2A%2A%2A
安徽经视,http://112.123.243.37:50085/tsfile/live/1003_1.m3u8?key=%2A%2A%2A&playlive=0&authid=%2A%2A%2A
河南民生,http://1.197.249.21:9901/tsfile/live/1002_1.m3u8?key=%2A%2A%2A&playlive=1&authid=%2A%2A%2A
河南新闻,http://1.197.249.21:9901/tsfile/live/1005_1.m3u8?key=%2A%2A%2A&playlive=1&authid=%2A%2A%2A
河南法制,http://1.197.249.21:9901/tsfile/live/1003_1.m3u8?key=%2A%2A%2A&playlive=1&authid=%2A%2A%2A
广东珠江,http://119.129.172.205:9901/tsfile/live/1000_1.m3u8?key=%2A%2A%2A&playlive=1&authid=%2A%2A%2A
福建东南,http://1.197.249.21:9901/tsfile/live/1018_1.m3u8?key=%2A%2A%2A&playlive=1&authid=%2A%2A%2A
广东新闻,http://119.129.172.205:9901/tsfile/live/1001_1.m3u8?key=%2A%2A%2A&playlive=1&authid=%2A%2A%2A
湖南经视,http://124.228.160.112:9901/tsfile/live/1042_1.m3u8?key=%2A%2A%2A&playlive=1&authid=%2A%2A%2A
女性时尚,http://119.129.172.205:9901/tsfile/live/1010_1.m3u8?key=%2A%2A%2A&playlive=1&authid=%2A%2A%2A
湖南都市,http://124.228.160.112:9901/tsfile/live/1044_1.m3u8?key=%2A%2A%2A&playlive=1&authid=%2A%2A%2A
湖南公共,http://124.228.160.112:9901/tsfile/live/0012_1.m3u8?key=%2A%2A%2A&playlive=1&authid=%2A%2A%2A
广东公共,http://119.129.172.205:9901/tsfile/live/1002_1.m3u8?key=%2A%2A%2A&playlive=1&authid=%2A%2A%2A
河南公共,http://1.197.249.21:9901/tsfile/live/1007_1.m3u8?key=%2A%2A%2A&playlive=1&authid=%2A%2A%2A
深圳宝安,http://120.198.95.220:9901/tsfile/live/1040_1.m3u8?key=%2A%2A%2A&playlive=1&down=1
广东珠江,http://120.198.95.220:9901/tsfile/live/1007_1.m3u8?key=%2A%2A%2A&playlive=1&down=1
南方五,http://120.198.95.220:9901/tsfile/live/1014_1.m3u8?key=%2A%2A%2A&playlive=1&down=1
广东新闻,http://120.198.95.220:9901/tsfile/live/1008_1.m3u8?key=%2A%2A%2A&playlive=1&down=1
天映,http://120.198.95.220:9901/tsfile/live/1043_1.m3u8?key=%2A%2A%2A&playlive=1&down=1
凤凰资讯,http://120.198.95.220:9901/tsfile/live/1037_1.m3u8?key=%2A%2A%2A&playlive=1&down=1
TVB星河,http://120.198.95.220:9901/tsfile/live/1005_1.m3u8?key=%2A%2A%2A&playlive=1&down=1
山歌,http://120.198.95.220:9901/tsfile/live/1003_1.m3u8?key=%2A%2A%2A&playlive=1&down=1
兵团卫,http://120.198.95.220:9901/tsfile/live/1062_1.m3u8?key=%2A%2A%2A&playlive=1&down=1
深圳都市,http://120.198.95.220:9901/tsfile/live/1042_1.m3u8?key=%2A%2A%2A&playlive=1&down=1
五华台,http://120.198.95.220:9901/tsfile/live/1000_1.m3u8?key=%2A%2A%2A&playlive=1&down=1
广东公共,http://120.198.95.220:9901/tsfile/live/1009_1.m3u8?key=%2A%2A%2A&playlive=1&down=1
广东珠江,http://218.13.170.98:9901/tsfile/live/1000_1.m3u8?key=%2A%2A%2A&playlive=1&authid=%2A%2A%2A
广西新闻,http://36.136.38.87:9901/tsfile/live/0006_1.m3u8?key=%2A%2A%2A&playlive=1&authid=%2A%2A%2A
广西都市,http://36.136.38.87:9901/tsfile/live/1001_1.m3u8?key=%2A%2A%2A&playlive=1&authid=%2A%2A%2A
金鹰纪实,http://49.234.31.101:7033/tsfile/live/1060_1.m3u8?key=%2A%2A%2A&playlive=1&authid=%2A%2A%2A
山东齐鲁,http://222.134.245.16:9901/tsfile/live/1001_1.m3u8?key=%2A%2A%2A&playlive=1&authid=%2A%2A%2A
山西公共,http://113.25.252.226:9901/tsfile/live/1045_1.m3u8?key=%2A%2A%2A&playlive=1&authid=%2A%2A%2A
BTV卡酷,http://113.25.252.226:9901/tsfile/live/1000_1.m3u8?key=%2A%2A%2A&playlive=1&authid=%2A%2A%2A
五华台,http://49.234.31.101:7033/tsfile/live/1000_1.m3u8?key=%2A%2A%2A&playlive=1&authid=%2A%2A%2A
2026-09-28_05:31:57,http://example.com/update_time.mp4
CCTV怀旧剧场,https://live.264788.xyz/channel/huaijiujuchang?streamid=7e5d1abdddde08f588234f3f640f75ff&livekey=01WgOR41rriMmMkzNsd0UoaxJRwetZdxIvtVk
CCTV第一剧场,https://live.264788.xyz/channel/diyijuchang?streamid=e9b0fb1ca135a4aeae12944494883794&livekey=01WgOR41rriMmMkzNsd0UoaxJRwetZdxIvtVk
CCTV第一剧场,https://live.264788.xyz/channel/diyijuchang?streamid=d81e188b59ece96b7e8f1ce34aea3ef8&livekey=01WgOR41rriMmMkzNsd0UoaxJRwetZdxIvtVk
CGTN,http://english-livetx.cgtn.com/hls/yypdyyctzb_hd.m3u8
CGTN,https://0472.org/hls/cgtn.m3u8
CGTN法语,http://espanol-liveali.cgtn.com/hls/LSveOGBaBw41Ea7ukkVAUdKQ220802LSTexu6xAuFH8VZNBLE1ZNEa220802cd.m3u8
CGTN西语,https://0472.org/hls/cgtnx.m3u8
CGTN阿语,https://0472.org/hls/cgtna.m3u8
CCTV文化精品,https://live.264788.xyz/channel/yangshiwenhuajingpin?streamid=bc185d1ef1e528922e83efd845006277&livekey=01WgOR41rriMmMkzNsd0UoaxJRwetZdxIvtVk
中国交通,http://drive.mxmy.net:8888/udp/239.3.1.188:8001
兵器科技,https://live.264788.xyz/channel/bingqikeji?streamid=530cb4e58bbc48b7fc26f5e0a2e47966&livekey=01WgOR41rriMmMkzNsd0UoaxJRwetZdxIvtVk
兵器科技,https://live.264788.xyz/channel/bingqikeji?streamid=6fc55a0966bdad1e1cdf39a4d37dd776&livekey=01WgOR41rriMmMkzNsd0UoaxJRwetZdxIvtVk
熊猫直播,https://gcwbndali.v.myalicdn.com/gcwbnd/ipanda1000_2/index.m3u8
风云剧场,https://live.264788.xyz/channel/fengyunjuchang?streamid=31e7b5b7032d25dd215a4069cdee1a48&livekey=01WgOR41rriMmMkzNsd0UoaxJRwetZdxIvtVk
支持作者,https://vd2.bdstatic.com/mda-sctj0f96cn79js4n/1080p/cae_h264/1774710384405617311/mda-sctj0f96cn79js4n.mp4
延边卫视,https://srs.iyb983.cn:443/video/CYS/index.m3u8
延边卫视,http://l.cztvcloud.com/channels/lantian/SXxinchang2/720p.m3u8
延边卫视,https://srs.iyb983.cn/video/CYS/index.m3u8
安多卫视,https://liveout.xntv.tv/a65jur/96iln2.m3u8
大湾区卫视,http://222.128.55.152:9080/live/dwq.m3u8
山东教育,https://test1.live.sdetv.com.cn/live/dianshizhibo/playlist.m3u8
人间卫视,https://5ddce30eb4b55.streamlock.net/bltvhd/bltv1/chunklist_w511254805.m3u8
人间卫视,http://61.216.67.119:1935/bltvhd/bltv1/chunklist_w1266569526.m3u
东方卫视4K,https://bp-resource-dfl.bestv.cn/148/3/video.m3u8
福建海峡卫视,http://38.64.72.148:80/hls/modn/list/4009/playlist.m3u8
福建海峡卫视,http://38.64.72.148:80/hls/modn/list/4009/chunklist0.m3u8
福建海峡卫视,http://38.64.72.148/hls/modn/list/4009/playlist.m3u8
苏州4K,https://tylive.kan0512.com/norecord/csztv4k_4k.m3u8
CHC电影,http://183.237.95.108:9901/tsfile/live/1008_1.m3u8?key=%2A%2A%2A&playlive=0&authid=%2A%2A%2A
东阳影视生活,http://l.cztvcloud.com/channels/lantian/SXdongyang1/720p.m3u8
人在囧途,https://vip.ffzy-play.com/20221018/1953_2d6ba500/index.m3u8
人在囧途之泰囧,https://vip.ffzy-play.com/20221018/1951_47e1adc8/index.m3u8
人在囧途之港囧,https://vip.ffzy-play7.com/20230112/11082_fde1a94d/index.m3u8
倚天屠龙记,https://live.metshop.top/huya/23734246
倩女幽魂人间道,http://jsmov2.a.yximgs.com/bs3/video-hls/5250634317044855747_hlsb.m3u8
倩女幽魂妖魔道,http://jsmov2.a.yximgs.com/bs3/video-hls/5232901391302199073_hlsb.m3u8
倩女幽魂道道道,http://jsmov2.a.yximgs.com/bs3/video-hls/5216294367991385255_hlsb.m3u8
刑事侦缉档案,https://live.metshop.top/huya/29465856
刘德华电影,https://live.metshop.top/huya/11342424
创世纪,https://live.metshop.top/huya/29465852
功夫电影,https://live.metshop.top/huya/11352941
南宁影视娱乐,http://hls.nntv.cn/nnlive/YSYL_244.m3u8
古天乐电影,https://live.metshop.top/huya/29982675
周星驰电影,https://live.metshop.top/huya/11342412
哈尔滨影视,http://stream.hrbtv.net/yspd/sd/live.m3u8?zheild=
大唐双龙传,https://live.metshop.top/huya/29465850
大时代,https://live.metshop.top/huya/23865161
妙手仁心,https://live.metshop.top/huya/29465853
宇宙科幻合集,https://live.metshop.top/huya/11342428
寒战,https://vip.ffzy-play6.com/20221019/157_bf0740ee/index.m3u8
寻秦记,https://live.metshop.top/huya/29465848
封神榜,https://live.metshop.top/huya/29465849
射雕英雄传,https://live.metshop.top/huya/23824164
强森电影,https://live.metshop.top/huya/21059581
怪兽电影,https://live.metshop.top/huya/21059577
成龙电影,https://live.metshop.top/huya/11342386
我不是药神,https://vip.ffzy-play1.com/20221018/478_c3afed66/index.m3u8
战争电影,https://live.metshop.top/huya/21059574
扫黄先锋,https://live.metshop.top/huya/29465855
拆弹专家1,https://vip.ffzy-online.com/20221015/719_80ff87c2/index.m3u8
拆弹专家2,https://vip.ffzy-online.com/20221015/722_e32c42bc/index.m3u8
无心法师,https://live.metshop.top/huya/30080233
李连杰电影,https://live.metshop.top/huya/11342390
林正英电影,https://live.metshop.top/huya/11342421
枪战电影,https://live.metshop.top/huya/21059579
楚汉骄雄,https://live.metshop.top/huya/29465854
武侠电影,https://live.metshop.top/huya/11342427
沈腾电影,https://live.metshop.top/huya/11601968
法政先锋,https://live.metshop.top/huya/23863804
洗冤录,https://live.metshop.top/huya/29465851
活佛济公3,https://live.metshop.top/huya/23903123
浙江教科影视,https://ali-m-l.cztv.com/channels/lantian/channel004/1080p.m3u8
浙江教科影视,http://ali-vl.cztv.com/channels/lantian/channel004/360p.m3u8
浙江教科影视,http://ali-m-l.cztv.com/channels/lantian/channel04/1080p.m3u8
狄仁杰电影,https://live.metshop.top/huya/30080229
玄幻电影,https://live.metshop.top/huya/11342414
王晶电影,https://live.metshop.top/huya/11602058
甄子丹电影,https://live.metshop.top/huya/11352935
电影丧尸片,http://live.metshop.top/huya/21059578?cdn=alicdn
电影八点档,http://live.metshop.top/huya/880261?cdn=alicdn
电影刘德华,http://live.metshop.top/huya/11342424?cdn=alicdn
电影功夫片,http://live.metshop.top/huya/11352941?cdn=alicdn
电影动作电影,http://live.metshop.top/huya/11602077?cdn=alicdn
电影周星星,http://live.metshop.top/huya/11336587?cdn=alicdn
电影喜剧专场,http://live.metshop.top/huya/11602044?cdn=alicdn
电影嫣然影厅,http://live.metshop.top/huya/11601977?cdn=alicdn
电影战争片,http://live.metshop.top/huya/21059574?cdn=alicdn
电影搞笑喜剧,http://live.metshop.top/huya/11342423?cdn=alicdn
电影梁家辉,http://live.metshop.top/huya/11342429?cdn=alicdn
电影犯罪片,http://live.metshop.top/huya/11352974?cdn=alicdn
电影蜘蛛侠,http://live.metshop.top/huya/21059599?cdn=alicdn
电影谍战,http://live.metshop.top/huya/21059585?cdn=alicdn
电影谍战片,http://live.metshop.top/huya/21059587?cdn=alicdn
电影贺岁,http://live.metshop.top/huya/11601971?cdn=alicdn
电影高分动作,http://live.metshop.top/huya/11352884?cdn=alicdn
笑傲江湖,https://live.metshop.top/huya/23865142
经典电影,https://txmov2.a.kwimgs.com/bs3/video-hls/5211790793651941963_hlsb.m3u8
罪犯电影,https://live.metshop.top/huya/11352962
西游记2,https://live.metshop.top/huya/29465859
让子弹飞,https://vip.ffzy-play7.com/20230116/11563_b9f44814/index.m3u8
谍战电影,https://live.metshop.top/huya/21059585
贺岁电影,https://live.metshop.top/huya/11601986
野蛮亲家,https://live.metshop.top/huya/23863796
金庸武侠,https://live.metshop.top/huya/11342435
金枝欲孽,https://live.metshop.top/huya/29465847
鉴证实录,https://live.metshop.top/huya/23903183
陀枪师姐,https://live.metshop.top/huya/29465857
韩国电影1,https://stream.ads.ottera.tv/playlist.m3u8?network_id=595
韩国电影2,https://stream.ads.ottera.tv/playlist.m3u8?network_id=743
黄渤电影,https://live.metshop.top/huya/11352876
龙门飞甲,http://jsmov2.a.yximgs.com/bs3/video-hls/5203346449046555193_hlsb.m3u8
南国都市,https://tencentplay.gztv.com/live/nanguodushi.m3u8?txSecret=%2A%2A%2A&txTime=1903e7b17de
四川科教,http://182.150.115.21:8030/pcgacg/pcgacg_0.m3u8
浙江少儿,https://ali-m-l.cztv.com/channels/lantian/channel008/1080p.m3u8
浙江少儿,https://ali-m-l.cztv.com/channels/lantian/channel008/1080p.m3u8
浙江少儿,http://ali-m-l.cztv.com/channels/lantian/channel008/1080p.m3u8
浙江少儿,http://ali-vl.cztv.com/channels/lantian/channel008/360p.m3u8
七龙珠,https://live.metshop.top/huya/11601966
中华小当家,https://live.metshop.top/huya/11342413
海绵宝宝,https://live.metshop.top/douyu/3949681
猫和老鼠,https://live.metshop.top/huya/11352879
福州少儿,http://live.zohi.tv/video/s10001-fztv-4/index.m3u8
韩国EBS少儿,http://ebsonairios.ebs.co.kr/ebsutablet500k/tablet500k/playlist.m3u8
黑龙江少儿,https://ls.qingting.fm/live/4972/64k.m3u8
快乐垂钓,http://drive.mxmy.net:8888/udp/239.3.1.164:8001
七台河新闻综合,http://live.qthnews.org.cn:1935/live/live1/800k/tzwj_video.m3u8
万州三峡移民,http://123.146.162.24:8017/c2F0hmi/1000/live.m3u8
万荣综合,http://60.222.246.220:19433/hls1.m3u8
三明新闻综合,https://ls.qingting.fm/live/5022100/64k.m3u8
三明新闻综合,http://ls.qingting.fm/live/4885.m3u8
上海第一财经,https://satellitepull.cnr.cn/live/wx32dycjgb/playlist.m3u8
上虞文化影院,http://l.cztvcloud.com/channels/lantian/SXshangyu2/720p.m3u8
上虞新商都,http://l.cztvcloud.com/channels/lantian/SXshangyu3/720p.m3u8
上虞新闻综合,http://l.cztvcloud.com/channels/lantian/SXshangyu1/720p.m3u8?zzhed=
东丰综合,http://stream3.jlntv.cn:80/aac_dfgb/playlist.m3u8
东莞新闻综合,https://stream.sun0769.com/dgrtv1/mp4tv1_800/index.m3u8
东莞生活资讯,https://stream.sun0769.com/dgrtv1/mp4tv2_800/index.m3u8
中国蓝新闻,http://ali-m-l.cztv.com/channels/lantian/channel009/1080p.m3u8
乐至综合,http://175.155.106.72:89/live1/live1.m3u8?zsicd=
九台综合,http://stream10.jlntv.cn/jiutaitv/sd/live.m3u8
云南娱乐,https://hwapi.yntv.net/62hdvf/q9vs1b.m3u8
云南都市,https://hwapi.yntv.net/62hdvf/rjwt14.m3u8
云和新闻综合,http://l.cztvcloud.com/channels/lantian/SXyunhe1/720p.m3u8
云和新闻综合,http://l.cztvcloud.com/channels/lantian/SXyunhe1/720p.m3u8?zzhed=
云霄综合,https://live.zzyxxw.com:2443/live/xwzh.m3u8
云霄综合,http://live.zzyxxw.com:85/live/xwzh.m3u8
云霄综合,http://live.zzyxxw.com:85/live/xwzh.m3u8?fujian%2C=
云霄综合,http://live.zzyxxw.com:85/live/xwzh.m3u8?fujian=
井研综合,http://tvfile.jyrmt.cn/nmip-media/channellive/channel104452/playlist.m3u8
亳州农村,http://zbbf2.ahbztv.com/live/418.m3u8
亳州农村,http://zbbf2.ahbztv.com/live/418.m3u8?zanhd=
仁寿综合,https://play.scrstv.com.cn/DT/live.m3u8?auth_key=%2A%2A%2A
任丘综合,https://jwcdnqx.hebyun.com.cn/live/rqtv1/1500k/tzwj_video.m3u8
伊犁哈萨克,http://110.153.180.106:55555/out_3/index.m3u8
伊犁哈萨克,http://110.153.180.106:55555/out_3/index.m3u8?zxinjd=
伊犁经济法制,http://110.153.180.106:55555/out_4/index.m3u8
伊犁维吾尔,http://110.153.180.106:55555/out_2/index.m3u8
余姚姚江文化,https://l.cztvcloud.com/channels/lantian/SXyuyao3/720p.m3u8
余姚姚江文化,http://l.cztvcloud.com/channels/lantian/SXyuyao3/720p.m3u8?zzhed=
余姚新闻综合,http://l.cztvcloud.com/channels/lantian/SXyuyao1/720p.m3u8
余姚新闻综合,http://l.cztvcloud.com/channels/lantian/SXyuyao1/720p.m3u8?cWlkPSZzPTg3OWMwYmMyZDMzYTFhZGY3NDQxMjgyYTg1MmUzNTY0JmVzPTE3MDY2Nzc4NzMmdXVpZD0yMjdiY2MzNGNiNGY0MThlYjRiY2IxYzcwNmZjODNkMS02NzQ3NDY2NyZ2PTImYXM9MCZjZG5leF9pZD10eF9waG9uZV9saXZl=
余姚综合,https://l.cztvcloud.com/channels/lantian/SXyuyao1/720p.m3u8
余姚综合,http://l.cztvcloud.com/channels/lantian/SXyuyao1/720p.m3u8?zzhed=
余姚综合,http://l.cztvcloud.com/channels/lantian/SXyuyao1/720p.m3u8
余杭未来E,http://l.cztvcloud.com/channels/lantian/SXyuhang3/720p.m3u8
余杭未来E,http://l.cztvcloud.com/channels/lantian/SXyuhang3/720p.m3u8?zzhed=
余杭综合,http://l.cztvcloud.com/channels/lantian/SXyuhang1/720p.m3u8
余杭综合,http://l.cztvcloud.com/channels/lantian/SXyuhang1/720p.m3u8?zzhed=
六安公共,http://ls.qingting.fm/live/1794199.m3u8
六安新闻综合,http://ls.qingting.fm/live/267.m3u8
兰溪新闻综合,http://l.cztvcloud.com/channels/lantian/SXlanxi1/720p.m3u8
兴隆综合,https://jwcdnqx.hebyun.com.cn/live/xlzh/1500k/tzwj_video.m3u8
兵团五师双河新闻综合,http://liveout.btzx.com.cn/62ds9e/4nxdih.m3u8?fbl=
兵团八师石河子新闻综合,http://124.88.144.73:1935/live/xwzh/playlist.m3u8?zxinjd=
剑阁综合,https://m3u8.channel.dzsm.com/nmip-media/channellive/channel105549/playlist.m3u8
北京新闻,https://satellitepull.cnr.cn/live/wxbjxwgb/playlist.m3u8
南京教科,http://nklive.nbs.cn/hls/75b3c462-b831-4de7-a34b-5d3221db2069/index.m3u8
南京新闻综合,http://nklive.nbs.cn/hls/d511bc9d-a694-4453-b3a2-4fc842cc97a1/index.m3u8
南国都市,http://tencentplay.gztv.com/live/nanguodushi.m3u8?txSecret=%2A%2A%2A&txTime=18d57929bd4
南宁都市生活,http://615bbf179ba53515dccad7b1da5d1ad9.livehwc3.cn/hls.nntv.cn/nnlive/WLSH_24.m3u8?sub_m3u8=true&edge_slice=true&user_session_id=2598844eaee8a4265e706fc14b3fc11d
双辽综合,http://stream3.jlntv.cn:80/aac_slgb/playlist.m3u8
古县综合,https://l2fpdktp.live.sxmty.com/live/hls/e4c3b363cc4549788e2d983f403e07db/d99ce1eb686e41b9afc888110bd95aa7.m3u8?zshanxd=
句容党建,http://jrlive.jrntv.com/live/_definst_/dangjians/playlist.m3u8?%E5%85%B3%E6%B3%A8%E5%BE%AE%E4%BF%A1%E5%85%AC%E4%BC%97%E5%8F%B7%5B%E6%99%B4%E5%9B%AD%5D=
句容影院,http://jrlive.jrntv.com/live/_definst_/yingshis/chunklist_w1994429382.m3u8?zjiangsd=
句容生活,http://jrlive.jrntv.com/live/_definst_/shenghuos/playlist.m3u8?%E5%85%B3%E6%B3%A8%E5%BE%AE%E4%BF%A1%E5%85%AC%E4%BC%97%E5%8F%B7%5B%E6%99%B4%E5%9B%AD%5D=
可克达拉综合,http://file.loulannews.cn/nmip-media/channellive/channel103824/playlist.m3u8
吉林乡村,https://satellitepull.cnr.cn/live/wxjlxcgb/playlist.m3u8
名山综合,https://m3u8channel-bx.yunxya.com/nmip-media/channellive/channel104666/playlist.m3u8
哈尔滨娱乐,https://stream.hrbtv.net/ylpd/sd/live.m3u8
哈尔滨娱乐,http://stream.hrbtv.net/ylpd/sd/live.m3u8?zheild=
哈尔滨新闻综合,http://stream.hrbtv.net/xwzh/sd/live.m3u8?zheild=
哈尔滨生活,http://stream.hrbtv.net/shpd/sd/live.m3u8?zheild=
哈尔滨资讯,http://stream.hrbtv.net/zxpd/sd/live.m3u8
哈尔滨都市咨询,http://stream.hrbtv.net/zxpd/sd/live.m3u8?zheild=
嘉兴新闻综合,http://live.zohi.tv/video/s10001-fztv-1/index.m3u8
嘉兴新闻综合,http://tvfile.jyrmt.cn:80/nmip-media/channellive/channel104452/playlist.m3u8
嘉峪关综合,http://play.kankanlive.com/live/1720583434627241.m3u8
固镇新闻,http://www.guzhenm.com:7001/hls/hd-live.m3u8
固镇新闻,http://www.guzhenm.com:7001/hls/hd-live.m3u8?%E5%85%B3%E6%B3%A8%E5%BE%AE%E4%BF%A1%E5%85%AC%E4%BC%97%E5%8F%B7%5B%E6%99%B4%E5%9B%AD%5D=
大宁综合,http://live.daningtv.com/aac_dngb/playlist.m3u8
天祝综合,https://play.kankanlive.com/live/1656487214793905.m3u8
太谷新闻综合,https://p2.vzan.com/slowlive/596867413819827251/live.m3u8?zbid=1725814272&tpid=1516989100&type=0
太谷新闻综合,https://p2.vzan.com/slowlive/596867413819827251/live.m3u8?zbid=1725814272&amp%3Bamp%3Btpid=1516989100&amp%3Bamp%3Btype=0
夹江新闻综合,http://tvfile.jjrm.org.cn/nmip-media/channellive/channel106282/playlist.m3u8?zsicd=
奎屯哈萨克语,http://218.84.12.186:8002/hls/main/playlist.m3u8?zxinjd=
安徽导视,http://dspdhls.appcoo.com:8888/live/dspd/index.m3u8
定襄综合,http://lbyzztfe.live.sxmty.com/live/hls/645ff4c60e0a49f0a203abbd73dd8be9/0720e665f10f48e98c9639f4f492fb4a-1.m3u8?zshanxd=
山东生活,http://ls.qingting.fm/live/60260.m3u8
嵊州新闻综合,http://l.cztvcloud.com/channels/lantian/SXshengzhou1/720p.m3u8?zzhed=#http://l.cztvcloud.com/channels/lantian/SXshengzhou1/720p.m3u8
嵊泗综合,http://l.cztvcloud.com/channels/lantian/SXshengsi1/720p.m3u8
嵊泗综合,http://l.cztvcloud.com/channels/lantian/SXshengzhou1/720p.m3u8?zzhed=
常熟民生,http://3gvod.zjgonline.com.cn:1935/live/_definst_/shehuishenghuo_app/chunklist.m3u8
平泉综合,https://jwcdnqx.hebyun.com.cn/live/pqzh/1500k/tzwj_video.m3u8
平湖新闻综合,http://l.cztvcloud.com/channels/lantian/SXpinghu1/720p.m3u8?zzhed=
平湖民生休闲,http://l.cztvcloud.com/channels/lantian/SXpinghu2/720p.m3u8
平湖民生休闲,http://l.cztvcloud.com/channels/lantian/SXpinghu2/720p.m3u8?zzhed=
平遥新闻综合,https://tntgjhjb.live.sxmty.com/live/hls/3a4585ac11ec4e1bb07b419101b370c3/baf63e2b313440c2a25d7859f9b73b05-1.m3u8?zshanxd=
广东民生,http://183.11.239.36:808/hls/18/index.m3u8
广元公共,https://m3u8.channel.dzsm.com/nmip-media/channellive/channel101257/playlist.m3u8
广元综合,https://m3u8.channel.dzsm.com/nmip-media/channellive/channel100999/playlist.m3u8
广安公共,http://live1.gatv.com.cn:85/live/GGPD_ggpdzm.m3u8
广安公共,http://live1.gatv.com.cn:85/live/GGPD.m3u8
广安公共,http://live1.gatv.com.cn:85/live/GGPD_ggpdzm.m3u8?zsicd=
广州新闻,http://tencentplay.gztv.com/live/xinwen.m3u8?txSecret=%2A%2A%2A&txTime=18d57929bd3
广州综合,https://tencentplay.gztv.com/live/zonghes.m3u8?txSecret=%2A%2A%2A&txTime=18d00acf488
广州综合,https://tencentplay.gztv.com/live/zonghes.m3u8?txSecret=%2A%2A%2A&txTime=18d00acf487
广州综合,http://tencentplay.gztv.com/live/zonghes.m3u8?txSecret=%2A%2A%2A&txTime=18d3c4690e8
广德生活,https://live.gdtv.ah.cn/live/newsTV.m3u8
广西国际,https://hlscdn.liangtv.cn/live/0234c48e0bc24fe1b41b9999a253e581/1075ee38e04f490690f6a36a16e09c79.m3u8
庆元新闻综合,http://l.cztvcloud.com/channels/lantian/SXqingyuan1/720p.m3u8?fbl=
庆元综合,http://l.cztvcloud.com/channels/lantian/SXqingyuan1/720p.m3u8
庆元综合,http://l.cztvcloud.com/channels/lantian/SXqingyuan1/720p.m3u8?zzhed%3F=
延边2,http://stream5.jlntv.cn/wq/playlist.m3u8
开化国家公园,http://l.cztvcloud.com/channels/lantian/SXkaihua2/720p.m3u8
开化国家公园,http://l.cztvcloud.com/channels/lantian/SXkaihua2/720p.m3u8?zzhed=#http://l.cztvcloud.com/channels/lantian/SXkaihua2/720p.m3u8zzhed#http://l.cztvcloud.com/channels/lantian/SXkaihua2/720p.m3u8
开化国家公园,http://l.cztvcloud.com/channels/lantian/SXkaihua2/720p.m3u8?zzhed=
开化国家公园,http://l.cztvcloud.com/channels/lantian/SXkaihua2/720p.m3u8zzhed
开化新闻综合,http://l.cztvcloud.com/channels/lantian/SXkaihua1/720p.m3u8?zzhed=
张掖新闻综合,https://play.kankanlive.com/live/1720583434627241.m3u8
德惠综合,http://stream11.jlntv.cn/dehuitv/sd/live.m3u8
怀仁综合,https://1yp7hc5p.live.sxmty.com/live/hls/bff8529922344209985b6e49baa9555a/efa2543628fc4a7ea93d3d6c975f77dc-1.m3u8
敦化一套,http://stream8.jlntv.cn/dhtv/playlist.m3u8
文成新闻综合,http://l.cztvcloud.com/channels/lantian/SXwencheng1/720p.m3u8
文成综合,http://l.cztvcloud.com/channels/lantian/SXwencheng1/720p.m3u8?zzhed%3F=
文成综合,http://l.cztvcloud.com/channels/lantian/SXwencheng1/720p.m3u8?zzhed=
新昌新闻综合,https://l.cztvcloud.com/channels/lantian/SXxinchang1/720p.m3u8
新昌生活,http://l.cztvcloud.com/channels/lantian/SXxinchang2/720p.m3u8
新沂新闻,http://live.xysrmt.cn/xwzh/sd/live.m3u8?zjiangsd%22=
新沂生活,http://live.xysrmt.cn/shpd/sd/live.m3u8?zjiangsd=
新野综合,http://tvpull.dxhmt.cn:9081/tv/11329-1.m3u8
新野综合,http://tvpull.dxhmt.cn:9081/tv/11329-1.m3u8?zhend=
新野综合,http://tvpull.dxhmt.cn:9081/tv/11329-1.m3u8?zhend%3F=
新闻综合,https://m3u8channel.yunxya.com/nmip-media/channellive/channel100028/playlist.m3u8
旺苍新闻综合,http://channel.wcrmt.cn:80/nmip-media/channellive/channel105268/playlist.m3u8
旺苍新闻综合,http://live.spccmc.com:90/live/spxwzh.m3u8?%E5%85%B3%E6%B3%A8%E5%BE%AE%E4%BF%A1%E5%85%AC%E4%BC%97%E5%8F%B7%5B%E6%99%B4%E5%9B%AD%5D=
昌黎综合,https://jwcdnqx.hebyun.com.cn/live/clzhpd/1500k/tzwj_video.m3u8
易门综合,https://zb-live.ynurl.com/yimen/3b75a2f9-7941-46b7-992d-a9796fbca5fe.m3u8
晋江电视台,http://stream.jinjiang.tv/1/sd/live.m3u8?zfud=
普陀电视台,https://l.cztvcloud.com/channels/lantian/SXputuo1/720p.m3u8
普陀电视台,http://l.cztvcloud.com/channels/lantian/SXputuo1/720p.m3u8
朝天综合,https://m3u8.channel.dzsm.com/nmip-media/channellive/channel104601/playlist.m3u8
来宾综合,http://zb.gxlbamc.com:1935/live/lbzh.stream/playlist.m3u8
松潘新闻综合,http://live.spccmc.com:90/live/spxwzh.m3u8
松潘新闻综合,http://live.spccmc.com:90/live/spxwzh.m3u8?zsicd=
松阳综合,http://l.cztvcloud.com/channels/lantian/SXsongyang1/720p.m3u8
松阳综合,http://l.cztvcloud.com/channels/lantian/SXsongyang1/720p.m3u8?zzhed%3F=
柳河综合,http://stream3.jlntv.cn:80/aac_lhgb/sd/live.m3u8
桦甸综合,http://stream9.jlntv.cn:80/aac_huadiangb/playlist.m3u8
梅河口综合,http://stream3.jlntv.cn:80/aac_mhkgb/playlist.m3u8
梨园,https://dxtx.hntv.tv/live/lypd.m3u8?txSecret=%2A%2A%2A&txTime=7B923E0A&wsSecret=%2A%2A%2A&wsTime=1769313549
武义新闻综合,http://l.cztvcloud.com/channels/lantian/SXwuyi1/720p.m3u8
武义新闻综合,http://l.cztvcloud.com/channels/lantian/SXwuyi1/720p.m3u8?zzhed=
武汉一台新闻综合,https://ls.qingting.fm/live/20198/64k.m3u8
武进新闻,https://live.wjyanghu.com/live/CH1.m3u8
武进生活,http://live.wjyanghu.com/live/CH2.m3u8
永嘉新闻综合,http://l.cztvcloud.com/channels/lantian/SXyongjia1/720p.m3u8
永城综合,http://tvpull.dxhmt.cn:9081/tv/11481-1.m3u8
永昌综合,https://play.kankanlive.com/live/1652755738635915.m3u8
江夏新闻综合,http://59.175.226.142:280/gb28181/xwzh.m3u8?zhubd=
汪清综合,http://stream5.jlntv.cn/wq/sd/live.m3u8
汶川新闻综合,http://live.iwcmt.cn:90/live/zhxw.m3u8
汶川新闻综合,http://live.iwcmt.cn:90/live/zhxw.m3u8?zsicd=
汶川新闻综合,http://file.ysxtv.cn/cms/videos/nmip-media/channellive/channel4/playlist.m3u8?zsicd=#rtmp://tv.mcrm.org.cn:1935/channellive/tv01
汾西综合,https://qmmqvzoz.live.sxmty.com/live/hls/f24f8a390c084386a564074c9260100c/be3fdf07606145739ab2c4b80fe0136a.m3u8?zshanxd=
沐川综合,http://file.ysxtv.cn/cms/videos/nmip-media/channellive/channel4/playlist.m3u8?zsicd=
河北农民,https://jwcdnqx.hebyun.com.cn/live/clzhpd/1500k/tzwj_video.m3u8?zhebd=
河北农民,https://ls.qingting.fm/live/1650/64k.m3u8
河北农民,http://ls.qingting.fm/live/1650.m3u8
河北都市,https://radio.pull.hebtv.com/live/hebnczx.m3u8
河源公共,http://tmpstream.hyrtv.cn/hygg/sd/live.m3u8
河源综合,http://tmpstream.hyrtv.cn/xwzh/sd/live.m3u8
泗洪新闻综合,http://live1.habctv.com/ggpdsl/sd/live.m3u8?zjiangsd=#http://live1.habctv.com/ggpdsl/sd/live.m3u8
泸县新闻综合,http://lxfile.lxxcb.cn:80/nmip-media/channellive/channel103799/playlist.m3u8
泸县新闻综合,http://lxfile.lxxcb.cn/nmip-media/channellive/channel103799/playlist.m3u8
泸县新闻综合,https://m3u8channel.ganzitv.com/nmip-media/channellive/channel1/playlist.m3u8
泸县新闻综合,http://lxfile.lxxcb.cn/nmip-media/channellive/channel103799/playlist.m3u8?zsicd=
洞头综合,http://l.cztvcloud.com/channels/lantian/SXdongtou1/720p.m3u8
洞头综合,http://l.cztvcloud.com/channels/lantian/SXdongtou1/720p.m3u8?zzhed%3F=
津南一套,http://play.jinnantv.top/live/JNTV1.m3u8?ztianjd=
浙江休闲台,http://ali-m-l.cztv.com/channels/lantian/channel006/720p.m3u8
浙江公共新闻,http://ali-m-l.cztv.com/channels/lantian/channel007/1080p.m3u8
浙江公共新闻,http://ali-m-l.cztv.com/channels/lantian/channel07/1080p.m3u8
浙江国际,https://ali-m-l.cztv.com/channels/lantian/channel010/1080p.m3u8
浙江国际,http://ali-m-l.cztv.com/channels/lantian/channel010/720p.m3u8
浙江国际,http://ali-vl.cztv.com/channels/lantian/channel010/360p.m3u8
浙江国际,https://ali-m-l.cztv.com/channels/lantian/channel010/1080p.m3u8
浙江国际,http://ali-m-l.cztv.com/channels/lantian/channel010/1080p.m3u8
浙江教科,http://ali-m-l.cztv.com/channels/lantian/channel004/1080p.m3u8
浙江教育,http://ali-m-l.cztv.com/channels/lantian/channel04/720p.m3u8
浙江数码时代,http://ali-m-l.cztv.com/channels/lantian/channel12/720p.m3u8
浙江数码时代,http://ali-m-l.cztv.com/channels/lantian/channel12/720p.m3u8?zzhed=
浙江新闻,http://ali-m-l.cztv.com/channels/lantian/channel007/720p.m3u8
浙江新闻,https://ali-m-l.cztv.com/channels/lantian/channel007/1080p.m3u8
浙江新闻,http://ali-vl.cztv.com/channels/lantian/channel007/360p.m3u8
浙江新闻,http://ali-m-l.cztv.com/channels/lantian/channel07/720p.m3u8
浙江新闻,https://ali-m-l.cztv.com/channels/lantian/channel007/1080p.m3u8
浙江民生,https://ali-m-l.cztv.com/channels/lantian/channel006/1080p.m3u8
浙江民生,http://ali-m-l.cztv.com/channels/lantian/channel006/1080p.m3u8
浙江民生,http://ali-m-l.cztv.com/channels/lantian/channel06/1080p.m3u8
浙江民生,http://ali-m-l.cztv.com/channels/lantian/channel06/720p.m3u8
浙江民生休闲,https://ali-m-l.cztv.com/channels/lantian/channel006/1080p.m3u8
浙江民生休闲,http://ali-vl.cztv.com/channels/lantian/channel006/360p.m3u8
浙江生活,http://ls.qingting.fm/live/1099.m3u8
浙江留学,http://ali-vl.cztv.com/channels/lantian/channel009/360p.m3u8
浙江经济,http://ali-m-l.cztv.com/channels/lantian/channel03/720p.m3u8
浙江经济,http://ali-m-l.cztv.com/channels/lantian/channel003/1080p.m3u8
浙江经济,https://ali-m-l.cztv.com/channels/lantian/channel003/1080p.m3u8
浙江经济生活,http://ali-m-l.cztv.com/channels/lantian/channel03/1080p.m3u8
浙江经济生活,http://ali-m-l.cztv.com/channels/lantian/channel03/1080p.m3u8#https://ali-m-l.cztv.com/channels/lantian/channel003/1080p.m3u8#http://ali-m-l.cztv.com/channels/lantian/channel003/1080p.m3u8
浙江经济生活,https://ali-m-l.cztv.com/channels/lantian/channel003/1080p.m3u8
浙江经济生活,http://ali-vl.cztv.com/channels/lantian/channel003/360p.m3u8
浙江经视,http://ali-m-l.cztv.com/channels/lantian/channel003/720p.m3u8
浙江遂昌,http://l.cztvcloud.com/channels/lantian/SXsuichang1/720p.m3u8
浙江钱江,https://ali-m-l.cztv.com/channels/lantian/channel002/1080p.m3u8
浙江钱江,http://l.cztvcloud.com/channels/lantian/SXyuyao2/720p.m3u8
浙江钱江都市,http://ali-xwl.cztv.com/live/channel021080Plxw.m3u8
浙江钱江都市,http://ali-xwl.cztv.com/live/channel02720Plxw.m3u8
浙江钱江频道,http://ali-m-l.cztv.com/channels/lantian/channel02/1080p.m3u8
海南新闻,http://ls.qingting.fm/live/1861.m3u8
海宁新闻综合,https://p2hs.vzan.com/slowlive/317913155078575177/live.m3u8
涟水电视台综合,http://live1.habctv.com/ggpdsl/sd/live.m3u8
涟水电视台综合,http://live1.habctv.com/ggpdsl/sd/live.m3u8?zjiangsd=
淮安影院娱乐,http://live1.habctv.com/ysylsl/sd/live.m3u8
淮安影院娱乐,http://live1.habctv.com/ysylsl/sd/live.m3u8?zjiangsd=
清河经济综艺,https://jwcdnqx.hebyun.com.cn/live/qinghe1/1500k/tzwj_video.m3u8
渭源新闻,http://play.kankanlive.com/live/1720408280309109.m3u8
湖州公共民生,http://hzcm-live.media.hugd.com/1e6b554b9ab74513958c0e1ffe664d22/9acaa7634309494cb29a85eb12136607.m3u8?auth_key=%2A%2A%2A
湖州文化娱乐,http://hzcm-live.media.hugd.com/613c47f0ab0d4eaa98b21378d0db6ded/0051d31c9dd543a7825eea4e49675b2a.m3u8?auth_key=%2A%2A%2A
湖州新闻综合,http://hzcm-live.media.hugd.com/3f5fa7d64c7c46a38c6bd8ad35e836cc/65128273761b4731ae53729ea6dcf932.m3u8?auth_key=%2A%2A%2A
滦平新闻,http://jwplay.hebyun.com.cn/live/LPTV001/1500k/tzwj_video.m3u8
滨海新闻综合,http://traffic.jbh.tjbh.com/live/bhtv10/playlist.m3u8
灌阳新闻综合,https://ls.qingting.fm/live/5043/64k.m3u8
烟台公共,http://live.yantaitv.cn/live/e50f104a4ffe4a41b2217cbda534146f/d86092e69df94668b33390278b061700-1.m3u8
烟台新闻综合,http://live.yantaitv.cn/live/3e81a8879da44c5dadf3bd9c10468e1c/9b776d420ee4438199b7657c8eb88f07-1.m3u8
烟台经济科技,http://live.yantaitv.cn/live/27f84144e95a4652ae9e5c211b2a6b55/405f3e33ba384aa0a16014d0becd1261-1.m3u8
玛纳斯综合,http://218.84.127.245:1026/hls/main1/playlist.m3u8?zxinjd%2C=
璧山综合,http://222.179.42.129:8181/hls1.m3u8
甘南县综合,https://stream.hrbtv.net/zxpd/sd/live.m3u8
甘孜综合,http://tv.drs.ganzitv.com:8100/channellive/gztv.flv
甘肃经济,https://satellitepull.cnr.cn/live/wxgshhzs/playlist.m3u8
甘肃都市,https://satellitepull.cnr.cn/live/wxgsdstb/playlist.m3u8
番禺综合,http://video.epaper.pybtv.cn:8080/live/rtmp_live_demo.flv
白银综合,http://play.kankanlive.com/live/1720408089419110.m3u8
磐石综合,http://stream3.jlntv.cn:80/aac_psgb/sd/live.m3u8
祁门综合,http://zbbf2.ahbztv.com/live/416.m3u8?zanhd=
福州生活,http://live.zohi.tv:80/video/s10001-fztv-3/index.m3u8
福建公共,https://live.264788.xyz/channel/fujianxiangcungonggong?streamid=1cf7fc3a8f6d160c33b43c2f9507a0cc&livekey=01WgOR41rriMmMkzNsd0UoaxJRwetZdxIvtVk
福建新闻,http://satellitepull.cnr.cn/live/wx32fjxwgb/playlist.m3u8
福建旅游,https://live.264788.xyz/channel/fujianlvyou?streamid=fc58882de71ce4575b66002f2475226b&livekey=01WgOR41rriMmMkzNsd0UoaxJRwetZdxIvtVk
福建旅游,https://live.264788.xyz/channel/fujianlvyou?streamid=221239fcf3c7edb274f2f0760fe47f96&livekey=01WgOR41rriMmMkzNsd0UoaxJRwetZdxIvtVk
福建旅游,https://live.264788.xyz/channel/fujianlvyou?streamid=8f26765ebf367079cef58c6b7752da1e&livekey=01WgOR41rriMmMkzNsd0UoaxJRwetZdxIvtVk
福建旅游,https://live.264788.xyz/channel/fujianlvyou?streamid=599c11c8b284751261b165f4d5765b36&livekey=01WgOR41rriMmMkzNsd0UoaxJRwetZdxIvtVk
福建经济,http://satellitepull.cnr.cn/live/wx32fjdnjjgb/playlist.m3u8
第一财经,http://satellitepull.cnr.cn/live/wx32dycjgb/playlist.m3u8
绍兴公共,http://live.shaoxing.com.cn/video/s10001-sxtv2/index.m3u8
绍兴电视台公共,http://live.shaoxing.com.cn/video/s10001-sxtv2/index.m3u8?%E5%85%B3%E6%B3%A8%E5%BE%AE%E4%BF%A1%E5%85%AC%E4%BC%97%E5%8F%B7%5B%E6%99%B4%E5%9B%AD%5D=
缙云新闻综合,http://l.cztvcloud.com/channels/lantian/SXjinyun1/720p.m3u8
缙云综合,http://l.cztvcloud.com/channels/lantian/SXjinyun1/720p.m3u8?zzhed%3F=
缙云综合,http://l.cztvcloud.com/channels/lantian/SXjinyun1/720p.m3u8?zzhed=
舒兰新闻综合,http://stream8.jlntv.cn/shulan/sd/live.m3u8?_upt=332db6421699196585
苍南新闻综合,https://l.cztvcloud.com/channels/lantian/SXcangnan1/720p.m3u8
苏州文化生活,https://live-auth.51kandianshi.com/szgd/csztv3.m3u8
苏州新闻综合,https://live-auth.51kandianshi.com/szgd/csztv1.m3u8
苏州生活资讯,https://live-auth.51kandianshi.com/szgd/csztv5.m3u8
苏州社会经济,https://live-auth.51kandianshi.com/szgd/csztv2.m3u8
荆门新闻综合,https://stream.jmtv.com.cn/xwzh/playlist.m3u8?_upt=3e28e7271664278691
荆门新闻综合,http://stream.jmtv.com.cn/xwzh/sd/live.m3u8
荥经综合,https://m3u8channel-yj.yunxya.com/nmip-media/channellive/channel101140/playlist.m3u8
荥阳综合,http://tvpull.dxhmt.cn:9081/tv/10182-1.m3u8
荥阳综合,http://tvpull.dxhmt.cn:9081/tv/10182-1.m3u8?zhend=
荥阳综合,http://tvpull.dxhmt.cn:9081/tv/10182-1.m3u8?wsSecret=%2A%2A%2A&wsTime=1654956569
营山电视台,http://file.ysxtv.cn/cms/videos/nmip-media/channellive/channel4/playlist.m3u8?zsicd=#http://file.ysxtv.cn/cms/videos/nmip-media/channellive/channel4/playlist.m3u8
萧山新闻综合,https://l.cztvcloud.com/channels/lantian/SXxiaoshan1/720p.m3u8
萧山生活,https://l.cztvcloud.com/channels/lantian/SXxiaoshan2/720p.m3u8
萧山生活,http://l.cztvcloud.com/channels/lantian/SXxiaoshan2/720p.m3u8
萧山生活,http://l.cztvcloud.com/channels/lantian/SXxiaoshan2/720p.m3u8?zzhed%3F=
萧山生活,http://l.cztvcloud.com/channels/lantian/SXxiaoshan2/720p.m3u8?zzhed=
萧山综合,http://l.cztvcloud.com/channels/lantian/SXxiaoshan1/720p.m3u8
衡水公共,http://ls.qingting.fm/live/2810.m3u8
衡阳新闻综合,https://liveplay-srs.voc.com.cn/hls/tv/183_554704.m3u8
衢江新闻综合,http://l.cztvcloud.com/channels/lantian/SXqujiang1/720p.m3u8?zzhed=
西宁新闻综合,https://liveout.xntv.tv/a65jur/96iln2.m3u8?zqinghd=
西安新闻,http://112.46.105.20:8009/hls/28/index.m3u8
西安都市,http://112.46.105.20:8009/hls/29/index.m3u8
西峰综合,https://play.kankanlive.com/live/1683944827526991.m3u8
诸暨新闻综合,https://l.cztvcloud.com/channels/lantian/SXzhuji3/720p.m3u8
诸暨新闻综合,http://l.cztvcloud.com/channels/lantian/SXzhuji3/720p.m3u8?zzhed=
象山新闻综合,http://l.cztvcloud.com/channels/lantian/SXxiangshan1/720p.m3u8
象山综合,http://play-sh13.quklive.com/live/1702360350551252.m3u8?auth_key=%2A%2A%2A
辉南新闻综合,http://stream5.jlntv.cn/hn/sd/live.m3u8
辽宁都市,https://ls.qingting.fm/live/1099/64k.m3u8
通化县综合,http://stream3.jlntv.cn:80/aac_thxgb/playlist.m3u8
通海电视台,https://zb-live.ynurl.com/tonghai/3bfe3a9e-48e6-4c1e-8770-1df66447cc6c.m3u8
遂昌综合,http://l.cztvcloud.com/channels/lantian/SXsuichang1/720p.m3u8?zzhed=
邢台生活,https://jwcdnqx.hebyun.com.cn/live/xtcsshpd/1500k/tzwj_video.m3u8
邢台综合,https://jwplay.hebyun.com.cn:443/live/xtsrmtzs/1500k/tzwj_video.m3u8
邢台综合,http://jwplay.hebyun.com.cn/live/xtsrmtzs/1500k/tzwj_video.m3u8
邯郸公共频道,https://jwcdnqx.hebyun.com.cn/live/hdgg/1500k/tzwj_video.m3u8
邯郸新闻,https://jwcdnqx.hebyun.com.cn/live/hdxwzh/1500k/tzwj_video.m3u8
邯郸科技教育,https://jwcdnqx.hebyun.com.cn/live/hdkj/1500k/tzwj_video.m3u8
都市剧场,https://satellitepull.cnr.cn/live/wxcqxwgb/playlist.m3u8
钱江都市,https://ali-m-l.cztv.com/channels/lantian/channel002/1080p.m3u8
铜梁综合,http://183.64.174.171:40123/ch1.m3u8?zzhongqd=
铜陵新闻综合,https://ls.qingting.fm/live/21303/64k.m3u8
镇江二套社会民生,http://zjtv-wshls.homecdn.com/live/2aa16.m3u8
镇江新闻综合,http://cm-wshls.homecdn.com/live/2aa50.m3u8
长子综合,https://www.wxhcgbds.com:8081/channelTv/WXTV_1.m3u8?zshanxd=
长影频道,http://tpc.x3322.net:9901/tsfile/live/1010_1.m3u8
长沙新闻综合,http://ls.qingting.fm/live/4877.m3u8
长白山电视台,http://stream8.jlntv.cn/cbstv/sd/live.m3u8?zjild=
长白朝语,http://hplayer1.juyun.tv:80/camera/11344136.m3u8
陕西公共,http://ls.qingting.fm/live/1222.m3u8
陕西新闻咨询,http://112.46.105.20:8009/hls/18/index.m3u8
陕西秦腔,http://112.46.105.20:8009/hls/22/index.m3u8
陕西都市青春,http://112.46.105.20:8009/hls/19/index.m3u8
陕西银龄,http://112.46.105.20:8009/hls/20/index.m3u8
雅安新闻综合,https://play.yunxya.com/channellive/xinwen.m3u8
青川综合,http://qcfile.qcrmt.com/nmip-media/channellive/channel100933/playlist.m3u8
青田电视台,http://l.cztvcloud.com/channels/lantian/SXqingtian1/720p.m3u8
靖宇综合,http://stream9.jlntv.cn:80/aac_jygb/playlist.m3u8
靖江新闻综合,http://ls.qingting.fm/live/23797.m3u8
黄山公共生活,http://hslive.hsnewsnet.com/lsdream/iY92ady/1000/live.m3u8?zanhd=
黄山新闻综合,http://hslive.hsnewsnet.com/lsdream/hve9Wjs/1000/live.m3u8
黄山新闻综合,http://hslive.hsnewsnet.com/lsdream/hve9Wjs/1000/live.m3u8?zanhd=
黑龙江文体,https://idclive.hljtv.com:4430/live/hljwy_hd.m3u8
黑龙江新闻,https://ls.qingting.fm/live/4974/64k.m3u8
黑龙江都市,https://idclive.hljtv.com:4430/live/dushi_hd.m3u8
龙井综合,http://stream9.jlntv.cn:80/aac_longjinggb/playlist.m3u8
龙泉新闻综合,http://l.cztvcloud.com/channels/lantian/SXlongquan1/720p.m3u8
龙游新闻综合,https://l.cztvcloud.com/channels/lantian/SXlongyou1/720p.m3u8
龙游新闻综合,http://l.cztvcloud.com/channels/lantian/SXlongyou1/720p.m3u8?zzhed=
龙游生活娱乐,https://l.cztvcloud.com/channels/lantian/SXlongyou2/720p.m3u8
龙游生活娱乐,http://l.cztvcloud.com/channels/lantian/SXlongyou2/720p.m3u8?zzhed=
CGTN纪录,https://0472.org/hls/cgtnd.m3u8
CGTN纪录,https://english-livetx.cgtn.com/hls/yypdjlctzb_hd.m3u8
航拍中国第二季,http://newcntv.qcloudcdn.com/asp/hls/4000/0303000a/3/default/2bdfdad540b342f592f9817cb7f3b79a/4000.m3u8
东丰,http://stream5.jlntv.cn/df/sd/live.m3u8?zjild=
中国村庄,http://newcntv.qcloudcdn.com/asp/hls/4000/0303000a/3/default/93fc12dbf14241c18c23da104fbade23/4000.m3u8
之江纪录,http://ali-m-l.cztv.com/channels/lantian/channel012/1080p.m3u8
之江纪录,https://ali-m-l.cztv.com/channels/lantian/channel12/720p.m3u8
之江纪录,https://ali-m-l.cztv.com/channels/lantian/channel012/1080p.m3u8
九台,http://stream10.jlntv.cn/jiutaitv/sd/live.m3u8?zjild=
人与自然,http://newcntv.qcloudcdn.com/asp/hls/1200/0303000a/3/default/1425e1d505654cb48ba82b807b221193/1200.m3u8
伊犁经济法制,http://110.153.180.106:55555/out_4/index.m3u8?zxinjd=
伊犁维吾尔,http://110.153.180.106:55555/out_2/index.m3u8?zxinjd=
兵团五师双河影,https://liveout.btzx.com.cn/62ds9e/6o77s4.m3u8?zxinjd=
双辽,http://stream5.jlntv.cn/sl/sd/live.m3u8?zjild=
地理中国,http://newcntv.qcloudcdn.com/asp/hls/1200/0303000a/3/default/c6baf6f74bb944aeacee1065ea72c798/1200.m3u8
奎屯汉语,http://218.84.12.186:8001/hls/main/playlist.m3u8?zxinjd=
敦化一套,http://stream8.jlntv.cn/dhtv/playlist.m3u8?zjild=
柳河,http://stream5.jlntv.cn/lh/sd/live.m3u8?zjild=
桦甸,http://stream10.jlntv.cn/huadian/sd/live.m3u8?zjild=
江津新闻,http://222.179.155.21:1935/ch1.m3u8?zzhongqd=
汪清,http://stream5.jlntv.cn/wq/sd/live.m3u8?zjild=
玛纳斯,http://218.84.127.245:1026/hls/main1/playlist.m3u8?zxinjd=
珲春新闻,http://stream8.jlntv.cn/hctv/sd/live.m3u8?zjild=
白山公共,http://stream8.jlntv.cn/baishan2/playlist.m3u8?zjild=
磐石,http://stream5.jlntv.cn/ps/sd/live.m3u8?zjild=
舒兰新闻,http://stream8.jlntv.cn/shulan/sd/live.m3u8?zjild=
辉南新闻,http://stream5.jlntv.cn/hn/sd/live.m3u8?zjild=
通化县,http://stream5.jlntv.cn/thx/sd/live.m3u8?zjild=
靖宇,http://stream8.jlntv.cn/jytv/sd/live.m3u8?zjild=
飞碟之谜01,https://hls.cntv.lxdns.com/asp/hls/2000/0303000a/3/default/f0a47e155d32450daa1d36a04fd7d262/2000.m3u8
飞碟之谜02,https://newcntv.qcloudcdn.com/asp/hls/2000/0303000a/3/default/d2454bbb542d4613a9db478dab2addfd/2000.m3u8
龙井,http://stream8.jlntv.cn/ljtv/sd/live.m3u8?zjild=
精品体育,https://epg.pw/stream/f7556eccd4ae06b0c2991fdc7a4f8388496559f728cc82459a8e50346040e226.m3u8
精品体育,https://epg.pw/stream/866a097a0907c9832440f8df38272dd555abf05200dfbafcc137e214c9b30ca7.m3u8
纬来体育,https://epg.pw/stream/4f18dfe0593db5c686eb64ae8edaf2a9202d4d46bdc9bbde2cee27708e12ea01.m3u8
纬来体育,https://epg.pw/stream/8855a9936e37e608a0ec8a014cce1673dee9c5d68d560da376cc92e5edef2b25.m3u8
笑看风云,https://live.metshop.top/huya/29465858
AMC音乐,https://amchls.wns.live/hls/stream.m3u8
音乐欣赏,http://61.221.215.25:8800/hls/49/index.m3u8
音乐现场,https://satellitepull.cnr.cn/live/wx32nmgyygb/playlist.m3u8
风云音乐,https://live.264788.xyz/channel/fengyunyinyue?streamid=1b41fb9153cba3ee19bd5d1b323da27e&livekey=01WgOR41rriMmMkzNsd0UoaxJRwetZdxIvtVk
风云音乐,https://live.264788.xyz/channel/fengyunyinyue?streamid=be37d16b874e7ba11dd383d7ecd75752&livekey=01WgOR41rriMmMkzNsd0UoaxJRwetZdxIvtVk
1987年春晚,https://txmov2.a.kwimgs.com/bs3/video-hls/5195746663405928031_hlsb.m3u8
1988年春晚,https://txmov2.a.kwimgs.com/bs3/video-hls/5216575810935394655_hlsb.m3u8
1989年春晚,https://txmov2.a.kwimgs.com/bs3/video-hls/5194620763762726260_hlsb.m3u8
1993年春晚,https://alimov2.a.kwimgs.com/upic/2023/01/13/22/BMjAyMzAxMTMyMjEwMDNfNDAzMDAxOTlfOTM1MTIzMzYwODJfMF8z_b_B647d10e431b4cc5e48e6c77347d69021.mp4
1994年春晚,https://alimov2.a.kwimgs.com/upic/2023/01/13/22/BMjAyMzAxMTMyMjEwMDNfNDAzMDAxOTlfOTM1MTIzMzYxMjNfMF8z_b_B3dde97f36273f04403d4dc5eec611a35.mp4
1995年春晚,https://alimov2.a.kwimgs.com/upic/2023/01/13/20/BMjAyMzAxMTMyMDA5MjJfNDAzMDAxOTlfOTM0OTkwNDQwNzVfMF8z_b_B811c0dec6b9a3d3074a18522c185010a.mp4
1996年春晚,https://alimov2.a.kwimgs.com/upic/2023/01/13/22/BMjAyMzAxMTMyMjEwMDNfNDAzMDAxOTlfOTM1MTIzMzYxNTJfMF8z_b_Bd841eae10ab1c9955ef55fbedfae6c45.mp4
2000年春晚,https://alimov2.a.kwimgs.com/upic/2023/01/13/21/BMjAyMzAxMTMyMTE4MzRfNDAzMDAxOTlfOTM1MDY4ODIxMTNfMF8z_b_Bdddf4e7ef0ff6cfd477857bb40e78419.mp4
2001年春晚,https://alimov2.a.kwimgs.com/upic/2023/01/13/20/BMjAyMzAxMTMyMDA5MjJfNDAzMDAxOTlfOTM0OTkwNDQyMDFfMF8z_b_B70592cb7c4054e9cabb675e849bbf4bd.mp4
2002年春晚,https://alimov2.a.kwimgs.com/upic/2023/01/13/21/BMjAyMzAxMTMyMTE4MzRfNDAzMDAxOTlfOTM1MDY4ODIxNDdfMF8z_b_Ba6271d10b7e6cfae83759033a091f257.mp4
2003年春晚,https://alimov2.a.kwimgs.com/upic/2023/01/14/23/BMjAyMzAxMTQyMzQxNDdfNDAzMDAxOTlfOTM2MTU0MTk1NDFfMF8z_b_B182749d2cd2ea9323639254af385f24b.mp4
2004年春晚,https://alimov2.a.kwimgs.com/upic/2023/01/13/21/BMjAyMzAxMTMyMTE4MzRfNDAzMDAxOTlfOTM1MDY4ODIxOTVfMF8z_b_B86c4430b82ff5a7f4e8132f6ee558536.mp4
2005年春晚,https://alimov2.a.kwimgs.com/upic/2023/01/13/20/BMjAyMzAxMTMyMDA5MjJfNDAzMDAxOTlfOTM0OTkwNDQyMzhfMF8z_b_B35ad7cc86aec8fc9e5ddfb31fc7bed63.mp4
2006年春晚,https://alimov2.a.kwimgs.com/upic/2023/01/13/20/BMjAyMzAxMTMyMDA5MjJfNDAzMDAxOTlfOTM0OTkwNDQyNzlfMF8z_b_Bbc3703fc331dc994c50859c19aad28ff.mp4
2007年春晚,https://alimov2.a.kwimgs.com/upic/2023/01/13/20/BMjAyMzAxMTMyMDA5MjJfNDAzMDAxOTlfOTM0OTkwNDQzMjNfMF8z_b_B00b069c7899976459ceeaa99353dfefe.mp4
2009年春晚,https://alimov2.a.kwimgs.com/upic/2023/01/13/20/BMjAyMzAxMTMyMDA5MjJfNDAzMDAxOTlfOTM0OTkwNDQzOTBfMF8z_b_B29a36a85e0277f6c2a1f033ef7c10708.mp4
2010年春晚,https://alimov2.a.kwimgs.com/upic/2023/01/13/20/BMjAyMzAxMTMyMDA5MjJfNDAzMDAxOTlfOTM0OTkwNDQ0MjlfMF8z_b_B8818807a00eed329a69fb494f405bd43.mp4
2013年春晚,https://alimov2.a.kwimgs.com/upic/2023/01/13/20/BMjAyMzAxMTMyMDA5MjJfNDAzMDAxOTlfOTM0OTkwNDQ1NjNfMF8z_b_B4fea55408dca4471a68a963ae096be59.mp4
2014年春晚,https://alimov2.a.kwimgs.com/upic/2023/01/06/16/BMjAyMzAxMDYxNjMxMTNfNDAzMDAxOTlfOTI4OTY2ODAzNjlfMF8z_b_Bdee65c77f9e7b2120a185c919dad81d2.mp4
2018年春晚,https://alimov2.a.kwimgs.com/upic/2023/01/06/16/BMjAyMzAxMDYxNjMxMTRfNDAzMDAxOTlfOTI4OTY2ODE2MTBfMF8z_b_B11a778e34390a21de42d407e94f45b91.mp4
2024年春晚,https://p2.bdstatic.com/rtmp.liveshow.lss-user.baidubce.com/live/stream_bduid_6488563992_8982723413/merged_1707497046297_88536_25144_41936.m3u8
2025年春晚,https://svip.high24-playback.com/20250129/17159_7bca93c4/2000k/hls/mixed.m3u8
中央电视塔东,https://gcalic.v.myalicdn.com/gc/ztd_1/index.m3u8
中央电视塔南,https://gcalic.v.myalicdn.com/gc/ztn_1/index.m3u8
丽江古城万古楼遥望玉龙雪山,https://gcalic.v.myalicdn.com/gc/ljgcwglytylxs_1/index.m3u8
丽江古城大水车,https://gcalic.v.myalicdn.com/gc/ljgcdsc_1/index.m3u8
丽江古城大研花巷观景,https://gcalic.v.myalicdn.com/gc/ljgcdyhxgjt_1/index.m3u8
乌镇全景,https://gcalic.v.myalicdn.com/gc/zjwzblt_1/index.m3u8
乌镇蓝印花布,https://gcalic.v.myalicdn.com/gc/zjwzlyhb_1/index.m3u8
乌镇西市河,https://gcalic.v.myalicdn.com/gc/zjwzbblh_1/index.m3u8
乌镇龙形田,https://gcalic.v.myalicdn.com/gc/zjwzlxt_1/index.m3u8
乐山大佛全景,https://gcalic.v.myalicdn.com/gc/lsdfgfl_1/index.m3u8
云南丽江冰川,https://gcalic.v.myalicdn.com/gc/hkylxs05_1/index.m3u8
云南丽江印象实景,https://gcalic.v.myalicdn.com/gc/hkylxs01_1/index.m3u8
云南丽江玉龙雪山,https://gcalic.v.myalicdn.com/gc/ylxs11_1/index.m3u8
云南丽江玉龙雪山草甸,https://gcalic.v.myalicdn.com/gc/hkylxs06_1/index.m3u8
云南丽江蓝月谷,https://gcalic.v.myalicdn.com/gc/ylxs12_1/index.m3u8
云南大理崇圣寺三塔中景,https://gcalic.v.myalicdn.com/gc/dlst03_1/index.m3u8
云南大理崇圣寺三塔远景,https://gcalic.v.myalicdn.com/gc/dlst01_1/index.m3u8
云南白沙远眺玉龙雪山,https://gcalic.v.myalicdn.com/gc/hkylxs03_1/index.m3u8
五彩池,https://gcalic.v.myalicdn.com/gc/hlwcc_1/index.m3u8
八里沟风景区天界山玻璃栈道,https://gcalic.v.myalicdn.com/gc/blg03_1/index.m3u8
八里沟风景区桃花湾瀑布,https://gcalic.v.myalicdn.com/gc/blg05_1/index.m3u8
六盘山红军长征景区,https://gcalic.v.myalicdn.com/gc/lpsgmjng01_1/index.m3u8
南京玄武湖公园,https://gcalic.v.myalicdn.com/gc/xwh01_1/index.m3u8
厦门鼓浪屿,https://gcalic.v.myalicdn.com/gc/gly01_1/index.m3u8
四川四姑娘山隆珠措,https://gcalic.v.myalicdn.com/gc/sgns02_1/index.m3u8
四川峨眉山云海日出,https://gcalic.v.myalicdn.com/gc/emsarm_1/index.m3u8
四川峨眉山普贤菩萨铜像,https://gcalic.v.myalicdn.com/gc/emspxps_1/index.m3u8
四川峨眉山远眺万佛顶,https://gcalic.v.myalicdn.com/gc/emswfs_1/index.m3u8
四川峨眉山远眺贡嘎雪山,https://gcalic.v.myalicdn.com/gc/emsyh_1/index.m3u8
天涯石,https://gcalic.v.myalicdn.com/gc/tyhjtys_1/index.m3u8
安徽池州九华山风景区九华山,https://gcalic.v.myalicdn.com/gc/jhs05_1/index.m3u8
安徽黟县芦村远眺,https://gcalic.v.myalicdn.com/gc/yxlcyt_1/index.m3u8
安徽黟县西递牌坊,https://gcalic.v.myalicdn.com/gc/yxxdpf_1/index.m3u8
广西桂林漓江景区,https://gcalic.v.myalicdn.com/gc/gllj01_1/index.m3u8
广西玉林大容山莲花山顶,https://gcalic.v.myalicdn.com/gc/drs01_1/index.m3u8
张掖七彩丹霞,https://gcalic.v.myalicdn.com/gc/zyqcdx01_1/index.m3u8
恒山悬空寺全景,https://gcalic.v.myalicdn.com/gc/hsxksqj_1/index.m3u8
普陀山,https://gcalic.v.myalicdn.com/gc/pts01_1/index.m3u8
月牙泉,https://gcalic.v.myalicdn.com/gc/dhyyqsm_1/index.m3u8
望乡台,https://gcalic.v.myalicdn.com/gc/hlwxt_1/index.m3u8
江苏南京牛首山,https://gcalic.v.myalicdn.com/gc/nss01_1/index.m3u8
江苏徐州云龙湖风景区云龙山观景台西,https://gcalic.v.myalicdn.com/gc/ylh04_1/index.m3u8
泰山主峰,https://gcalic.v.myalicdn.com/gc/taishan01_1/index.m3u8
泰山十八盘,https://gcalic.v.myalicdn.com/gc/taishan05_1/index.m3u8
泰山南天门,https://gcalic.v.myalicdn.com/gc/hkts07_1/index.m3u8
泰山大观峰,https://gcalic.v.myalicdn.com/gc/taishan03_1/index.m3u8
泰山太平岭,https://gcalic.v.myalicdn.com/gc/hkts09_1/index.m3u8
泰山望人松,https://gcalic.v.myalicdn.com/gc/taishan02_1/index.m3u8
泰山玉皇顶,https://gcalic.v.myalicdn.com/gc/taishan06_1/index.m3u8
泰山白云亭悬崖,https://gcalic.v.myalicdn.com/gc/hkts02_1/index.m3u8
泰山碧霞祠,https://gcalic.v.myalicdn.com/gc/hkts03_1/index.m3u8
浙江舟山东极岛,https://gcalic.v.myalicdn.com/gc/djd01_1/index.m3u8
湖南张家界天门山西线玻璃栈道,https://gcalic.v.myalicdn.com/gc/tms05_1/index.m3u8
湖南张家界宝峰湖,https://gcalic.v.myalicdn.com/gc/zjjbfh_1/index.m3u8
湖南张家界御笔峰,https://gcalic.v.myalicdn.com/gc/zjjybf_1/index.m3u8
湖南张家界水绕四门,https://gcalic.v.myalicdn.com/gc/zjjsrsm_1/index.m3u8
狮子山鸟瞰丽江古城,https://gcalic.v.myalicdn.com/gc/ljgcszsnkgc_1/index.m3u8
直播中国,https://gcalic.v.myalicdn.com/gc/wgw05_1/index.m3u8?contentid=2820180516001
直播中国精编直播,https://gcalic.v.myalicdn.com/gc/wgw05_1/index.m3u8
福建武夷山玉女峰,https://gcalic.v.myalicdn.com/gc/wysynf_1/index.m3u8
福建漳州醉美沙滩翡翠湾,https://gcalic.v.myalicdn.com/gc/fcw03_1/index.m3u8
贵州省兴义市万峰林,https://gcalic.v.myalicdn.com/gc/xywfl_1/index.m3u8
都江堰鱼嘴,https://gcalic.v.myalicdn.com/gc/djyqyl1_1/index.m3u8
陕西洋县国宝朱鹮02,https://gcalic.v.myalicdn.com/gc/zh02_1/index.m3u8
雪乡大石碑,https://gcalic.v.myalicdn.com/gc/mdjxxdsb_1/index.m3u8
雪乡梦幻家园,https://gcalic.v.myalicdn.com/gc/mdjxxmhjyxj_1/index.m3u8
青岛崂山八水河,https://gcalic.v.myalicdn.com/gc/qdls02_1/index.m3u8
青岛崂山双福,https://gcalic.v.myalicdn.com/gc/qdls03_1/index.m3u8
鸣沙山,https://gcalic.v.myalicdn.com/gc/dhyyqst_1/index.m3u8
黄山,https://gcalic.v.myalicdn.com/gc/ahhs01_1/index.m3u8
黄山始信新道,https://gcalic.v.myalicdn.com/gc/hsyg_1/index.m3u8
黄山排云亭,https://gcalic.v.myalicdn.com/gc/hspyt_1/index.m3u8
黄山飞来石,https://gcalic.v.myalicdn.com/gc/hsptgy_1/index.m3u8
黄果树六角亭瀑布,https://gcalic.v.myalicdn.com/gc/hgsspzxdpb_1/index.m3u8
黄花城水长城01,https://gcalic.v.myalicdn.com/gc/wgw01_1/index.m3u8
黄花城水长城03,https://gcalic.v.myalicdn.com/gc/wgw03_1/index.m3u8
黄龙,https://gcalic.v.myalicdn.com/gc/hlzycc_1/index.m3u8
2026-09-25 18:28:23,https://vd2.bdstatic.com/mda-sctj0f96cn79js4n/1080p/cae_h264/1774710384405617311/mda-sctj0f96cn79js4n.mp4
www.izbds.com,https://vd2.bdstatic.com/mda-sctj0f96cn79js4n/1080p/cae_h264/1774710384405617311/mda-sctj0f96cn79js4n.mp4
2026-09-28 03:59:46,http:///ottrrs.hl.chinamobile.com/PLTV/88888888/8/3221226016/index.m3u8
浙江钱江,https://ali-m-l.cztv.com/channels/lantian/channel002/1080p.m3u8
浙江民生,https://ali-m-l.cztv.com/channels/lantian/channel006/1080p.m3u8
浙江新闻,https://ali-m-l.cztv.com/channels/lantian/channel007/1080p.m3u8
浙江少儿,https://ali-m-l.cztv.com/channels/lantian/channel008/1080p.m3u8
浙江教科,https://ali-m-l.cztv.com/channels/lantian/channel004/1080p.m3u8
浙江经济,https://ali-m-l.cztv.com/channels/lantian/channel003/1080p.m3u8
之江纪录,https://ali-m-l.cztv.com/channels/lantian/channel012/1080p.m3u8
浙江国际,https://ali-m-l.cztv.com/channels/lantian/channel010/1080p.m3u8
龙泉新闻综合,http://l.cztvcloud.com/channels/lantian/SXlongquan1/720p.m3u8
青田电视台,http://l.cztvcloud.com/channels/lantian/SXqingtian1/720p.m3u8
象山新闻综合,http://l.cztvcloud.com/channels/lantian/SXxiangshan1/720p.m3u8
文成新闻综合,http://l.cztvcloud.com/channels/lantian/SXwencheng1/720p.m3u8
云和新闻综合,http://l.cztvcloud.com/channels/lantian/SXyunhe1/720p.m3u8
苏州文化生活,https://live-auth.51kandianshi.com/szgd/csztv3.m3u8
苏州新闻综合,https://live-auth.51kandianshi.com/szgd/csztv1.m3u8
苏州生活资讯,https://live-auth.51kandianshi.com/szgd/csztv5.m3u8
苏州社会经济,https://live-auth.51kandianshi.com/szgd/csztv2.m3u8
朝阳新闻综合,http://120.76.248.139/live/bfgd/4200000282.m3u8
辽宁北方,http://dassby.qqff.top:99/live/辽宁北方/index.m3u8
辽宁影视剧,http://120.76.248.139/live/bfgd/4200000070.m3u8
辽宁教育青少,http://120.76.248.139/live/bfgd/4200000075.m3u8
辽宁生活,http://dassby.qqff.top:99/live/辽宁生活/index.m3u8
辽宁生活,http://120.76.248.139/live/bfgd/4200000073.m3u8
辽宁经济,http://dassby.qqff.top:99/live/辽宁经济/index.m3u8
辽宁经济,http://120.76.248.139/live/bfgd/4200000480.m3u8
辽宁经济,http://120.76.248.139/live/bfgd/4200000076.m3u8
辽宁都市,http://dassby.qqff.top:99/live/辽宁都市/index.m3u8
辽宁都市,http://120.76.248.139/live/bfgd/4200000068.m3u8
辽宁都市,http://120.76.248.139/live/bfgd/4200000610.m3u8
江夏新闻综合,http://59.175.226.142:280/gb28181/xwzh.m3u8?zhubd=
乐至综合,http://175.155.106.72:89/live1/live1.m3u8?zsicd=
剑阁综合,https://m3u8.channel.dzsm.com/nmip-media/channellive/channel105549/playlist.m3u8
四川科教,http://182.150.115.21:8030/pcgacg/pcgacg_0.m3u8
广元公共,https://m3u8.channel.dzsm.com/nmip-media/channellive/channel101257/playlist.m3u8
广元综合,https://m3u8.channel.dzsm.com/nmip-media/channellive/channel100999/playlist.m3u8
朝天综合,https://m3u8.channel.dzsm.com/nmip-media/channellive/channel104601/playlist.m3u8
沐川综合,rtmp://tv.mcrm.org.cn:1935/channellive/tv01
石棉综合,rtmp://tv.yunxya.com:1937/channellive/shimian
荥经综合,https://m3u8channel-yj.yunxya.com/nmip-media/channellive/channel101140/playlist.m3u8
金川乡村,http://live.jinchuanrmt.com:90/live/jcxc.m3u8?zsicd=
金川新闻综合,http://live.jinchuanrmt.com:90/live/zhxw.m3u8?zsicd=
雅安新闻综合,https://play.yunxya.com/channellive/xinwen.m3u8
青川综合,http://qcfile.qcrmt.com/nmip-media/channellive/channel100933/playlist.m3u8
厦门卫视,http://e2.woc.iiiya.cn:28888/rtp/239.61.2.11:8060
海南新闻,http://nn.7x9d.cn/地方台8563/海南.php?id=xwpd
海南自贸,http://nn.7x9d.cn/地方台8563/海南.php?id=jjpd
海南文旅,http://nn.7x9d.cn/地方台8563/海南.php?id=wlpd
海南少儿,http://nn.7x9d.cn/地方台8563/海南.php?id=sepd
海南公共,http://nn.7x9d.cn/地方台8563/海南.php?id=ggpd
河南都市,http://www.lwfz.fun:8800/rtp/239.16.20.164:11640
河南民生,http://www.lwfz.fun:8800/rtp/239.16.20.165:11650
河北都市,http://1.94.31.214/php/hebei.php?id=hbds
河北农民,http://1.94.31.214/php/hebei.php?id=nmpd
延边卫视,http://120.76.248.139/live/bfgd/4200000117.m3u8
靖宇综合,http://stream8.jlntv.cn/jytv/playlist.m3u8
桦甸综合,http://stream10.jlntv.cn/huadian/playlist.m3u8
东丰综合,http://stream5.jlntv.cn/df/playlist.m3u8
柳河综合,http://stream5.jlntv.cn/lh/playlist.m3u8
黑龙江文体,http:///ottrrs.hl.chinamobile.com/PLTV/88888888/8/3221226239/index.m3u8
黑龙江新闻法治,http:///ottrrs.hl.chinamobile.com/PLTV/88888888/8/3221226330/index.m3u8
黑龙江影视,http:///ottrrs.hl.chinamobile.com/PLTV/88888888/8/3221226298/index.m3u8
黑龙江都市,http:///ottrrs.hl.chinamobile.com/PLTV/88888888/8/3221226301/index.m3u8
黑龙江少儿,http:///ottrrs.hl.chinamobile.com/PLTV/88888888/8/3221226304/index.m3u8
哈尔滨新闻综合,http://stream.hrbtv.net/xwzh/sd/live.m3u8?zheild=
哈尔滨影视,http://stream.hrbtv.net/yspd/sd/live.m3u8?zheild=
哈尔滨影视,http://stream.hrbtv.net/yspd/playlist.m3u8
哈尔滨资讯,http://stream.hrbtv.net/zxpd/playlist.m3u8
哈尔滨生活,http://stream.hrbtv.net/shpd/playlist.m3u8
哈尔滨生活,http://stream.hrbtv.net/shpd/sd/live.m3u8?zheild=
哈尔滨娱乐,http://stream.hrbtv.net/ylpd/playlist.m3u8
哈尔滨娱乐,http://stream.hrbtv.net/ylpd/sd/live.m3u8?zheild=
七台河新闻综合,http://live.qthnews.org.cn:1935/live/live1/800k/tzwj_video.m3u8
佳木斯新闻综合,http:///ottrrs.hl.chinamobile.com/PLTV/88888888/8/3221226451/index.m3u8
纬来体育,rtmp://f13h.mine.nu/sat/tv721
纬来育乐,rtmp://f13h.mine.nu/sat/tv701
辽宁体育,http://dassby.qqff.top:99/live/辽宁体育/index.m3u8
快乐垂钓,http://drive.mxmy.net:8888/udp/239.3.1.164:8001
2026-09-28 04:37:10,https://my9.ltd/momo-480.mp4
ViuTVsix,http://110.235.82.60:8001/bysid/96
ViuTV,http://110.235.82.60:8001/bysid/99
//湖北襄阳联通
有线新闻,http://61.10.2.140:80/live_freedirect/freehd209_h.live/chunklist_w135209556.m3u8
有线新闻,http://61.10.2.141/live_freedirect/freehd209_h.live/playlist.m3u
有线新闻,http://61.10.2.141/live_freedirect/freehd209_h.live/playlist.m3u8
寰宇娱乐,http://61.10.2.145/live_freedirect/freehd209_h.live/chunklist.m3u8
人間衛視,http://61.216.67.119:1935/bltvhd/bltv1/chunklist_w1266569526.m3u
人间卫视,http://61.216.67.119:1935/bltvhd/bltv1/chunklist_w1266569526.m3u8
探索,http://61.221.215.25:8800/hls/1/index.m3u8
八大戏剧台,http://61.221.215.25:8800/hls/39/index.m3u8
动漫,http://61.221.215.25:8800/hls/40/index.m3u8
三立戏剧台,http://61.221.215.25:8800/hls/41/index.m3u8
Amc电影台,http://61.221.215.25:8800/hls/43/index.m3u8
中天娱乐,http://61.221.215.25:8800/hls/47/index.m3u8
纬来精彩,http://61.221.215.25:8800/hls/48/index.m3u8
音乐,http://61.221.215.25:8800/hls/49/index.m3u8
AMAH,http://61.221.215.25:8800/hls/50/index.m3u8
NHK,http://61.221.215.25:8800/hls/51/index.m3u8
八大第一,http://61.221.215.25:8800/hls/55/index.m3u8
八大综合,http://61.221.215.25:8800/hls/56/index.m3u8
动物世界,http://61.221.215.25:8800/hls/57/index.m3u8
SPOTISY,http://61.221.215.25:8800/hls/58/index.m3u8
TVBS新闻,http://61.221.215.25:8800/hls/9/index.m3u8
//
Plus综合Pdtv,http://rihou.cc:555/tv/[Pd]Plus综合
凤凰中文Pdtv,http://rihou.cc:555/tv/[Pd]凤凰中文
凤凰资讯Pdtv,http://rihou.cc:555/tv/[Pd]凤凰资讯
凤凰香港Pdtv,http://rihou.cc:555/tv/[Pd]凤凰香港
有线新闻Pdtv,http://rihou.cc:555/tv/[Pd]有线新闻
有线综合Pdtv,http://rihou.cc:555/tv/[Pd]有线综合
无线新闻Pdtv,http://rihou.cc:555/tv/[Pd]无线新闻
无线翡翠Pdtv,http://rihou.cc:555/tv/[Pd]无线翡翠
无线翡翠4Ktv,http://rihou.cc:555/tv/[Pd]无线翡4K
无线华丽Pdtv,http://rihou.cc:555/tv/[Pd]无线华丽
无线明珠Pdtv,http://rihou.cc:555/tv/[Pd]无线明珠
无线星河Pdtv,http://rihou.cc:555/tv/[Pd]无线星河
无线功夫Pdtv,http://rihou.cc:555/tv/[Pd]无线功夫
澳视澳门Pdtv,http://rihou.cc:555/tv/[Pd]澳视澳门
澳视卫星Pdtv,http://rihou.cc:555/tv/[Pd]澳视卫星
澳门体育Pdtv,http://rihou.cc:555/tv/[Pd]澳门体育
澳门综艺Pdtv,http://rihou.cc:555/tv/[Pd]澳门综艺
澳门莲花Pdtv,http://rihou.cc:555/tv/[Pd]澳门莲花
央视综合Pdtv,http://rihou.cc:555/tv/[Pd]央视综合
重温经典Pdtv,http://rihou.cc:555/tv/[Pd]重温经典
龙华电影Pdtv,http://rihou.cc:555/tv/[Pd]龙华电影
龙华经典Pdtv,http://rihou.cc:555/tv/[Pd]龙华经典
龙华偶像Pdtv,http://rihou.cc:555/tv/[Pd]龙华偶像
龙华日韩Pdtv,http://rihou.cc:555/tv/[Pd]龙华日韩
龙华戏剧Pdtv,http://rihou.cc:555/tv/[Pd]龙华戏剧
CHU综合Pdtv,http://rihou.cc:555/tv/[Pd]CHU综合
CH5综合Pdtv,http://rihou.cc:555/tv/[Pd]CH5综合
CH8综合Pdtv,http://rihou.cc:555/tv/[Pd]CH8综合
八度空间Pdtv,http://rihou.cc:555/tv/[Pd]八度空间
北京密云古北水镇,https://gctxyc.liveplay.myqcloud.com/gc/dlst03_1/index.m3u8
北京门头沟清水镇黄安坨村,https://gctxyc.liveplay.myqcloud.com/gc/lpsgmjng01_1/index.m3u8
安徽黄山风景区卧云峰,https://gctxyc.liveplay.myqcloud.com/gc/wgw02_1/index.m3u8
安徽黄山风景区飞来石,https://gctxyc.liveplay.myqcloud.com/gc/hsptgy_1/index.m3u8
江苏南京玄武湖景区,https://gctxyc.liveplay.myqcloud.com/gc/xwh01_1/index.m3u8
江苏徐州之夜,https://gctxyc.liveplay.myqcloud.com/gc/hspyt_1/index.m3u8
浙江嘉兴乌镇,https://gctxyc.liveplay.myqcloud.com/gc/zjwzblt_1/index.m3u8
浙江舟山嵊泗县中心渔港,https://gctxyc.liveplay.myqcloud.com/gc/emsyh_1/index.m3u8
广东韶关车八岭自然保护区,https://gctxyc.liveplay.myqcloud.com/gc/zjjjjdl_1/index.m3u8
广东汕头公园,https://gctxyc.liveplay.myqcloud.com/gc/bsszjs_1/index.m3u8
湖北武汉黄鹤楼,https://gctxyc.liveplay.myqcloud.com/gc/djyqyl1_1/index.m3u8
湖南邵阳崀山风景名胜区,https://gctxyc.liveplay.myqcloud.com/gc/hkts02_1/index.m3u8
第一财经HD,http://116.230.54.58:33988/rtp/233.18.204.65:5140
第一财经HD,http://116.230.54.58:33988/rtp/233.18.204.59:5140
第一财经SD,http://116.230.54.58:33988/rtp/233.18.204.5:5140
第一财经HD,http://101.81.77.3:9999/rtp/233.18.204.65:5140
第一财经HD,http://101.81.77.3:9999/rtp/233.18.204.59:5140
第一财经SD,http://101.81.77.3:9999/rtp/233.18.204.5:5140
深圳财经生活,http://121.10.7.16:4000/udp/239.77.1.242:5146
深圳财经生活,http://61.145.188.90:50055/udp/239.77.1.242:5146
第一财经HD,http://106.111.244.12:58099/rtp/239.49.8.37:8000
东方财经HD,http://106.111.244.12:58099/rtp/239.49.0.95:8000
第一财经HD,http://222.92.158.110:9889/rtp/239.49.8.37:8000
东方财经HD,http://222.92.158.110:9889/rtp/239.49.0.95:8000
北京财经频道,http://123.120.49.149:4022/rtp/239.3.1.116:8000
北京财经频道,http://124.65.0.49:20000/rtp/239.3.1.116:8000
东方财经,http://39.87.249.126:8090/udp/239.253.254.94:8000
凤凰资讯,http://113.221.59.169:4000/udp/239.76.253.135:9000
上海东方财经,http://113.221.59.169:4000/udp/239.76.254.69:9000
凤凰资讯,http://113.221.59.169:4000/udp/239.76.246.135:1234
上海东方财经,http://124.165.232.26:8085/rtp/226.0.2.76:8520
上海东方财经,http://124.165.232.26:8082/rtp/226.0.2.76:8520
凤凰资讯HD,http://182.135.66.163:18888/rtp/239.94.2.49:5140
凤凰资讯HD,http://182.135.66.163:18888/rtp/239.94.2.50:5140
东方财经HD,http://182.135.66.163:18888/rtp/239.94.1.59:5140
东方财经,http://182.135.66.163:18888/rtp/239.94.2.236:5140
凤凰资讯HD,http://182.135.66.163:1888/rtp/239.94.2.49:5140
凤凰资讯HD,http://182.135.66.163:1888/rtp/239.94.2.50:5140
东方财经HD,http://182.135.66.163:1888/rtp/239.94.1.59:5140
东方财经,http://182.135.66.163:1888/rtp/239.94.2.236:5140
上海东方财经,http://60.30.67.45:8834/rtp/225.1.1.247:5002
上海东方财经,http://60.30.67.44:8834/rtp/225.1.1.247:5002
CCTV4K,http://116.230.54.58:33988/rtp/233.18.204.188:5140
CCTV4K,http://116.230.54.58:33988/rtp/233.18.204.204:5140
北京卫视4K,http://116.230.54.58:33988/rtp/233.18.204.209:5140
东方卫视4K,http://116.230.54.58:33988/rtp/233.18.204.224:5140
广东卫视4K,http://116.230.54.58:33988/rtp/233.18.204.218:5140
深圳卫视4K,http://116.230.54.58:33988/rtp/233.18.204.219:5140
湖南卫视4K,http://116.230.54.58:33988/rtp/233.18.204.227:5140
山东卫视4K,http://116.230.54.58:33988/rtp/233.18.204.228:5140
四川卫视4K,http://116.230.54.58:33988/rtp/233.18.204.225:5140
浙江卫视4K,http://116.230.54.58:33988/rtp/233.18.204.229:5140
江苏卫视4K,http://116.230.54.58:33988/rtp/233.18.204.226:5140
欢笑剧场4K,http://116.230.54.58:33988/rtp/233.18.204.115:5140
欢笑剧场4K,http://116.230.54.58:33988/rtp/233.18.204.205:5140
BesTV4K动画,http://116.230.54.58:33988/rtp/233.18.204.171:5140
BesTV4K电影,http://116.230.54.58:33988/rtp/233.18.204.169:5140
BesTV4K记录,http://116.230.54.58:33988/rtp/233.18.204.170:5140
天翼高清4K,http://116.230.54.58:33988/rtp/233.18.204.201:5140
四川卫视4KHD,http://116.230.54.58:33988/rtp/233.18.204.99:5140
CCTV4K,http://101.81.77.3:9999/rtp/233.18.204.188:5140
CCTV4K,http://101.81.77.3:9999/rtp/233.18.204.204:5140
北京卫视4K,http://101.81.77.3:9999/rtp/233.18.204.209:5140
东方卫视4K,http://101.81.77.3:9999/rtp/233.18.204.224:5140
广东卫视4K,http://101.81.77.3:9999/rtp/233.18.204.218:5140
深圳卫视4K,http://101.81.77.3:9999/rtp/233.18.204.219:5140
湖南卫视4K,http://101.81.77.3:9999/rtp/233.18.204.227:5140
山东卫视4K,http://101.81.77.3:9999/rtp/233.18.204.228:5140
四川卫视4K,http://101.81.77.3:9999/rtp/233.18.204.225:5140
浙江卫视4K,http://101.81.77.3:9999/rtp/233.18.204.229:5140
江苏卫视4K,http://101.81.77.3:9999/rtp/233.18.204.226:5140
欢笑剧场4K,http://101.81.77.3:9999/rtp/233.18.204.115:5140
欢笑剧场4K,http://101.81.77.3:9999/rtp/233.18.204.205:5140
BesTV4K动画,http://101.81.77.3:9999/rtp/233.18.204.171:5140
BesTV4K电影,http://101.81.77.3:9999/rtp/233.18.204.169:5140
BesTV4K记录,http://101.81.77.3:9999/rtp/233.18.204.170:5140
天翼高清4K,http://101.81.77.3:9999/rtp/233.18.204.201:5140
四川卫视4KHD,http://101.81.77.3:9999/rtp/233.18.204.99:5140
真4K,http://183.222.15.202:4321/rtp/239.11.0.122:5140
真4K,http://183.220.107.138:4022/rtp/239.11.0.122:5140
广东卫视4K,http://121.10.7.16:4000/udp/239.77.0.65:5146
广东卫视4K,http://121.10.7.16:4000/udp/239.77.0.66:5146
深圳卫视4K,http://121.10.7.16:4000/udp/239.77.0.67:5146
湖南卫视4K,http://121.10.7.16:4000/udp/239.77.0.56:5146
江苏卫视4K,http://121.10.7.16:4000/udp/239.77.0.57:5146
浙江卫视4K,http://121.10.7.16:4000/udp/239.77.0.58:5146
东方卫视4K,http://121.10.7.16:4000/udp/239.77.0.59:5146
四川卫视4K,http://121.10.7.16:4000/udp/239.77.0.60:5146
山东卫视4K,http://121.10.7.16:4000/udp/239.77.0.61:5146
广东综艺4K,http://121.10.7.16:4000/udp/239.77.0.252:5146
广东4K超高清,http://121.10.7.16:4000/udp/239.77.0.245:5146
广东4K超高清,http://121.10.7.16:4000/udp/239.77.1.237:5146
广东4K超高清,http://121.10.7.16:4000/udp/239.77.0.244:5146
南国都市4K,http://121.10.7.16:4000/udp/239.253.43.99:5146
CCTV-4K超高清,http://121.10.7.16:4000/udp/239.77.0.194:5146
CCTV-4K超高清,http://121.10.7.16:4000/udp/239.77.0.174:5146
广东卫视4K,http://61.145.188.90:50055/udp/239.77.0.65:5146
广东卫视4K,http://61.145.188.90:50055/udp/239.77.0.66:5146
深圳卫视4K,http://61.145.188.90:50055/udp/239.77.0.67:5146
湖南卫视4K,http://61.145.188.90:50055/udp/239.77.0.56:5146
江苏卫视4K,http://61.145.188.90:50055/udp/239.77.0.57:5146
浙江卫视4K,http://61.145.188.90:50055/udp/239.77.0.58:5146
东方卫视4K,http://61.145.188.90:50055/udp/239.77.0.59:5146
四川卫视4K,http://61.145.188.90:50055/udp/239.77.0.60:5146
山东卫视4K,http://61.145.188.90:50055/udp/239.77.0.61:5146
广东综艺4K,http://61.145.188.90:50055/udp/239.77.0.252:5146
广东4K超高清,http://61.145.188.90:50055/udp/239.77.0.245:5146
广东4K超高清,http://61.145.188.90:50055/udp/239.77.1.237:5146
广东4K超高清,http://61.145.188.90:50055/udp/239.77.0.244:5146
南国都市4K,http://61.145.188.90:50055/udp/239.253.43.99:5146
CCTV-4K超高清,http://61.145.188.90:50055/udp/239.77.0.194:5146
CCTV-4K超高清,http://61.145.188.90:50055/udp/239.77.0.174:5146
北京卫视4K,http://106.111.244.12:58099/rtp/239.49.0.253:8000
北京卫视4K,http://106.111.244.12:58099/rtp/239.49.0.42:8000
东方卫视4K,http://106.111.244.12:58099/rtp/239.49.1.70:8000
东方卫视4K,http://106.111.244.12:58099/rtp/239.49.8.38:8000
广东卫视4K,http://106.111.244.12:58099/rtp/239.49.1.26:8000
广东卫视4K,http://106.111.244.12:58099/rtp/239.49.1.24:8000
湖南卫视4K,http://106.111.244.12:58099/rtp/239.49.1.68:8000
欢笑剧场4K,http://106.111.244.12:58099/rtp/239.49.8.106:8000
江苏卫视4K,http://106.111.244.12:58099/rtp/239.49.1.61:8000
江苏卫视4K,http://106.111.244.12:58099/rtp/239.49.8.82:8000
江苏卫视4K,http://106.111.244.12:58099/rtp/239.49.1.62:8000
山东卫视4K,http://106.111.244.12:58099/rtp/239.49.1.72:8000
深圳卫视4K,http://106.111.244.12:58099/rtp/239.49.1.28:8000
深圳卫视4K,http://106.111.244.12:58099/rtp/239.49.1.27:8000
四川卫视4K,http://106.111.244.12:58099/rtp/239.49.1.66:8000
浙江卫视4K,http://106.111.244.12:58099/rtp/239.49.1.64:8000
北京卫视4K,http://222.92.158.110:9889/rtp/239.49.0.253:8000
北京卫视4K,http://222.92.158.110:9889/rtp/239.49.0.42:8000
东方卫视4K,http://222.92.158.110:9889/rtp/239.49.1.70:8000
东方卫视4K,http://222.92.158.110:9889/rtp/239.49.8.38:8000
广东卫视4K,http://222.92.158.110:9889/rtp/239.49.1.26:8000
广东卫视4K,http://222.92.158.110:9889/rtp/239.49.1.24:8000
湖南卫视4K,http://222.92.158.110:9889/rtp/239.49.1.68:8000
欢笑剧场4K,http://222.92.158.110:9889/rtp/239.49.8.106:8000
江苏卫视4K,http://222.92.158.110:9889/rtp/239.49.1.61:8000
江苏卫视4K,http://222.92.158.110:9889/rtp/239.49.8.82:8000
江苏卫视4K,http://222.92.158.110:9889/rtp/239.49.1.62:8000
山东卫视4K,http://222.92.158.110:9889/rtp/239.49.1.72:8000
深圳卫视4K,http://222.92.158.110:9889/rtp/239.49.1.28:8000
深圳卫视4K,http://222.92.158.110:9889/rtp/239.49.1.27:8000
四川卫视4K,http://222.92.158.110:9889/rtp/239.49.1.66:8000
浙江卫视4K,http://222.92.158.110:9889/rtp/239.49.1.64:8000
华数爱上4K,http://123.120.49.149:4022/rtp/239.3.1.236:2000
北京IPTV4K超清,http://123.120.49.149:4022/rtp/239.3.1.249:8001
华数爱上4K,http://124.65.0.49:20000/rtp/239.3.1.236:2000
北京IPTV4K超清,http://124.65.0.49:20000/rtp/239.3.1.249:8001
浙江卫视4K,http://39.87.249.126:8090/udp/239.253.242.27:8000
湖南卫视4K,http://39.87.249.126:8090/udp/239.253.242.28:8000
深圳卫视4K,http://39.87.249.126:8090/udp/239.253.242.61:8000
广东卫视4K,http://39.87.249.126:8090/udp/239.253.242.108:8000
四川卫视4K,http://39.87.249.126:8090/udp/239.253.242.123:8000
东方卫视4K,http://39.87.249.126:8090/udp/239.253.242.176:8000
北京卫视4K,http://39.87.249.126:8090/udp/239.253.242.200:8000
CCTV-4K超高清,http://113.221.59.169:4000/udp/239.76.254.101:9000
CCTV-4K超高清,http://113.221.59.169:4000/udp/239.76.254.64:9000
北京卫视4K超高清,http://113.221.59.169:4000/udp/239.76.253.246:9000
试播4K超高清,http://113.221.59.169:4000/udp/239.76.253.214:9000
上海欢笑剧场4K,http://113.221.59.169:4000/udp/239.76.254.66:9000
试播4K超高清,http://113.221.59.169:4000/udp/239.76.246.214:1234
北京卫视4K,http://124.165.232.26:8085/rtp/226.0.2.155:9172
深圳卫视4K,http://124.165.232.26:8085/rtp/226.0.1.244:2119
广东卫视4K,http://124.165.232.26:8085/rtp/226.0.1.245:2120
东方卫视4K,http://124.165.232.26:8085/rtp/226.0.1.248:2121
江苏卫视4K,http://124.165.232.26:8085/rtp/226.0.1.249:2122
浙江卫视4K,http://124.165.232.26:8085/rtp/226.0.1.247:2123
山东卫视4K,http://124.165.232.26:8085/rtp/226.0.1.251:2124
湖南卫视4K,http://124.165.232.26:8085/rtp/226.0.1.246:2125
四川卫视4K,http://124.165.232.26:8085/rtp/226.0.1.250:2126
北京卫视4K,http://124.165.232.26:8082/rtp/226.0.2.155:9172
深圳卫视4K,http://124.165.232.26:8082/rtp/226.0.1.244:2119
广东卫视4K,http://124.165.232.26:8082/rtp/226.0.1.245:2120
东方卫视4K,http://124.165.232.26:8082/rtp/226.0.1.248:2121
江苏卫视4K,http://124.165.232.26:8082/rtp/226.0.1.249:2122
浙江卫视4K,http://124.165.232.26:8082/rtp/226.0.1.247:2123
山东卫视4K,http://124.165.232.26:8082/rtp/226.0.1.251:2124
湖南卫视4K,http://124.165.232.26:8082/rtp/226.0.1.246:2125
四川卫视4K,http://124.165.232.26:8082/rtp/226.0.1.250:2126
CCTV4K,http://182.135.66.163:18888/rtp/239.94.0.20:5140
北京卫视4K,http://182.135.66.163:18888/rtp/239.94.0.111:5140
北京卫视4K,http://182.135.66.163:18888/rtp/239.94.0.112:5140
东方卫视4K,http://182.135.66.163:18888/rtp/239.94.0.119:5140
广东卫视4K,http://182.135.66.163:18888/rtp/239.94.0.114:5140
深圳卫视4K,http://182.135.66.163:18888/rtp/239.94.0.113:5140
湖南卫视4K,http://182.135.66.163:18888/rtp/239.94.0.116:5140
山东卫视4K,http://182.135.66.163:18888/rtp/239.94.0.120:5140
四川卫视4K,http://182.135.66.163:18888/rtp/239.94.0.115:5140
浙江卫视4K,http://182.135.66.163:18888/rtp/239.94.0.118:5140
江苏卫视4K,http://182.135.66.163:18888/rtp/239.94.0.117:5140
欢笑剧场4K,http://182.135.66.163:18888/rtp/239.94.1.176:5140
爱上4K,http://182.135.66.163:18888/rtp/239.94.0.21:5140
4K乐享超清,http://182.135.66.163:18888/rtp/239.94.1.162:5140
4K少儿,http://182.135.66.163:18888/rtp/239.94.1.70:5140
4K纪实,http://182.135.66.163:18888/rtp/239.94.1.69:5140
4K视界,http://182.135.66.163:18888/rtp/239.94.1.60:5140
亲子趣学4k,http://182.135.66.163:18888/rtp/239.94.1.156:5140
天翼高清4K,http://182.135.66.163:18888/rtp/239.94.2.40:5140
天翼高清4K,http://182.135.66.163:18888/rtp/239.94.2.41:5140
绚影4K,http://182.135.66.163:18888/rtp/239.94.1.150:5140
CCTV4K,http://182.135.66.163:18888/rtp/239.94.2.163:5140
CCTV4K,http://182.135.66.163:1888/rtp/239.94.0.20:5140
北京卫视4K,http://182.135.66.163:1888/rtp/239.94.0.111:5140
北京卫视4K,http://182.135.66.163:1888/rtp/239.94.0.112:5140
东方卫视4K,http://182.135.66.163:1888/rtp/239.94.0.119:5140
广东卫视4K,http://182.135.66.163:1888/rtp/239.94.0.114:5140
深圳卫视4K,http://182.135.66.163:1888/rtp/239.94.0.113:5140
湖南卫视4K,http://182.135.66.163:1888/rtp/239.94.0.116:5140
山东卫视4K,http://182.135.66.163:1888/rtp/239.94.0.120:5140
四川卫视4K,http://182.135.66.163:1888/rtp/239.94.0.115:5140
浙江卫视4K,http://182.135.66.163:1888/rtp/239.94.0.118:5140
江苏卫视4K,http://182.135.66.163:1888/rtp/239.94.0.117:5140
欢笑剧场4K,http://182.135.66.163:1888/rtp/239.94.1.176:5140
爱上4K,http://182.135.66.163:1888/rtp/239.94.0.21:5140
4K乐享超清,http://182.135.66.163:1888/rtp/239.94.1.162:5140
4K少儿,http://182.135.66.163:1888/rtp/239.94.1.70:5140
4K纪实,http://182.135.66.163:1888/rtp/239.94.1.69:5140
4K视界,http://182.135.66.163:1888/rtp/239.94.1.60:5140
亲子趣学4k,http://182.135.66.163:1888/rtp/239.94.1.156:5140
天翼高清4K,http://182.135.66.163:1888/rtp/239.94.2.40:5140
天翼高清4K,http://182.135.66.163:1888/rtp/239.94.2.41:5140
绚影4K,http://182.135.66.163:1888/rtp/239.94.1.150:5140
CCTV4K,http://182.135.66.163:1888/rtp/239.94.2.163:5140
CETV1HD,http://116.230.54.58:33988/rtp/233.18.204.98:5140
CETV4HD,http://116.230.54.58:33988/rtp/233.18.204.111:5140
CETV早期教育HD,http://116.230.54.58:33988/rtp/233.18.204.187:5140
CHC影迷电影HD,http://116.230.54.58:33988/rtp/233.18.204.175:5140
第一剧场HD,http://116.230.54.58:33988/rtp/233.18.204.184:5140
风云剧场HD,http://116.230.54.58:33988/rtp/233.18.204.183:5140
风云足球HD,http://116.230.54.58:33988/rtp/233.18.204.176:5140
风云音乐HD,http://116.230.54.58:33988/rtp/233.18.204.185:5140
世界地理HD,http://116.230.54.58:33988/rtp/233.18.204.179:5140
怀旧剧场HD,http://116.230.54.58:33988/rtp/233.18.204.182:5140
兵器科技HD,http://116.230.54.58:33988/rtp/233.18.204.178:5140
女性时尚HD,http://116.230.54.58:33988/rtp/233.18.204.180:5140
高尔夫网球HD,http://116.230.54.58:33988/rtp/233.18.204.181:5140
央视台球HD,http://116.230.54.58:33988/rtp/233.18.204.177:5140
法治天地HD,http://116.230.54.58:33988/rtp/233.18.204.49:5140
游戏风云HD,http://116.230.54.58:33988/rtp/233.18.204.44:5140
茶频道HD,http://116.230.54.58:33988/rtp/233.18.204.43:5140
金色学堂HD,http://116.230.54.58:33988/rtp/233.18.204.66:5140
金鹰纪实HD,http://116.230.54.58:33988/rtp/233.18.204.104:5140
快乐垂钓HD,http://116.230.54.58:33988/rtp/233.18.204.42:5140
生活时尚HD,http://116.230.54.58:33988/rtp/233.18.204.45:5140
乐游HD,http://116.230.54.58:33988/rtp/233.18.204.47:5140
动漫秀场HD,http://116.230.54.58:33988/rtp/233.18.204.46:5140
动漫秀场HD,http://116.230.54.58:33988/rtp/233.18.204.54:5140
旅游卫视HD,http://116.230.54.58:33988/rtp/233.18.204.102:5140
兵团卫视HD,http://116.230.54.58:33988/rtp/233.18.204.221:5140
上海都市HD,http://116.230.54.58:33988/rtp/233.18.204.53:5140
上海教育HD,http://116.230.54.58:33988/rtp/233.18.204.63:5140
第一财经HD,http://116.230.54.58:33988/rtp/233.18.204.65:5140
第一财经HD,http://116.230.54.58:33988/rtp/233.18.204.59:5140
都市剧场HD,http://116.230.54.58:33988/rtp/233.18.204.48:5140
欢笑剧场HD,http://116.230.54.58:33988/rtp/233.18.204.50:5140
欢笑剧场HD,http://116.230.54.58:33988/rtp/233.18.204.55:5140
财富天下HD,http://116.230.54.58:33988/rtp/233.18.204.231:5140
BesTV电影介绍HD,http://116.230.54.58:33988/rtp/233.18.204.116:5140
上海新闻综合HD,http://116.230.54.58:33988/rtp/233.18.204.57:5140
文化精品HD,http://116.230.54.58:33988/rtp/233.18.204.186:5140
未知节目HD,http://116.230.54.58:33988/rtp/233.18.204.202:5140
百事通画面HD,http://116.230.54.58:33988/rtp/233.18.204.158:5140
百事通画面HD,http://116.230.54.58:33988/rtp/233.18.204.159:5140
百事通画面HD,http://116.230.54.58:33988/rtp/233.18.204.160:5140
百事通画面HD,http://116.230.54.58:33988/rtp/233.18.204.161:5140
百事通画面HD,http://116.230.54.58:33988/rtp/233.18.204.162:5140
百事通画面HD,http://116.230.54.58:33988/rtp/233.18.204.163:5140
百事通画面HD,http://116.230.54.58:33988/rtp/233.18.204.164:5140
百事通画面HD,http://116.230.54.58:33988/rtp/233.18.204.165:5140
百事通画面HD,http://116.230.54.58:33988/rtp/233.18.204.166:5140
百事通画面HD,http://116.230.54.58:33988/rtp/233.18.204.167:5140
CCTV1SD,http://116.230.54.58:33988/rtp/233.18.204.20:5140
CCTV2SD,http://116.230.54.58:33988/rtp/233.18.204.21:5140
CCTV3SD,http://116.230.54.58:33988/rtp/233.18.204.22:5140
CCTV4SD,http://116.230.54.58:33988/rtp/233.18.204.23:5140
CCTV5SD,http://116.230.54.58:33988/rtp/233.18.204.24:5140
CCTV6SD,http://116.230.54.58:33988/rtp/233.18.204.25:5140
CCTV7SD,http://116.230.54.58:33988/rtp/233.18.204.26:5140
CCTV8SD,http://116.230.54.58:33988/rtp/233.18.204.27:5140
CCTV9SD,http://116.230.54.58:33988/rtp/233.18.204.40:5140
CCTV10SD,http://116.230.54.58:33988/rtp/233.18.204.29:5140
CCTV11SD,http://116.230.54.58:33988/rtp/233.18.204.30:5140
CCTV12SD,http://116.230.54.58:33988/rtp/233.18.204.31:5140
CCTV13SD,http://116.230.54.58:33988/rtp/233.18.204.32:5140
CCTV14SD,http://116.230.54.58:33988/rtp/233.18.204.33:5140
CCTV15SD,http://116.230.54.58:33988/rtp/233.18.204.34:5140
CCTV17SD,http://116.230.54.58:33988/rtp/233.18.204.35:5140
CETV1SD,http://116.230.54.58:33988/rtp/233.18.204.153:5140
CETV2SD,http://116.230.54.58:33988/rtp/233.18.204.154:5140
CGTNSD,http://116.230.54.58:33988/rtp/233.18.204.28:5140
法治天地SD,http://116.230.54.58:33988/rtp/233.18.204.12:5140
游戏风云SD,http://116.230.54.58:33988/rtp/233.18.204.13:5140
金色学堂SD,http://116.230.54.58:33988/rtp/233.18.204.14:5140
重庆卫视SD,http://116.230.54.58:33988/rtp/233.18.204.143:5140
江苏卫视SD,http://116.230.54.58:33988/rtp/233.18.204.120:5140
东方卫视SD,http://116.230.54.58:33988/rtp/233.18.204.1:5140
深圳卫视SD,http://116.230.54.58:33988/rtp/233.18.204.146:5140
北京卫视SD,http://116.230.54.58:33988/rtp/233.18.204.210:5140
北京卫视SD,http://116.230.54.58:33988/rtp/233.18.204.118:5140
山东卫视SD,http://116.230.54.58:33988/rtp/233.18.204.125:5140
天津卫视SD,http://116.230.54.58:33988/rtp/233.18.204.129:5140
贵州卫视SD,http://116.230.54.58:33988/rtp/233.18.204.144:5140
四川卫视SD,http://116.230.54.58:33988/rtp/233.18.204.124:5140
云南卫视SD,http://116.230.54.58:33988/rtp/233.18.204.136:5140
广西卫视SD,http://116.230.54.58:33988/rtp/233.18.204.123:5140
黑龙江卫视SD,http://116.230.54.58:33988/rtp/233.18.204.139:5140
安徽卫视SD,http://116.230.54.58:33988/rtp/233.18.204.127:5140
山西卫视SD,http://116.230.54.58:33988/rtp/233.18.204.132:5140
江西卫视SD,http://116.230.54.58:33988/rtp/233.18.204.130:5140
湖北卫视SD,http://116.230.54.58:33988/rtp/233.18.204.142:5140
旅游卫视SD,http://116.230.54.58:33988/rtp/233.18.204.122:5140
陕西卫视SD,http://116.230.54.58:33988/rtp/233.18.204.135:5140
东南卫视SD,http://116.230.54.58:33988/rtp/233.18.204.128:5140
吉林卫视SD,http://116.230.54.58:33988/rtp/233.18.204.131:5140
辽宁卫视SD,http://116.230.54.58:33988/rtp/233.18.204.126:5140
内蒙古卫视SD,http://116.230.54.58:33988/rtp/233.18.204.141:5140
湖南卫视SD,http://116.230.54.58:33988/rtp/233.18.204.119:5140
广东卫视SD,http://116.230.54.58:33988/rtp/233.18.204.138:5140
河南卫视SD,http://116.230.54.58:33988/rtp/233.18.204.145:5140
河北卫视SD,http://116.230.54.58:33988/rtp/233.18.204.140:5140
宁夏卫视SD,http://116.230.54.58:33988/rtp/233.18.204.117:5140
甘肃卫视SD,http://116.230.54.58:33988/rtp/233.18.204.137:5140
青海卫视SD,http://116.230.54.58:33988/rtp/233.18.204.133:5140
新疆卫视SD,http://116.230.54.58:33988/rtp/233.18.204.147:5140
西藏卫视SD,http://116.230.54.58:33988/rtp/233.18.204.134:5140
兵团卫视SD,http://116.230.54.58:33988/rtp/233.18.204.148:5140
三沙卫视SD,http://116.230.54.58:33988/rtp/233.18.204.149:5140
延边卫视SD,http://116.230.54.58:33988/rtp/233.18.204.155:5140
金鹰卡通SD,http://116.230.54.58:33988/rtp/233.18.204.150:5140
嘉佳卡通SD,http://116.230.54.58:33988/rtp/233.18.204.151:5140
哈哈炫动SD,http://116.230.54.58:33988/rtp/233.18.204.7:5140
卡酷少儿SD,http://116.230.54.58:33988/rtp/233.18.204.152:5140
上海都市SD,http://116.230.54.58:33988/rtp/233.18.204.2:5140
东方影视SD,http://116.230.54.58:33988/rtp/233.18.204.4:5140
上海教育SD,http://116.230.54.58:33988/rtp/233.18.204.11:5140
第一财经SD,http://116.230.54.58:33988/rtp/233.18.204.5:5140
五星体育SD,http://116.230.54.58:33988/rtp/233.18.204.6:5140
财富天下SD,http://116.230.54.58:33988/rtp/233.18.204.41:5140
上海新闻综合SD,http://116.230.54.58:33988/rtp/233.18.204.189:5140
家庭理财SD,http://116.230.54.58:33988/rtp/233.18.204.157:5140
未知节目SD,http://116.230.54.58:33988/rtp/233.18.204.203:5140
渐江卫视SD,http://116.230.54.58:33988/rtp/233.18.204.121:5140
CETV1HD,http://101.81.77.3:9999/rtp/233.18.204.98:5140
CETV4HD,http://101.81.77.3:9999/rtp/233.18.204.111:5140
CETV早期教育HD,http://101.81.77.3:9999/rtp/233.18.204.187:5140
CHC影迷电影HD,http://101.81.77.3:9999/rtp/233.18.204.175:5140
第一剧场HD,http://101.81.77.3:9999/rtp/233.18.204.184:5140
风云剧场HD,http://101.81.77.3:9999/rtp/233.18.204.183:5140
风云足球HD,http://101.81.77.3:9999/rtp/233.18.204.176:5140
风云音乐HD,http://101.81.77.3:9999/rtp/233.18.204.185:5140
世界地理HD,http://101.81.77.3:9999/rtp/233.18.204.179:5140
怀旧剧场HD,http://101.81.77.3:9999/rtp/233.18.204.182:5140
兵器科技HD,http://101.81.77.3:9999/rtp/233.18.204.178:5140
女性时尚HD,http://101.81.77.3:9999/rtp/233.18.204.180:5140
高尔夫网球HD,http://101.81.77.3:9999/rtp/233.18.204.181:5140
央视台球HD,http://101.81.77.3:9999/rtp/233.18.204.177:5140
法治天地HD,http://101.81.77.3:9999/rtp/233.18.204.49:5140
游戏风云HD,http://101.81.77.3:9999/rtp/233.18.204.44:5140
茶频道HD,http://101.81.77.3:9999/rtp/233.18.204.43:5140
金色学堂HD,http://101.81.77.3:9999/rtp/233.18.204.66:5140
金鹰纪实HD,http://101.81.77.3:9999/rtp/233.18.204.104:5140
快乐垂钓HD,http://101.81.77.3:9999/rtp/233.18.204.42:5140
生活时尚HD,http://101.81.77.3:9999/rtp/233.18.204.45:5140
乐游HD,http://101.81.77.3:9999/rtp/233.18.204.47:5140
动漫秀场HD,http://101.81.77.3:9999/rtp/233.18.204.46:5140
动漫秀场HD,http://101.81.77.3:9999/rtp/233.18.204.54:5140
旅游卫视HD,http://101.81.77.3:9999/rtp/233.18.204.102:5140
兵团卫视HD,http://101.81.77.3:9999/rtp/233.18.204.221:5140
上海都市HD,http://101.81.77.3:9999/rtp/233.18.204.53:5140
上海教育HD,http://101.81.77.3:9999/rtp/233.18.204.63:5140
第一财经HD,http://101.81.77.3:9999/rtp/233.18.204.65:5140
第一财经HD,http://101.81.77.3:9999/rtp/233.18.204.59:5140
都市剧场HD,http://101.81.77.3:9999/rtp/233.18.204.48:5140
欢笑剧场HD,http://101.81.77.3:9999/rtp/233.18.204.50:5140
欢笑剧场HD,http://101.81.77.3:9999/rtp/233.18.204.55:5140
财富天下HD,http://101.81.77.3:9999/rtp/233.18.204.231:5140
BesTV电影介绍HD,http://101.81.77.3:9999/rtp/233.18.204.116:5140
上海新闻综合HD,http://101.81.77.3:9999/rtp/233.18.204.57:5140
文化精品HD,http://101.81.77.3:9999/rtp/233.18.204.186:5140
未知节目HD,http://101.81.77.3:9999/rtp/233.18.204.202:5140
百事通画面HD,http://101.81.77.3:9999/rtp/233.18.204.158:5140
百事通画面HD,http://101.81.77.3:9999/rtp/233.18.204.159:5140
百事通画面HD,http://101.81.77.3:9999/rtp/233.18.204.160:5140
百事通画面HD,http://101.81.77.3:9999/rtp/233.18.204.161:5140
百事通画面HD,http://101.81.77.3:9999/rtp/233.18.204.162:5140
百事通画面HD,http://101.81.77.3:9999/rtp/233.18.204.163:5140
百事通画面HD,http://101.81.77.3:9999/rtp/233.18.204.164:5140
百事通画面HD,http://101.81.77.3:9999/rtp/233.18.204.165:5140
百事通画面HD,http://101.81.77.3:9999/rtp/233.18.204.166:5140
百事通画面HD,http://101.81.77.3:9999/rtp/233.18.204.167:5140
CCTV1SD,http://101.81.77.3:9999/rtp/233.18.204.20:5140
CCTV2SD,http://101.81.77.3:9999/rtp/233.18.204.21:5140
CCTV3SD,http://101.81.77.3:9999/rtp/233.18.204.22:5140
CCTV4SD,http://101.81.77.3:9999/rtp/233.18.204.23:5140
CCTV5SD,http://101.81.77.3:9999/rtp/233.18.204.24:5140
CCTV6SD,http://101.81.77.3:9999/rtp/233.18.204.25:5140
CCTV7SD,http://101.81.77.3:9999/rtp/233.18.204.26:5140
CCTV8SD,http://101.81.77.3:9999/rtp/233.18.204.27:5140
CCTV9SD,http://101.81.77.3:9999/rtp/233.18.204.40:5140
CCTV10SD,http://101.81.77.3:9999/rtp/233.18.204.29:5140
CCTV11SD,http://101.81.77.3:9999/rtp/233.18.204.30:5140
CCTV12SD,http://101.81.77.3:9999/rtp/233.18.204.31:5140
CCTV13SD,http://101.81.77.3:9999/rtp/233.18.204.32:5140
CCTV14SD,http://101.81.77.3:9999/rtp/233.18.204.33:5140
CCTV15SD,http://101.81.77.3:9999/rtp/233.18.204.34:5140
CCTV17SD,http://101.81.77.3:9999/rtp/233.18.204.35:5140
CETV1SD,http://101.81.77.3:9999/rtp/233.18.204.153:5140
CETV2SD,http://101.81.77.3:9999/rtp/233.18.204.154:5140
CGTNSD,http://101.81.77.3:9999/rtp/233.18.204.28:5140
法治天地SD,http://101.81.77.3:9999/rtp/233.18.204.12:5140
游戏风云SD,http://101.81.77.3:9999/rtp/233.18.204.13:5140
金色学堂SD,http://101.81.77.3:9999/rtp/233.18.204.14:5140
重庆卫视SD,http://101.81.77.3:9999/rtp/233.18.204.143:5140
江苏卫视SD,http://101.81.77.3:9999/rtp/233.18.204.120:5140
东方卫视SD,http://101.81.77.3:9999/rtp/233.18.204.1:5140
深圳卫视SD,http://101.81.77.3:9999/rtp/233.18.204.146:5140
北京卫视SD,http://101.81.77.3:9999/rtp/233.18.204.210:5140
北京卫视SD,http://101.81.77.3:9999/rtp/233.18.204.118:5140
山东卫视SD,http://101.81.77.3:9999/rtp/233.18.204.125:5140
天津卫视SD,http://101.81.77.3:9999/rtp/233.18.204.129:5140
贵州卫视SD,http://101.81.77.3:9999/rtp/233.18.204.144:5140
四川卫视SD,http://101.81.77.3:9999/rtp/233.18.204.124:5140
云南卫视SD,http://101.81.77.3:9999/rtp/233.18.204.136:5140
广西卫视SD,http://101.81.77.3:9999/rtp/233.18.204.123:5140
黑龙江卫视SD,http://101.81.77.3:9999/rtp/233.18.204.139:5140
安徽卫视SD,http://101.81.77.3:9999/rtp/233.18.204.127:5140
山西卫视SD,http://101.81.77.3:9999/rtp/233.18.204.132:5140
江西卫视SD,http://101.81.77.3:9999/rtp/233.18.204.130:5140
湖北卫视SD,http://101.81.77.3:9999/rtp/233.18.204.142:5140
旅游卫视SD,http://101.81.77.3:9999/rtp/233.18.204.122:5140
陕西卫视SD,http://101.81.77.3:9999/rtp/233.18.204.135:5140
东南卫视SD,http://101.81.77.3:9999/rtp/233.18.204.128:5140
吉林卫视SD,http://101.81.77.3:9999/rtp/233.18.204.131:5140
辽宁卫视SD,http://101.81.77.3:9999/rtp/233.18.204.126:5140
内蒙古卫视SD,http://101.81.77.3:9999/rtp/233.18.204.141:5140
湖南卫视SD,http://101.81.77.3:9999/rtp/233.18.204.119:5140
广东卫视SD,http://101.81.77.3:9999/rtp/233.18.204.138:5140
河南卫视SD,http://101.81.77.3:9999/rtp/233.18.204.145:5140
河北卫视SD,http://101.81.77.3:9999/rtp/233.18.204.140:5140
宁夏卫视SD,http://101.81.77.3:9999/rtp/233.18.204.117:5140
甘肃卫视SD,http://101.81.77.3:9999/rtp/233.18.204.137:5140
青海卫视SD,http://101.81.77.3:9999/rtp/233.18.204.133:5140
新疆卫视SD,http://101.81.77.3:9999/rtp/233.18.204.147:5140
西藏卫视SD,http://101.81.77.3:9999/rtp/233.18.204.134:5140
兵团卫视SD,http://101.81.77.3:9999/rtp/233.18.204.148:5140
三沙卫视SD,http://101.81.77.3:9999/rtp/233.18.204.149:5140
延边卫视SD,http://101.81.77.3:9999/rtp/233.18.204.155:5140
金鹰卡通SD,http://101.81.77.3:9999/rtp/233.18.204.150:5140
嘉佳卡通SD,http://101.81.77.3:9999/rtp/233.18.204.151:5140
哈哈炫动SD,http://101.81.77.3:9999/rtp/233.18.204.7:5140
卡酷少儿SD,http://101.81.77.3:9999/rtp/233.18.204.152:5140
上海都市SD,http://101.81.77.3:9999/rtp/233.18.204.2:5140
东方影视SD,http://101.81.77.3:9999/rtp/233.18.204.4:5140
上海教育SD,http://101.81.77.3:9999/rtp/233.18.204.11:5140
第一财经SD,http://101.81.77.3:9999/rtp/233.18.204.5:5140
五星体育SD,http://101.81.77.3:9999/rtp/233.18.204.6:5140
财富天下SD,http://101.81.77.3:9999/rtp/233.18.204.41:5140
上海新闻综合SD,http://101.81.77.3:9999/rtp/233.18.204.189:5140
家庭理财SD,http://101.81.77.3:9999/rtp/233.18.204.157:5140
未知节目SD,http://101.81.77.3:9999/rtp/233.18.204.203:5140
渐江卫视SD,http://101.81.77.3:9999/rtp/233.18.204.121:5140
CGTN,http://183.222.15.202:4321/rtp/239.11.0.138:5140
兵团卫视,http://183.222.15.202:4321/rtp/239.11.0.204:5140
嘉佳卡通,http://183.222.15.202:4321/rtp/239.11.0.203:5140
优漫卡通,http://183.222.15.202:4321/rtp/239.11.0.63:5140
哈哈炫动,http://183.222.15.202:4321/rtp/239.11.0.64:5140
卡通动画,http://183.222.15.202:4321/rtp/239.11.0.181:5140
金色童年,http://183.222.15.202:4321/rtp/239.11.0.182:5140
优视影院,http://183.222.15.202:4321/rtp/239.11.0.172:5140
经典影视,http://183.222.15.202:4321/rtp/239.11.0.173:5140
热播剧场,http://183.222.15.202:4321/rtp/239.11.0.171:5140
古装剧场,http://183.222.15.202:4321/rtp/239.11.0.141:5140
动作电影,http://183.222.15.202:4321/rtp/239.11.0.142:5140
军旅剧场,http://183.222.15.202:4321/rtp/239.11.0.143:5140
惊悚悬疑,http://183.222.15.202:4321/rtp/239.11.0.144:5140
热播精选,http://183.222.15.202:4321/rtp/239.11.0.145:5140
武博世界,http://183.222.15.202:4321/rtp/239.11.0.146:5140
精品综合,http://183.222.15.202:4321/rtp/239.11.0.147:5140
爱情喜剧,http://183.222.15.202:4321/rtp/239.11.0.149:5140
精品大剧,http://183.222.15.202:4321/rtp/239.11.0.150:5140
中国功夫,http://183.222.15.202:4321/rtp/239.11.0.151:5140
金牌综艺,http://183.222.15.202:4321/rtp/239.11.0.152:5140
军事评论,http://183.222.15.202:4321/rtp/239.11.0.136:5140
舞蹈世界,http://183.222.15.202:4321/rtp/239.11.0.174:5140
电影天地,http://183.222.15.202:4321/rtp/239.11.0.177:5140
经典剧场,http://183.222.15.202:4321/rtp/239.11.0.178:5140
第一电影,http://183.222.15.202:4321/rtp/239.11.0.180:5140
文化教育,http://183.222.15.202:4321/rtp/239.11.0.183:5140
风云体育,http://183.222.15.202:4321/rtp/239.11.0.184:5140
时尚音乐,http://183.222.15.202:4321/rtp/239.11.0.188:5140
测试,http://183.222.15.202:4321/rtp/239.11.0.120:5140
看电影,http://183.222.15.202:4321/rtp/239.11.0.191:5140
CETV1,http://183.222.15.202:4321/rtp/239.11.0.139:5140
CETV2,http://183.222.15.202:4321/rtp/239.11.0.246:5140
CETV3,http://183.222.15.202:4321/rtp/239.11.0.247:5140
CETV4,http://183.222.15.202:4321/rtp/239.11.0.248:5140
CGTN,http://183.220.107.138:4022/rtp/239.11.0.138:5140
兵团卫视,http://183.220.107.138:4022/rtp/239.11.0.204:5140
嘉佳卡通,http://183.220.107.138:4022/rtp/239.11.0.203:5140
优漫卡通,http://183.220.107.138:4022/rtp/239.11.0.63:5140
哈哈炫动,http://183.220.107.138:4022/rtp/239.11.0.64:5140
卡通动画,http://183.220.107.138:4022/rtp/239.11.0.181:5140
金色童年,http://183.220.107.138:4022/rtp/239.11.0.182:5140
优视影院,http://183.220.107.138:4022/rtp/239.11.0.172:5140
经典影视,http://183.220.107.138:4022/rtp/239.11.0.173:5140
热播剧场,http://183.220.107.138:4022/rtp/239.11.0.171:5140
古装剧场,http://183.220.107.138:4022/rtp/239.11.0.141:5140
动作电影,http://183.220.107.138:4022/rtp/239.11.0.142:5140
军旅剧场,http://183.220.107.138:4022/rtp/239.11.0.143:5140
惊悚悬疑,http://183.220.107.138:4022/rtp/239.11.0.144:5140
热播精选,http://183.220.107.138:4022/rtp/239.11.0.145:5140
武博世界,http://183.220.107.138:4022/rtp/239.11.0.146:5140
精品综合,http://183.220.107.138:4022/rtp/239.11.0.147:5140
爱情喜剧,http://183.220.107.138:4022/rtp/239.11.0.149:5140
精品大剧,http://183.220.107.138:4022/rtp/239.11.0.150:5140
中国功夫,http://183.220.107.138:4022/rtp/239.11.0.151:5140
金牌综艺,http://183.220.107.138:4022/rtp/239.11.0.152:5140
军事评论,http://183.220.107.138:4022/rtp/239.11.0.136:5140
舞蹈世界,http://183.220.107.138:4022/rtp/239.11.0.174:5140
电影天地,http://183.220.107.138:4022/rtp/239.11.0.177:5140
经典剧场,http://183.220.107.138:4022/rtp/239.11.0.178:5140
第一电影,http://183.220.107.138:4022/rtp/239.11.0.180:5140
文化教育,http://183.220.107.138:4022/rtp/239.11.0.183:5140
风云体育,http://183.220.107.138:4022/rtp/239.11.0.184:5140
时尚音乐,http://183.220.107.138:4022/rtp/239.11.0.188:5140
测试,http://183.220.107.138:4022/rtp/239.11.0.120:5140
看电影,http://183.220.107.138:4022/rtp/239.11.0.191:5140
CETV1,http://183.220.107.138:4022/rtp/239.11.0.139:5140
CETV2,http://183.220.107.138:4022/rtp/239.11.0.246:5140
CETV3,http://183.220.107.138:4022/rtp/239.11.0.247:5140
CETV4,http://183.220.107.138:4022/rtp/239.11.0.248:5140
广东珠江频道,http://121.10.7.16:4000/udp/239.77.0.1:5146
广东珠江频道,http://121.10.7.16:4000/udp/239.77.0.114:5146
广东新闻频道,http://121.10.7.16:4000/udp/239.77.0.173:5146
广东民生频道,http://121.10.7.16:4000/udp/239.77.0.225:5146
广东体育频道,http://121.10.7.16:4000/udp/239.77.0.112:5146
广东体育频道,http://121.10.7.16:4000/udp/239.77.0.168:5146
广东经济科教,http://121.10.7.16:4000/udp/239.77.0.85:5146
广东经济科教,http://121.10.7.16:4000/udp/239.77.0.167:5146
广东大湾区卫视,http://121.10.7.16:4000/udp/239.77.0.215:5146
广东影视频道,http://121.10.7.16:4000/udp/239.77.0.217:5146
广东少儿频道,http://121.10.7.16:4000/udp/239.77.0.250:5146
广东嘉佳卡通,http://121.10.7.16:4000/udp/239.77.0.179:5146
广州综合频道,http://121.10.7.16:4000/udp/239.253.43.71:5146
广州新闻频道,http://121.10.7.16:4000/udp/239.253.43.72:5146
广州影视频道,http://121.10.7.16:4000/udp/239.253.43.73:5146
广州法治频道,http://121.10.7.16:4000/udp/239.253.43.74:5146
深圳都市频道,http://121.10.7.16:4000/udp/239.77.1.176:5146
深圳电视剧频道,http://121.10.7.16:4000/udp/239.77.1.177:5146
深圳财经生活,http://121.10.7.16:4000/udp/239.77.1.242:5146
深圳体育健康,http://121.10.7.16:4000/udp/239.77.1.128:5146
深圳少儿频道,http://121.10.7.16:4000/udp/239.77.1.244:5146
宝安频道,http://121.10.7.16:4000/udp/239.77.1.67:5146
深圳龙岗频道,http://121.10.7.16:4000/udp/239.77.1.223:5146
佛山公共频道,http://121.10.7.16:4000/udp/239.253.43.53:5146
佛山南海频道,http://121.10.7.16:4000/udp/239.253.43.54:5146
佛山顺德频道,http://121.10.7.16:4000/udp/239.253.43.55:5146
佛山影视频道,http://121.10.7.16:4000/udp/239.253.43.56:5146
佛山综合频道,http://121.10.7.16:4000/udp/239.253.43.57:5146
东莞新闻综合,http://121.10.7.16:4000/udp/239.253.43.104:5146
东莞生活资讯,http://121.10.7.16:4000/udp/239.253.43.105:5146
韶关新闻综合,http://121.10.7.16:4000/udp/239.77.0.117:5146
湛江新闻综合,http://121.10.7.16:4000/udp/239.77.0.141:5146
湛江公共频道,http://121.10.7.16:4000/udp/239.77.0.140:5146
揭阳综合频道,http://121.10.7.16:4000/udp/239.77.0.229:5146
揭阳生活频道,http://121.10.7.16:4000/udp/239.77.0.251:5146
汕尾新闻综合,http://121.10.7.16:4000/udp/239.77.0.25:5146
汕尾文化生活,http://121.10.7.16:4000/udp/239.77.0.187:5146
江门综合频道,http://121.10.7.16:4000/udp/239.77.0.201:5146
江门侨乡生活,http://121.10.7.16:4000/udp/239.77.0.202:5146
潮州综合频道,http://121.10.7.16:4000/udp/239.253.43.70:5146
潮州民生频道,http://121.10.7.16:4000/udp/239.253.43.75:5146
HZTV-1,http://121.10.7.16:4000/udp/239.77.1.232:5146
HZTV-2,http://121.10.7.16:4000/udp/239.77.1.233:5146
珠海-1,http://121.10.7.16:4000/udp/239.77.0.155:5146
肇庆综合频道,http://121.10.7.16:4000/udp/239.253.43.1:5146
肇庆生活服务,http://121.10.7.16:4000/udp/239.253.43.2:5146
河源综合频道,http://121.10.7.16:4000/udp/239.253.43.213:5146
河源公共频道,http://121.10.7.16:4000/udp/239.253.43.214:5146
清远新闻综合,http://121.10.7.16:4000/udp/239.253.43.33:5146
清远文旅生活,http://121.10.7.16:4000/udp/239.253.43.34:5146
云浮综合频道,http://121.10.7.16:4000/udp/239.77.0.253:5146
云浮文旅频道,http://121.10.7.16:4000/udp/239.77.0.254:5146
茂名综合频道,http://121.10.7.16:4000/udp/239.77.0.206:5146
茂名文化生活,http://121.10.7.16:4000/udp/239.77.0.207:5146
汕头综合频道,http://121.10.7.16:4000/udp/239.253.43.45:5146
汕头经济生活,http://121.10.7.16:4000/udp/239.253.43.46:5146
中山综合频道,http://121.10.7.16:4000/udp/239.253.43.62:5146
香山文化频道,http://121.10.7.16:4000/udp/239.253.43.63:5146
CCTV-17农业农村,http://121.10.7.16:4000/udp/239.77.1.121:5146
CCTV-兵器科技,http://121.10.7.16:4000/udp/239.253.43.9:5146
CCTV-第一剧场,http://121.10.7.16:4000/udp/239.253.43.15:5146
CCTV-电视指南,http://121.10.7.16:4000/udp/239.253.43.10:5146
CCTV-风云剧场,http://121.10.7.16:4000/udp/239.253.43.16:5146
CCTV-风云音乐,http://121.10.7.16:4000/udp/239.253.43.6:5146
CCTV-风云足球,http://121.10.7.16:4000/udp/239.253.43.14:5146
CCTV-高尔夫·网球,http://121.10.7.16:4000/udp/239.253.43.12:5146
CCTV-怀旧剧场,http://121.10.7.16:4000/udp/239.253.43.5:5146
CCTV-女性时尚,http://121.10.7.16:4000/udp/239.253.43.8:5146
CCTV-世界地理,http://121.10.7.16:4000/udp/239.253.43.7:5146
CCTV-央视台球,http://121.10.7.16:4000/udp/239.253.43.11:5146
CCTV-文化精品,http://121.10.7.16:4000/udp/239.253.43.13:5146
CETV1,http://121.10.7.16:4000/udp/239.77.1.222:5146
CETV4,http://121.10.7.16:4000/udp/239.253.43.40:5146
CETV早期教育,http://121.10.7.16:4000/udp/239.77.0.180:5146
CGTN纪录,http://121.10.7.16:4000/udp/239.253.43.122:5146
CGTN英语,http://121.10.7.16:4000/udp/239.77.0.199:5146
CGTN西班牙语,http://121.10.7.16:4000/udp/239.77.0.221:5146
CGTN法语,http://121.10.7.16:4000/udp/239.77.0.228:5146
CGTN阿拉伯语,http://121.10.7.16:4000/udp/239.253.43.200:5146
CGTN俄语,http://121.10.7.16:4000/udp/239.253.43.201:5146
睛彩篮球,http://121.10.7.16:4000/udp/239.77.1.21:5146
睛彩青少,http://121.10.7.16:4000/udp/239.77.1.22:5146
广东珠江频道,http://61.145.188.90:50055/udp/239.77.0.1:5146
广东珠江频道,http://61.145.188.90:50055/udp/239.77.0.114:5146
广东新闻频道,http://61.145.188.90:50055/udp/239.77.0.173:5146
广东民生频道,http://61.145.188.90:50055/udp/239.77.0.225:5146
广东体育频道,http://61.145.188.90:50055/udp/239.77.0.112:5146
广东体育频道,http://61.145.188.90:50055/udp/239.77.0.168:5146
广东经济科教,http://61.145.188.90:50055/udp/239.77.0.85:5146
广东经济科教,http://61.145.188.90:50055/udp/239.77.0.167:5146
广东大湾区卫视,http://61.145.188.90:50055/udp/239.77.0.215:5146
广东影视频道,http://61.145.188.90:50055/udp/239.77.0.217:5146
广东少儿频道,http://61.145.188.90:50055/udp/239.77.0.250:5146
广东嘉佳卡通,http://61.145.188.90:50055/udp/239.77.0.179:5146
广州综合频道,http://61.145.188.90:50055/udp/239.253.43.71:5146
广州新闻频道,http://61.145.188.90:50055/udp/239.253.43.72:5146
广州影视频道,http://61.145.188.90:50055/udp/239.253.43.73:5146
广州法治频道,http://61.145.188.90:50055/udp/239.253.43.74:5146
深圳都市频道,http://61.145.188.90:50055/udp/239.77.1.176:5146
深圳电视剧频道,http://61.145.188.90:50055/udp/239.77.1.177:5146
深圳财经生活,http://61.145.188.90:50055/udp/239.77.1.242:5146
深圳体育健康,http://61.145.188.90:50055/udp/239.77.1.128:5146
深圳少儿频道,http://61.145.188.90:50055/udp/239.77.1.244:5146
宝安频道,http://61.145.188.90:50055/udp/239.77.1.67:5146
深圳龙岗频道,http://61.145.188.90:50055/udp/239.77.1.223:5146
佛山公共频道,http://61.145.188.90:50055/udp/239.253.43.53:5146
佛山南海频道,http://61.145.188.90:50055/udp/239.253.43.54:5146
佛山顺德频道,http://61.145.188.90:50055/udp/239.253.43.55:5146
佛山影视频道,http://61.145.188.90:50055/udp/239.253.43.56:5146
佛山综合频道,http://61.145.188.90:50055/udp/239.253.43.57:5146
东莞新闻综合,http://61.145.188.90:50055/udp/239.253.43.104:5146
东莞生活资讯,http://61.145.188.90:50055/udp/239.253.43.105:5146
韶关新闻综合,http://61.145.188.90:50055/udp/239.77.0.117:5146
湛江新闻综合,http://61.145.188.90:50055/udp/239.77.0.141:5146
湛江公共频道,http://61.145.188.90:50055/udp/239.77.0.140:5146
揭阳综合频道,http://61.145.188.90:50055/udp/239.77.0.229:5146
揭阳生活频道,http://61.145.188.90:50055/udp/239.77.0.251:5146
汕尾新闻综合,http://61.145.188.90:50055/udp/239.77.0.25:5146
汕尾文化生活,http://61.145.188.90:50055/udp/239.77.0.187:5146
江门综合频道,http://61.145.188.90:50055/udp/239.77.0.201:5146
江门侨乡生活,http://61.145.188.90:50055/udp/239.77.0.202:5146
潮州综合频道,http://61.145.188.90:50055/udp/239.253.43.70:5146
潮州民生频道,http://61.145.188.90:50055/udp/239.253.43.75:5146
HZTV-1,http://61.145.188.90:50055/udp/239.77.1.232:5146
HZTV-2,http://61.145.188.90:50055/udp/239.77.1.233:5146
珠海-1,http://61.145.188.90:50055/udp/239.77.0.155:5146
肇庆综合频道,http://61.145.188.90:50055/udp/239.253.43.1:5146
肇庆生活服务,http://61.145.188.90:50055/udp/239.253.43.2:5146
河源综合频道,http://61.145.188.90:50055/udp/239.253.43.213:5146
河源公共频道,http://61.145.188.90:50055/udp/239.253.43.214:5146
清远新闻综合,http://61.145.188.90:50055/udp/239.253.43.33:5146
清远文旅生活,http://61.145.188.90:50055/udp/239.253.43.34:5146
云浮综合频道,http://61.145.188.90:50055/udp/239.77.0.253:5146
云浮文旅频道,http://61.145.188.90:50055/udp/239.77.0.254:5146
茂名综合频道,http://61.145.188.90:50055/udp/239.77.0.206:5146
茂名文化生活,http://61.145.188.90:50055/udp/239.77.0.207:5146
汕头综合频道,http://61.145.188.90:50055/udp/239.253.43.45:5146
汕头经济生活,http://61.145.188.90:50055/udp/239.253.43.46:5146
中山综合频道,http://61.145.188.90:50055/udp/239.253.43.62:5146
香山文化频道,http://61.145.188.90:50055/udp/239.253.43.63:5146
CCTV-17农业农村,http://61.145.188.90:50055/udp/239.77.1.121:5146
CCTV-兵器科技,http://61.145.188.90:50055/udp/239.253.43.9:5146
CCTV-第一剧场,http://61.145.188.90:50055/udp/239.253.43.15:5146
CCTV-电视指南,http://61.145.188.90:50055/udp/239.253.43.10:5146
CCTV-风云剧场,http://61.145.188.90:50055/udp/239.253.43.16:5146
CCTV-风云音乐,http://61.145.188.90:50055/udp/239.253.43.6:5146
CCTV-风云足球,http://61.145.188.90:50055/udp/239.253.43.14:5146
CCTV-高尔夫·网球,http://61.145.188.90:50055/udp/239.253.43.12:5146
CCTV-怀旧剧场,http://61.145.188.90:50055/udp/239.253.43.5:5146
CCTV-女性时尚,http://61.145.188.90:50055/udp/239.253.43.8:5146
CCTV-世界地理,http://61.145.188.90:50055/udp/239.253.43.7:5146
CCTV-央视台球,http://61.145.188.90:50055/udp/239.253.43.11:5146
CCTV-文化精品,http://61.145.188.90:50055/udp/239.253.43.13:5146
CETV1,http://61.145.188.90:50055/udp/239.77.1.222:5146
CETV4,http://61.145.188.90:50055/udp/239.253.43.40:5146
CETV早期教育,http://61.145.188.90:50055/udp/239.77.0.180:5146
CGTN纪录,http://61.145.188.90:50055/udp/239.253.43.122:5146
CGTN英语,http://61.145.188.90:50055/udp/239.77.0.199:5146
CGTN西班牙语,http://61.145.188.90:50055/udp/239.77.0.221:5146
CGTN法语,http://61.145.188.90:50055/udp/239.77.0.228:5146
CGTN阿拉伯语,http://61.145.188.90:50055/udp/239.253.43.200:5146
CGTN俄语,http://61.145.188.90:50055/udp/239.253.43.201:5146
睛彩篮球,http://61.145.188.90:50055/udp/239.77.1.21:5146
睛彩青少,http://61.145.188.90:50055/udp/239.77.1.22:5146
CETV1HD,http://106.111.244.12:58099/rtp/239.49.8.115:8000
CETV4HD,http://106.111.244.12:58099/rtp/239.49.0.125:8000
CGTNESPANOLHD,http://106.111.244.12:58099/rtp/239.49.1.30:8000
CGTNFRANCAISHD,http://106.111.244.12:58099/rtp/239.49.1.31:8000
兵团卫视HD,http://106.111.244.12:58099/rtp/239.49.1.58:8000
山东教育卫视HD,http://106.111.244.12:58099/rtp/239.49.0.252:8000
中国天气HD,http://106.111.244.12:58099/rtp/239.49.0.94:8000
金鹰纪实HD,http://106.111.244.12:58099/rtp/239.49.8.79:8000
睛彩广场舞HD,http://106.111.244.12:58099/rtp/239.49.8.64:8000
睛彩竞技HD,http://106.111.244.12:58099/rtp/239.49.8.39:8000
睛彩篮球HD,http://106.111.244.12:58099/rtp/239.49.8.42:8000
睛彩青少HD,http://106.111.244.12:58099/rtp/239.49.8.46:8000
都市剧场HD,http://106.111.244.12:58099/rtp/239.49.0.99:8000
法制天地HD,http://106.111.244.12:58099/rtp/239.49.0.96:8000
快乐垂钓HD,http://106.111.244.12:58099/rtp/239.49.0.114:8000
梨园频道HD,http://106.111.244.12:58099/rtp/239.49.8.193:8000
新闻综合HD,http://106.111.244.12:58099/rtp/239.49.0.158:8000
新闻综合HD,http://106.111.244.12:58099/rtp/239.49.0.214:8000
生活时尚HD,http://106.111.244.12:58099/rtp/239.49.0.97:8000
江苏城市HD,http://106.111.244.12:58099/rtp/239.49.8.107:8000
江苏地方HD,http://106.111.244.12:58099/rtp/239.49.1.54:8000
江苏国际HD,http://106.111.244.12:58099/rtp/239.49.1.81:8000
江苏教育HD,http://106.111.244.12:58099/rtp/239.49.8.122:8000
江苏体育休闲HD,http://106.111.244.12:58099/rtp/239.49.8.117:8000
盐城1HD,http://106.111.244.12:58099/rtp/239.49.8.30:8000
盐城2HD,http://106.111.244.12:58099/rtp/239.49.0.88:8000
优漫卡通HD,http://106.111.244.12:58099/rtp/239.49.8.119:8000
BRTV少儿HD,http://106.111.244.12:58099/rtp/239.49.0.148:8000
茶频道HD,http://106.111.244.12:58099/rtp/239.49.0.146:8000
第一财经HD,http://106.111.244.12:58099/rtp/239.49.8.37:8000
东方财经HD,http://106.111.244.12:58099/rtp/239.49.0.95:8000
财富天下HD,http://106.111.244.12:58099/rtp/239.49.1.76:8000
四海垂钓HD,http://106.111.244.12:58099/rtp/239.49.1.80:8000
江苏新闻HD,http://106.111.244.12:58099/rtp/239.49.8.120:8000
江苏影视HD,http://106.111.244.12:58099/rtp/239.49.8.118:8000
江苏综艺HD,http://106.111.244.12:58099/rtp/239.49.8.108:8000
天元围棋HD,http://106.111.244.12:58099/rtp/239.49.1.79:8000
文物宝库HD,http://106.111.244.12:58099/rtp/239.49.0.209:8000
无锡新闻综合HD,http://106.111.244.12:58099/rtp/239.49.1.77:8000
武术世界HD,http://106.111.244.12:58099/rtp/239.49.0.205:8000
CCTV中等教育,http://106.111.244.12:58099/rtp/239.49.0.43:8000
CGTNPYCC,http://106.111.244.12:58099/rtp/239.49.0.111:8000
GCTN英语,http://106.111.244.12:58099/rtp/239.49.0.9:8064
兵团卫视,http://106.111.244.12:58099/rtp/239.49.0.240:8000
财富天下,http://106.111.244.12:58099/rtp/239.49.1.29:6000
崇川公共,http://106.111.244.12:58099/rtp/239.49.0.197:8000
淮安公共,http://106.111.244.12:58099/rtp/239.49.0.181:8000
淮安综合,http://106.111.244.12:58099/rtp/239.49.0.204:8000
淮阴综合,http://106.111.244.12:58099/rtp/239.49.0.169:8000
环球新闻,http://106.111.244.12:58099/rtp/239.49.1.9:6000
贾汪新闻,http://106.111.244.12:58099/rtp/239.49.0.248:8000
江苏城市,http://106.111.244.12:58099/rtp/239.49.1.17:6000
江苏地方,http://106.111.244.12:58099/rtp/239.49.0.224:8000
江苏地方,http://106.111.244.12:58099/rtp/239.49.0.241:8000
江苏公共,http://106.111.244.12:58099/rtp/239.49.1.22:6000
江苏国际,http://106.111.244.12:58099/rtp/239.49.1.23:6000
江苏教育,http://106.111.244.12:58099/rtp/239.49.1.25:6000
江苏卡通,http://106.111.244.12:58099/rtp/239.49.1.21:6000
江苏体育,http://106.111.244.12:58099/rtp/239.49.1.19:6000
江苏影视,http://106.111.244.12:58099/rtp/239.49.1.20:6000
江苏综艺,http://106.111.244.12:58099/rtp/239.49.1.18:6000
教育民生,http://106.111.244.12:58099/rtp/239.49.1.73:8000
南京科教,http://106.111.244.12:58099/rtp/239.49.0.183:9434
南京少儿,http://106.111.244.12:58099/rtp/239.49.0.45:8000
南京生活,http://106.111.244.12:58099/rtp/239.49.0.26:8200
南京新闻综合,http://106.111.244.12:58099/rtp/239.49.0.25:8192
南京影视,http://106.111.244.12:58099/rtp/239.49.0.24:8000
邳州综合,http://106.111.244.12:58099/rtp/239.49.0.182:8000
厦门卫视,http://106.111.244.12:58099/rtp/239.49.0.230:8000
山东教育卫视,http://106.111.244.12:58099/rtp/239.49.0.235:8000
生活频道,http://106.111.244.12:58099/rtp/239.49.0.229:8000
书法,http://106.111.244.12:58099/rtp/239.49.0.123:8000
泗洪综合,http://106.111.244.12:58099/rtp/239.49.0.195:8000
泗阳综合,http://106.111.244.12:58099/rtp/239.49.0.249:8000
宿迁公共,http://106.111.244.12:58099/rtp/239.49.0.236:8000
宿迁综合,http://106.111.244.12:58099/rtp/239.49.0.231:8000
宿豫综合,http://106.111.244.12:58099/rtp/239.49.0.83:8000
泰州1,http://106.111.244.12:58099/rtp/239.49.0.215:8000
泰州2,http://106.111.244.12:58099/rtp/239.49.0.217:8000
泰州3,http://106.111.244.12:58099/rtp/239.49.0.222:8000
铜山1,http://106.111.244.12:58099/rtp/239.49.0.163:8000
未知,http://106.111.244.12:58099/rtp/239.49.0.194:8000
文旅纪录,http://106.111.244.12:58099/rtp/239.49.0.38:8000
新闻综合,http://106.111.244.12:58099/rtp/239.49.0.162:8000
新闻综合,http://106.111.244.12:58099/rtp/239.49.0.223:8000
新闻综合,http://106.111.244.12:58099/rtp/239.49.0.225:8000
新闻综合,http://106.111.244.12:58099/rtp/239.49.0.74:8000
新闻综合,http://106.111.244.12:58099/rtp/239.49.0.98:8000
新沂,http://106.111.244.12:58099/rtp/239.49.0.238:8000
徐州1,http://106.111.244.12:58099/rtp/239.49.0.203:8000
徐州1,http://106.111.244.12:58099/rtp/239.49.0.216:8000
徐州2,http://106.111.244.12:58099/rtp/239.49.0.199:8000
徐州3,http://106.111.244.12:58099/rtp/239.49.0.211:8000
影视娱乐,http://106.111.244.12:58099/rtp/239.49.0.192:8000
中央未知,http://106.111.244.12:58099/rtp/239.49.1.82:8000
综合,http://106.111.244.12:58099/rtp/239.49.0.121:8000
综合,http://106.111.244.12:58099/rtp/239.49.0.168:8000
综合,http://106.111.244.12:58099/rtp/239.49.0.237:8000
综合,http://106.111.244.12:58099/rtp/239.49.0.239:8000
综合,http://106.111.244.12:58099/rtp/239.49.0.89:8000
测试,http://106.111.244.12:58099/rtp/239.49.0.82:8000
测试,http://106.111.244.12:58099/rtp/239.49.1.63:8000
测试,http://106.111.244.12:58099/rtp/239.49.1.65:8000
测试,http://106.111.244.12:58099/rtp/239.49.1.67:8000
测试,http://106.111.244.12:58099/rtp/239.49.1.69:8000
测试,http://106.111.244.12:58099/rtp/239.49.1.71:8000
测试,http://106.111.244.12:58099/rtp/239.49.1.78:8000
CETV1HD,http://222.92.158.110:9889/rtp/239.49.8.115:8000
CETV4HD,http://222.92.158.110:9889/rtp/239.49.0.125:8000
CGTNESPANOLHD,http://222.92.158.110:9889/rtp/239.49.1.30:8000
CGTNFRANCAISHD,http://222.92.158.110:9889/rtp/239.49.1.31:8000
兵团卫视HD,http://222.92.158.110:9889/rtp/239.49.1.58:8000
山东教育卫视HD,http://222.92.158.110:9889/rtp/239.49.0.252:8000
中国天气HD,http://222.92.158.110:9889/rtp/239.49.0.94:8000
金鹰纪实HD,http://222.92.158.110:9889/rtp/239.49.8.79:8000
睛彩广场舞HD,http://222.92.158.110:9889/rtp/239.49.8.64:8000
睛彩竞技HD,http://222.92.158.110:9889/rtp/239.49.8.39:8000
睛彩篮球HD,http://222.92.158.110:9889/rtp/239.49.8.42:8000
睛彩青少HD,http://222.92.158.110:9889/rtp/239.49.8.46:8000
都市剧场HD,http://222.92.158.110:9889/rtp/239.49.0.99:8000
法制天地HD,http://222.92.158.110:9889/rtp/239.49.0.96:8000
快乐垂钓HD,http://222.92.158.110:9889/rtp/239.49.0.114:8000
梨园频道HD,http://222.92.158.110:9889/rtp/239.49.8.193:8000
新闻综合HD,http://222.92.158.110:9889/rtp/239.49.0.158:8000
新闻综合HD,http://222.92.158.110:9889/rtp/239.49.0.214:8000
生活时尚HD,http://222.92.158.110:9889/rtp/239.49.0.97:8000
江苏城市HD,http://222.92.158.110:9889/rtp/239.49.8.107:8000
江苏地方HD,http://222.92.158.110:9889/rtp/239.49.1.54:8000
江苏国际HD,http://222.92.158.110:9889/rtp/239.49.1.81:8000
江苏教育HD,http://222.92.158.110:9889/rtp/239.49.8.122:8000
江苏体育休闲HD,http://222.92.158.110:9889/rtp/239.49.8.117:8000
盐城1HD,http://222.92.158.110:9889/rtp/239.49.8.30:8000
盐城2HD,http://222.92.158.110:9889/rtp/239.49.0.88:8000
优漫卡通HD,http://222.92.158.110:9889/rtp/239.49.8.119:8000
BRTV少儿HD,http://222.92.158.110:9889/rtp/239.49.0.148:8000
茶频道HD,http://222.92.158.110:9889/rtp/239.49.0.146:8000
第一财经HD,http://222.92.158.110:9889/rtp/239.49.8.37:8000
东方财经HD,http://222.92.158.110:9889/rtp/239.49.0.95:8000
财富天下HD,http://222.92.158.110:9889/rtp/239.49.1.76:8000
四海垂钓HD,http://222.92.158.110:9889/rtp/239.49.1.80:8000
江苏新闻HD,http://222.92.158.110:9889/rtp/239.49.8.120:8000
江苏影视HD,http://222.92.158.110:9889/rtp/239.49.8.118:8000
江苏综艺HD,http://222.92.158.110:9889/rtp/239.49.8.108:8000
天元围棋HD,http://222.92.158.110:9889/rtp/239.49.1.79:8000
文物宝库HD,http://222.92.158.110:9889/rtp/239.49.0.209:8000
无锡新闻综合HD,http://222.92.158.110:9889/rtp/239.49.1.77:8000
武术世界HD,http://222.92.158.110:9889/rtp/239.49.0.205:8000
CCTV中等教育,http://222.92.158.110:9889/rtp/239.49.0.43:8000
CGTNPYCC,http://222.92.158.110:9889/rtp/239.49.0.111:8000
GCTN英语,http://222.92.158.110:9889/rtp/239.49.0.9:8064
兵团卫视,http://222.92.158.110:9889/rtp/239.49.0.240:8000
财富天下,http://222.92.158.110:9889/rtp/239.49.1.29:6000
崇川公共,http://222.92.158.110:9889/rtp/239.49.0.197:8000
淮安公共,http://222.92.158.110:9889/rtp/239.49.0.181:8000
淮安综合,http://222.92.158.110:9889/rtp/239.49.0.204:8000
淮阴综合,http://222.92.158.110:9889/rtp/239.49.0.169:8000
环球新闻,http://222.92.158.110:9889/rtp/239.49.1.9:6000
贾汪新闻,http://222.92.158.110:9889/rtp/239.49.0.248:8000
江苏城市,http://222.92.158.110:9889/rtp/239.49.1.17:6000
江苏地方,http://222.92.158.110:9889/rtp/239.49.0.224:8000
江苏地方,http://222.92.158.110:9889/rtp/239.49.0.241:8000
江苏公共,http://222.92.158.110:9889/rtp/239.49.1.22:6000
江苏国际,http://222.92.158.110:9889/rtp/239.49.1.23:6000
江苏教育,http://222.92.158.110:9889/rtp/239.49.1.25:6000
江苏卡通,http://222.92.158.110:9889/rtp/239.49.1.21:6000
江苏体育,http://222.92.158.110:9889/rtp/239.49.1.19:6000
江苏影视,http://222.92.158.110:9889/rtp/239.49.1.20:6000
江苏综艺,http://222.92.158.110:9889/rtp/239.49.1.18:6000
教育民生,http://222.92.158.110:9889/rtp/239.49.1.73:8000
南京科教,http://222.92.158.110:9889/rtp/239.49.0.183:9434
南京少儿,http://222.92.158.110:9889/rtp/239.49.0.45:8000
南京生活,http://222.92.158.110:9889/rtp/239.49.0.26:8200
南京新闻综合,http://222.92.158.110:9889/rtp/239.49.0.25:8192
南京影视,http://222.92.158.110:9889/rtp/239.49.0.24:8000
邳州综合,http://222.92.158.110:9889/rtp/239.49.0.182:8000
厦门卫视,http://222.92.158.110:9889/rtp/239.49.0.230:8000
山东教育卫视,http://222.92.158.110:9889/rtp/239.49.0.235:8000
生活频道,http://222.92.158.110:9889/rtp/239.49.0.229:8000
书法,http://222.92.158.110:9889/rtp/239.49.0.123:8000
泗洪综合,http://222.92.158.110:9889/rtp/239.49.0.195:8000
泗阳综合,http://222.92.158.110:9889/rtp/239.49.0.249:8000
宿迁公共,http://222.92.158.110:9889/rtp/239.49.0.236:8000
宿迁综合,http://222.92.158.110:9889/rtp/239.49.0.231:8000
宿豫综合,http://222.92.158.110:9889/rtp/239.49.0.83:8000
泰州1,http://222.92.158.110:9889/rtp/239.49.0.215:8000
泰州2,http://222.92.158.110:9889/rtp/239.49.0.217:8000
泰州3,http://222.92.158.110:9889/rtp/239.49.0.222:8000
铜山1,http://222.92.158.110:9889/rtp/239.49.0.163:8000
未知,http://222.92.158.110:9889/rtp/239.49.0.194:8000
文旅纪录,http://222.92.158.110:9889/rtp/239.49.0.38:8000
新闻综合,http://222.92.158.110:9889/rtp/239.49.0.162:8000
新闻综合,http://222.92.158.110:9889/rtp/239.49.0.223:8000
新闻综合,http://222.92.158.110:9889/rtp/239.49.0.225:8000
新闻综合,http://222.92.158.110:9889/rtp/239.49.0.74:8000
新闻综合,http://222.92.158.110:9889/rtp/239.49.0.98:8000
新沂,http://222.92.158.110:9889/rtp/239.49.0.238:8000
徐州1,http://222.92.158.110:9889/rtp/239.49.0.203:8000
徐州1,http://222.92.158.110:9889/rtp/239.49.0.216:8000
徐州2,http://222.92.158.110:9889/rtp/239.49.0.199:8000
徐州3,http://222.92.158.110:9889/rtp/239.49.0.211:8000
影视娱乐,http://222.92.158.110:9889/rtp/239.49.0.192:8000
中央未知,http://222.92.158.110:9889/rtp/239.49.1.82:8000
综合,http://222.92.158.110:9889/rtp/239.49.0.121:8000
综合,http://222.92.158.110:9889/rtp/239.49.0.168:8000
综合,http://222.92.158.110:9889/rtp/239.49.0.237:8000
综合,http://222.92.158.110:9889/rtp/239.49.0.239:8000
综合,http://222.92.158.110:9889/rtp/239.49.0.89:8000
测试,http://222.92.158.110:9889/rtp/239.49.0.82:8000
测试,http://222.92.158.110:9889/rtp/239.49.1.63:8000
测试,http://222.92.158.110:9889/rtp/239.49.1.65:8000
测试,http://222.92.158.110:9889/rtp/239.49.1.67:8000
测试,http://222.92.158.110:9889/rtp/239.49.1.69:8000
测试,http://222.92.158.110:9889/rtp/239.49.1.71:8000
测试,http://222.92.158.110:9889/rtp/239.49.1.78:8000
北京新闻频道,http://123.120.49.149:4022/rtp/239.3.1.159:8000
北京影视频道,http://123.120.49.149:4022/rtp/239.3.1.158:8000
北京文艺频道,http://123.120.49.149:4022/rtp/239.3.1.242:8000
北京财经频道,http://123.120.49.149:4022/rtp/239.3.1.116:8000
北京生活频道,http://123.120.49.149:4022/rtp/239.3.1.117:8000
北京纪实科教,http://123.120.49.149:4022/rtp/239.3.1.115:8000
北京体育休闲,http://123.120.49.149:4022/rtp/239.3.1.243:8000
北京国际频道,http://123.120.49.149:4022/rtp/239.3.1.235:8000
CCTV-17农业农村,http://123.120.49.149:4022/rtp/239.3.1.151:8144
厦门卫视,http://123.120.49.149:4022/rtp/239.3.1.143:4120
兵团卫视,http://123.120.49.149:4022/rtp/239.3.1.144:4120
北京IPTV淘电影,http://123.120.49.149:4022/rtp/239.3.1.250:8001
北京IPTV淘剧场,http://123.120.49.149:4022/rtp/239.3.1.95:8001
北京IPTV淘娱乐,http://123.120.49.149:4022/rtp/239.3.1.100:8001
北京IPTV淘BABY,http://123.120.49.149:4022/rtp/239.3.1.238:8001
北京IPTV萌宠TV,http://123.120.49.149:4022/rtp/239.3.1.102:8001
CCTV-4欧洲,http://123.120.49.149:4022/rtp/239.3.1.213:4220
CCTV-4美洲,http://123.120.49.149:4022/rtp/239.3.1.214:4220
CGTN英语,http://123.120.49.149:4022/rtp/239.3.1.215:4220
CGTN纪录,http://123.120.49.149:4022/rtp/239.3.1.216:4220
CGTN西班牙语,http://123.120.49.149:4022/rtp/239.3.1.217:4220
CGTN法语,http://123.120.49.149:4022/rtp/239.3.1.218:4220
CGTN阿拉伯语,http://123.120.49.149:4022/rtp/239.3.1.219:4220
CGTN俄语,http://123.120.49.149:4022/rtp/239.3.1.220:4220
CETV1,http://123.120.49.149:4022/rtp/239.3.1.57:8152
CETV2,http://123.120.49.149:4022/rtp/239.3.1.54:4120
CETV4,http://123.120.49.149:4022/rtp/239.3.1.56:4120
中国交通,http://123.120.49.149:4022/rtp/239.3.1.188:8001
朝阳融媒,http://123.120.49.149:4022/rtp/239.3.1.163:8001
通州融媒,http://123.120.49.149:4022/rtp/239.3.1.221:8001
房山电视台,http://123.120.49.149:4022/rtp/239.3.1.96:8001
密云电视台,http://123.120.49.149:4022/rtp/239.3.1.154:8001
延庆电视台,http://123.120.49.149:4022/rtp/239.3.1.187:8001
湖南金鹰纪实,http://123.120.49.149:4022/rtp/239.3.1.58:8156
湖南茶频道,http://123.120.49.149:4022/rtp/239.3.1.165:8001
湖南快乐垂钓,http://123.120.49.149:4022/rtp/239.3.1.164:8001
华数星影,http://123.120.49.149:4022/rtp/239.3.1.94:4120
华数动作影院,http://123.120.49.149:4022/rtp/239.3.1.92:4120
华数喜剧影院,http://123.120.49.149:4022/rtp/239.3.1.91:4120
华数家庭影院,http://123.120.49.149:4022/rtp/239.3.1.93:4120
华数精选,http://123.120.49.149:4022/rtp/239.3.1.74:4120
华数经典电影,http://123.120.49.149:4022/rtp/239.3.1.195:9024
华数热播剧场,http://123.120.49.149:4022/rtp/239.3.1.194:9020
华数军旅剧场,http://123.120.49.149:4022/rtp/239.3.1.68:4120
华数城市剧场,http://123.120.49.149:4022/rtp/239.3.1.67:4120
华数武侠剧场,http://123.120.49.149:4022/rtp/239.3.1.90:4120
华数魅力时尚,http://123.120.49.149:4022/rtp/239.3.1.196:9012
古装剧场,http://123.120.49.149:4022/rtp/239.3.1.69:4120
华数少儿动画,http://123.120.49.149:4022/rtp/239.3.1.199:9000
华数动画,http://123.120.49.149:4022/rtp/239.3.1.80:4120
嘉佳卡通,http://123.120.49.149:4022/rtp/239.3.1.147:9268
IPTV地理,http://123.120.49.149:4022/rtp/239.3.1.71:4120
IPTV10解密,http://123.120.49.149:4022/rtp/239.3.1.75:4120
IPTV7军事,http://123.120.49.149:4022/rtp/239.3.1.76:4120
IPTV台球,http://123.120.49.149:4022/rtp/239.3.1.85:4120
IPTV国学,http://123.120.49.149:4022/rtp/239.3.1.77:4120
IPTV墨宝,http://123.120.49.149:4022/rtp/239.3.1.83:4120
IPTV好学生,http://123.120.49.149:4022/rtp/239.3.1.81:4120
山东教育卫视,http://123.120.49.149:4022/rtp/239.3.1.52:4120
IPTV11戏曲,http://123.120.49.149:4022/rtp/239.3.1.78:4120
IPTV收视指南,http://123.120.49.149:4022/rtp/239.3.1.193:8012
IPTV14早教,http://123.120.49.149:4022/rtp/239.3.1.79:4120
IPTV武术,http://123.120.49.149:4022/rtp/239.3.1.87:4120
IPTV爱生活,http://123.120.49.149:4022/rtp/239.3.1.86:4120
IPTV美人,http://123.120.49.149:4022/rtp/239.3.1.73:4120
IPTV美妆,http://123.120.49.149:4022/rtp/239.3.1.72:4120
IPTV足球,http://123.120.49.149:4022/rtp/239.3.1.89:4120
IPTV鉴赏,http://123.120.49.149:4022/rtp/239.3.1.82:4120
IPTV15音乐现场,http://123.120.49.149:4022/rtp/239.3.1.70:4120
光影,http://123.120.49.149:4022/rtp/239.3.1.84:4120
睛彩竞技,http://123.120.49.149:4022/rtp/239.3.1.125:8001
睛彩篮球,http://123.120.49.149:4022/rtp/239.3.1.126:8001
睛彩羽毛球,http://123.120.49.149:4022/rtp/239.3.1.127:8001
睛彩广场舞,http://123.120.49.149:4022/rtp/239.3.1.128:8001
北京新闻频道,http://124.65.0.49:20000/rtp/239.3.1.159:8000
北京影视频道,http://124.65.0.49:20000/rtp/239.3.1.158:8000
北京文艺频道,http://124.65.0.49:20000/rtp/239.3.1.242:8000
北京财经频道,http://124.65.0.49:20000/rtp/239.3.1.116:8000
北京生活频道,http://124.65.0.49:20000/rtp/239.3.1.117:8000
北京纪实科教,http://124.65.0.49:20000/rtp/239.3.1.115:8000
北京体育休闲,http://124.65.0.49:20000/rtp/239.3.1.243:8000
北京国际频道,http://124.65.0.49:20000/rtp/239.3.1.235:8000
CCTV-17农业农村,http://124.65.0.49:20000/rtp/239.3.1.151:8144
厦门卫视,http://124.65.0.49:20000/rtp/239.3.1.143:4120
兵团卫视,http://124.65.0.49:20000/rtp/239.3.1.144:4120
北京IPTV淘电影,http://124.65.0.49:20000/rtp/239.3.1.250:8001
北京IPTV淘剧场,http://124.65.0.49:20000/rtp/239.3.1.95:8001
北京IPTV淘娱乐,http://124.65.0.49:20000/rtp/239.3.1.100:8001
北京IPTV淘BABY,http://124.65.0.49:20000/rtp/239.3.1.238:8001
北京IPTV萌宠TV,http://124.65.0.49:20000/rtp/239.3.1.102:8001
CCTV-4欧洲,http://124.65.0.49:20000/rtp/239.3.1.213:4220
CCTV-4美洲,http://124.65.0.49:20000/rtp/239.3.1.214:4220
CGTN英语,http://124.65.0.49:20000/rtp/239.3.1.215:4220
CGTN纪录,http://124.65.0.49:20000/rtp/239.3.1.216:4220
CGTN西班牙语,http://124.65.0.49:20000/rtp/239.3.1.217:4220
CGTN法语,http://124.65.0.49:20000/rtp/239.3.1.218:4220
CGTN阿拉伯语,http://124.65.0.49:20000/rtp/239.3.1.219:4220
CGTN俄语,http://124.65.0.49:20000/rtp/239.3.1.220:4220
CETV1,http://124.65.0.49:20000/rtp/239.3.1.57:8152
CETV2,http://124.65.0.49:20000/rtp/239.3.1.54:4120
CETV4,http://124.65.0.49:20000/rtp/239.3.1.56:4120
中国交通,http://124.65.0.49:20000/rtp/239.3.1.188:8001
朝阳融媒,http://124.65.0.49:20000/rtp/239.3.1.163:8001
通州融媒,http://124.65.0.49:20000/rtp/239.3.1.221:8001
房山电视台,http://124.65.0.49:20000/rtp/239.3.1.96:8001
密云电视台,http://124.65.0.49:20000/rtp/239.3.1.154:8001
延庆电视台,http://124.65.0.49:20000/rtp/239.3.1.187:8001
湖南金鹰纪实,http://124.65.0.49:20000/rtp/239.3.1.58:8156
湖南茶频道,http://124.65.0.49:20000/rtp/239.3.1.165:8001
湖南快乐垂钓,http://124.65.0.49:20000/rtp/239.3.1.164:8001
华数星影,http://124.65.0.49:20000/rtp/239.3.1.94:4120
华数动作影院,http://124.65.0.49:20000/rtp/239.3.1.92:4120
华数喜剧影院,http://124.65.0.49:20000/rtp/239.3.1.91:4120
华数家庭影院,http://124.65.0.49:20000/rtp/239.3.1.93:4120
华数精选,http://124.65.0.49:20000/rtp/239.3.1.74:4120
华数经典电影,http://124.65.0.49:20000/rtp/239.3.1.195:9024
华数热播剧场,http://124.65.0.49:20000/rtp/239.3.1.194:9020
华数军旅剧场,http://124.65.0.49:20000/rtp/239.3.1.68:4120
华数城市剧场,http://124.65.0.49:20000/rtp/239.3.1.67:4120
华数武侠剧场,http://124.65.0.49:20000/rtp/239.3.1.90:4120
华数魅力时尚,http://124.65.0.49:20000/rtp/239.3.1.196:9012
古装剧场,http://124.65.0.49:20000/rtp/239.3.1.69:4120
华数少儿动画,http://124.65.0.49:20000/rtp/239.3.1.199:9000
华数动画,http://124.65.0.49:20000/rtp/239.3.1.80:4120
嘉佳卡通,http://124.65.0.49:20000/rtp/239.3.1.147:9268
IPTV地理,http://124.65.0.49:20000/rtp/239.3.1.71:4120
IPTV10解密,http://124.65.0.49:20000/rtp/239.3.1.75:4120
IPTV7军事,http://124.65.0.49:20000/rtp/239.3.1.76:4120
IPTV台球,http://124.65.0.49:20000/rtp/239.3.1.85:4120
IPTV国学,http://124.65.0.49:20000/rtp/239.3.1.77:4120
IPTV墨宝,http://124.65.0.49:20000/rtp/239.3.1.83:4120
IPTV好学生,http://124.65.0.49:20000/rtp/239.3.1.81:4120
山东教育卫视,http://124.65.0.49:20000/rtp/239.3.1.52:4120
IPTV11戏曲,http://124.65.0.49:20000/rtp/239.3.1.78:4120
IPTV收视指南,http://124.65.0.49:20000/rtp/239.3.1.193:8012
IPTV14早教,http://124.65.0.49:20000/rtp/239.3.1.79:4120
IPTV武术,http://124.65.0.49:20000/rtp/239.3.1.87:4120
IPTV爱生活,http://124.65.0.49:20000/rtp/239.3.1.86:4120
IPTV美人,http://124.65.0.49:20000/rtp/239.3.1.73:4120
IPTV美妆,http://124.65.0.49:20000/rtp/239.3.1.72:4120
IPTV足球,http://124.65.0.49:20000/rtp/239.3.1.89:4120
IPTV鉴赏,http://124.65.0.49:20000/rtp/239.3.1.82:4120
IPTV15音乐现场,http://124.65.0.49:20000/rtp/239.3.1.70:4120
光影,http://124.65.0.49:20000/rtp/239.3.1.84:4120
睛彩竞技,http://124.65.0.49:20000/rtp/239.3.1.125:8001
睛彩篮球,http://124.65.0.49:20000/rtp/239.3.1.126:8001
睛彩羽毛球,http://124.65.0.49:20000/rtp/239.3.1.127:8001
睛彩广场舞,http://124.65.0.49:20000/rtp/239.3.1.128:8001
CETV1,http://39.87.249.126:8090/udp/239.253.254.110:8000
CETV4,http://39.87.249.126:8090/udp/239.253.254.116:8000
CGTN,http://39.87.249.126:8090/udp/239.253.254.182:8000
CGTN,http://39.87.249.126:8090/udp/239.253.254.183:8000
CGTN,http://39.87.249.126:8090/udp/239.253.254.184:8000
CGTN,http://39.87.249.126:8090/udp/239.253.254.185:8000
CGTN,http://39.87.249.126:8090/udp/239.253.254.188:8000
CGTN,http://39.87.249.126:8090/udp/239.253.254.189:8000
CHC高清电影,http://39.87.249.126:8090/udp/239.253.254.154:8000
茶频道,http://39.87.249.126:8090/udp/239.253.254.143:8000
东方财经,http://39.87.249.126:8090/udp/239.253.254.94:8000
动漫秀场,http://39.87.249.126:8090/udp/239.253.254.115:8000
都市剧场,http://39.87.249.126:8090/udp/239.253.254.98:8000
法治天地,http://39.87.249.126:8090/udp/239.253.254.96:8000
海洋,http://39.87.249.126:8090/udp/239.253.254.67:8000
金色学堂,http://39.87.249.126:8090/udp/239.253.254.101:8000
金鹰纪实,http://39.87.249.126:8090/udp/239.253.254.103:8000
精彩电影,http://39.87.249.126:8090/udp/239.253.254.142:8000
莱西,http://39.87.249.126:8090/udp/239.253.254.247:8000
崂山,http://39.87.249.126:8090/udp/239.253.254.242:8000
梨园,http://39.87.249.126:8090/udp/239.253.254.139:8000
魅力足球,http://39.87.249.126:8090/udp/239.253.254.100:8000
平度,http://39.87.249.126:8090/udp/239.253.254.248:8000
青岛李沧,http://39.87.249.126:8090/udp/239.253.254.249:8000
青岛李沧,http://39.87.249.126:8090/udp/239.253.254.250:8000
青岛李沧,http://39.87.249.126:8090/udp/239.253.254.251:8000
青岛李沧,http://39.87.249.126:8090/udp/239.253.254.252:8000
青岛李沧,http://39.87.249.126:8090/udp/239.253.254.253:8000
青岛生活,http://39.87.249.126:8090/udp/239.253.254.244:8000
青岛综合,http://39.87.249.126:8090/udp/239.253.254.243:8000
山东教育,http://39.87.249.126:8090/udp/239.253.254.59:8000
山东农科,http://39.87.249.126:8090/udp/239.253.254.24:8000
山东齐鲁,http://39.87.249.126:8090/udp/239.253.254.114:8000
山东少儿,http://39.87.249.126:8090/udp/239.253.254.25:8000
山东生活,http://39.87.249.126:8090/udp/239.253.254.151:8000
山东体育,http://39.87.249.126:8090/udp/239.253.254.22:8000
山东文旅,http://39.87.249.126:8090/udp/239.253.254.160:8000
山东新闻,http://39.87.249.126:8090/udp/239.253.254.23:8000
山东综艺,http://39.87.249.126:8090/udp/239.253.254.159:8000
生活时尚,http://39.87.249.126:8090/udp/239.253.254.99:8000
四海钓鱼,http://39.87.249.126:8090/udp/239.253.254.109:8000
四海钓鱼,http://39.87.249.126:8090/udp/239.253.254.144:8000
文物宝库,http://39.87.249.126:8090/udp/239.253.254.141:8000
武术世界,http://39.87.249.126:8090/udp/239.253.254.140:8000
中国交通,http://39.87.249.126:8090/udp/239.253.254.177:8000
综合,http://39.87.249.126:8090/udp/239.253.254.245:8000
综合,http://39.87.249.126:8090/udp/239.253.254.246:8000
游戏风云,http://39.87.249.126:8090/udp/239.253.254.95:8000
九画面,http://113.221.59.169:4000/udp/239.76.245.131:1234
九画面,http://113.221.59.169:4000/udp/239.76.252.131:9000
湖南经视频道,http://113.221.59.169:4000/udp/239.76.253.103:9000
湖南经视频道,http://113.221.59.169:4000/udp/239.76.251.86:9000
湖南都市频道,http://113.221.59.169:4000/udp/239.76.253.104:9000
湖南国际频道,http://113.221.59.169:4000/udp/239.76.253.102:9000
湖南国际频道,http://113.221.59.169:4000/udp/239.76.252.240:9000
湖南公共频道,http://113.221.59.169:4000/udp/239.76.253.109:9000
湖南娱乐频道,http://113.221.59.169:4000/udp/239.76.253.105:9000
湖南电影频道,http://113.221.59.169:4000/udp/239.76.253.106:9000
湖南电视剧频道,http://113.221.59.169:4000/udp/239.76.253.108:9000
金鹰纪实,http://113.221.59.169:4000/udp/239.76.253.110:9000
快乐垂钓,http://113.221.59.169:4000/udp/239.76.253.5:9000
茶频道,http://113.221.59.169:4000/udp/239.76.252.239:9000
湖南教育台,http://113.221.59.169:4000/udp/239.76.252.233:9000
湖南卫视FHD,http://113.221.59.169:4000/udp/239.76.252.115:9000
湖南经视FHD,http://113.221.59.169:4000/udp/239.76.252.116:9000
湖南都市FHD,http://113.221.59.169:4000/udp/239.76.252.117:9000
湖南电视剧FHD,http://113.221.59.169:4000/udp/239.76.252.118:9000
湖南电影FHD,http://113.221.59.169:4000/udp/239.76.252.119:9000
湖南娱乐FHD,http://113.221.59.169:4000/udp/239.76.252.121:9000
湖南公共FHD,http://113.221.59.169:4000/udp/239.76.252.123:9000
湖南国际FHD,http://113.221.59.169:4000/udp/239.76.252.124:9000
金鹰卡通FHD,http://113.221.59.169:4000/udp/239.76.252.120:9000
金鹰纪实FHD,http://113.221.59.169:4000/udp/239.76.252.122:9000
快乐垂钓FHD,http://113.221.59.169:4000/udp/239.76.252.127:9000
CCTV-17农业农村,http://113.221.59.169:4000/udp/239.76.252.238:9000
CHC影迷电影,http://113.221.59.169:4000/udp/239.76.252.242:9000
CCTV-第一剧场,http://113.221.59.169:4000/udp/239.76.254.49:9000
CCTV-风云剧场,http://113.221.59.169:4000/udp/239.76.254.50:9000
CCTV-怀旧剧场,http://113.221.59.169:4000/udp/239.76.254.53:9000
CCTV-电视指南,http://113.221.59.169:4000/udp/239.76.254.61:9000
CCTV-世界地理,http://113.221.59.169:4000/udp/239.76.254.57:9000
CCTV-兵器科技,http://113.221.59.169:4000/udp/239.76.254.59:9000
CCTV-央视台球,http://113.221.59.169:4000/udp/239.76.254.58:9000
CCTV-文化精品,http://113.221.59.169:4000/udp/239.76.254.56:9000
CCTV-女性时尚,http://113.221.59.169:4000/udp/239.76.254.55:9000
CCTV-风云足球,http://113.221.59.169:4000/udp/239.76.254.52:9000
CCTV-风云音乐,http://113.221.59.169:4000/udp/239.76.254.51:9000
CCTV-高尔夫网球,http://113.221.59.169:4000/udp/239.76.254.62:9000
CCTV-4中文国际 欧洲,http://113.221.59.169:4000/udp/239.76.253.95:9000
CCTV-4中文国际 美洲,http://113.221.59.169:4000/udp/239.76.253.96:9000
凤凰资讯,http://113.221.59.169:4000/udp/239.76.253.135:9000
北京KAKU少儿,http://113.221.59.169:4000/udp/239.76.254.81:9000
北京纪实科教,http://113.221.59.169:4000/udp/239.76.254.65:9000
上海东方财经,http://113.221.59.169:4000/udp/239.76.254.69:9000
上海乐游频道,http://113.221.59.169:4000/udp/239.76.254.68:9000
上海动漫秀场,http://113.221.59.169:4000/udp/239.76.254.70:9000
上海法治天地,http://113.221.59.169:4000/udp/239.76.254.67:9000
上海游戏风云,http://113.221.59.169:4000/udp/239.76.254.71:9000
上海生活时尚,http://113.221.59.169:4000/udp/239.76.254.73:9000
上海都市剧场,http://113.221.59.169:4000/udp/239.76.254.74:9000
上海金色学堂,http://113.221.59.169:4000/udp/239.76.254.75:9000
河南梨园频道,http://113.221.59.169:4000/udp/239.76.252.179:9000
河南文物宝库,http://113.221.59.169:4000/udp/239.76.252.180:9000
河南武术世界,http://113.221.59.169:4000/udp/239.76.252.181:9000
CETV-1,http://113.221.59.169:4000/udp/239.76.252.192:9000
CETV-4,http://113.221.59.169:4000/udp/239.76.252.254:9000
CETV早期教育,http://113.221.59.169:4000/udp/239.76.254.202:9000
CGTN英语,http://113.221.59.169:4000/udp/239.76.252.66:9000
CGTN纪录,http://113.221.59.169:4000/udp/239.76.252.67:9000
CGTN俄语,http://113.221.59.169:4000/udp/239.76.253.86:9000
CGTN法语,http://113.221.59.169:4000/udp/239.76.253.87:9000
CGTN西班牙语,http://113.221.59.169:4000/udp/239.76.253.88:9000
CGTN阿拉伯语,http://113.221.59.169:4000/udp/239.76.253.97:9000
魅力足球,http://113.221.59.169:4000/udp/239.76.254.72:9000
中国天气,http://113.221.59.169:4000/udp/239.76.253.61:9000
天元围棋,http://113.221.59.169:4000/udp/239.76.253.2:9000
长沙新闻综合,http://113.221.59.169:4000/udp/239.76.253.121:9000
长沙政法频道,http://113.221.59.169:4000/udp/239.76.253.122:9000
长沙文旅频道,http://113.221.59.169:4000/udp/239.76.255.42:9000
益阳新闻综合,http://113.221.59.169:4000/udp/239.76.255.15:9000
益阳公共频道,http://113.221.59.169:4000/udp/239.76.255.16:9000
岳阳新闻综合,http://113.221.59.169:4000/udp/239.76.255.7:9000
岳阳文旅都市,http://113.221.59.169:4000/udp/239.76.255.8:9000
张家界1新闻综合,http://113.221.59.169:4000/udp/239.76.252.234:9000
张家界2公共频道,http://113.221.59.169:4000/udp/239.76.252.235:9000
湘西新闻综合,http://113.221.59.169:4000/udp/239.76.252.208:9000
湘西文化旅游,http://113.221.59.169:4000/udp/239.76.252.209:9000
株洲新闻综合,http://113.221.59.169:4000/udp/239.76.255.1:9000
永州新闻综合,http://113.221.59.169:4000/udp/239.76.255.23:9000
永州经济生活,http://113.221.59.169:4000/udp/239.76.255.24:9000
湘潭新闻综合,http://113.221.59.169:4000/udp/239.76.255.4:9000
湘潭县电视台,http://113.221.59.169:4000/udp/239.76.255.41:9000
衡阳新闻综合,http://113.221.59.169:4000/udp/239.76.255.13:9000
衡阳文旅法治,http://113.221.59.169:4000/udp/239.76.255.14:9000
衡阳县电视台,http://113.221.59.169:4000/udp/239.76.255.26:9000
邵阳新闻综合,http://113.221.59.169:4000/udp/239.76.255.21:9000
邵阳文旅民生,http://113.221.59.169:4000/udp/239.76.255.22:9000
郴州综合频道,http://113.221.59.169:4000/udp/239.76.253.75:9000
郴州公共频道,http://113.221.59.169:4000/udp/239.76.255.39:9000
怀化新闻综合,http://113.221.59.169:4000/udp/239.76.255.12:9000
常德新闻综合,http://113.221.59.169:4000/udp/239.76.255.10:9000
常德公共频道,http://113.221.59.169:4000/udp/239.76.255.11:9000
娄底综合频道,http://113.221.59.169:4000/udp/239.76.255.18:9000
娄底公共频道,http://113.221.59.169:4000/udp/239.76.255.19:9000
娄底教育频道,http://113.221.59.169:4000/udp/239.76.255.20:9000
东安新闻综合,http://113.221.59.169:4000/udp/239.76.255.32:9000
桃源综合频道,http://113.221.59.169:4000/udp/239.76.255.36:9000
双牌新闻综合,http://113.221.59.169:4000/udp/239.76.255.33:9000
麻阳综合频道,http://113.221.59.169:4000/udp/239.76.255.45:9000
宁远综合频道,http://113.221.59.169:4000/udp/239.76.255.34:9000
汨罗综合频道,http://113.221.59.169:4000/udp/239.76.255.47:9000
新化电视台,http://113.221.59.169:4000/udp/239.76.255.31:9000
津市电视台,http://113.221.59.169:4000/udp/239.76.255.30:9000
武冈综合频道,http://113.221.59.169:4000/udp/239.76.255.29:9000
未知频道,http://113.221.59.169:4000/udp/239.76.255.46:9000
江永新闻频道,http://113.221.59.169:4000/udp/239.76.255.35:9000
洪江新闻频道,http://113.221.59.169:4000/udp/239.76.255.37:9000
涟源综合频道,http://113.221.59.169:4000/udp/239.76.255.48:9000
溆浦综合频道,http://113.221.59.169:4000/udp/239.76.255.25:9000
蓝山综合频道,http://113.221.59.169:4000/udp/239.76.255.38:9000
新田综合频道,http://113.221.59.169:4000/udp/239.76.255.44:9000
道县综合频道,http://113.221.59.169:4000/udp/239.76.255.28:9000
中方台,http://113.221.59.169:4000/udp/239.76.255.43:9000
桂东融媒,http://113.221.59.169:4000/udp/239.76.253.231:9000
湖南公共频道,http://113.221.59.169:4000/udp/239.76.246.109:1234
湖南国际频道,http://113.221.59.169:4000/udp/239.76.246.102:1234
湖南娱乐频道,http://113.221.59.169:4000/udp/239.76.246.105:1234
湖南电影频道,http://113.221.59.169:4000/udp/239.76.246.106:1234
湖南电视剧频道,http://113.221.59.169:4000/udp/239.76.246.108:1234
湖南经视频道,http://113.221.59.169:4000/udp/239.76.246.103:1234
湖南都市频道,http://113.221.59.169:4000/udp/239.76.246.104:1234
金鹰纪实,http://113.221.59.169:4000/udp/239.76.246.110:1234
湖南教育台,http://113.221.59.169:4000/udp/239.76.245.233:1234
快乐垂钓,http://113.221.59.169:4000/udp/239.76.246.5:1234
茶频道,http://113.221.59.169:4000/udp/239.76.245.239:1234
湖南卫视FHD,http://113.221.59.169:4000/udp/239.76.245.115:1234
湖南电影FHD,http://113.221.59.169:4000/udp/239.76.245.119:1234
湖南电视剧FHD,http://113.221.59.169:4000/udp/239.76.245.118:1234
湖南经视FHD,http://113.221.59.169:4000/udp/239.76.245.116:1234
湖南都市FHD,http://113.221.59.169:4000/udp/239.76.245.117:1234
湖南公共FHD,http://113.221.59.169:4000/udp/239.76.245.123:1234
湖南国际FHD,http://113.221.59.169:4000/udp/239.76.245.124:1234
湖南娱乐FHD,http://113.221.59.169:4000/udp/239.76.245.121:1234
金鹰卡通FHD,http://113.221.59.169:4000/udp/239.76.245.120:1234
金鹰纪实FHD,http://113.221.59.169:4000/udp/239.76.245.122:1234
快乐垂钓FHD,http://113.221.59.169:4000/udp/239.76.245.127:1234
CCTV-17农业农村,http://113.221.59.169:4000/udp/239.76.245.238:1234
CHC影迷电影,http://113.221.59.169:4000/udp/239.76.245.242:1234
CCTV-4中文国际 欧洲,http://113.221.59.169:4000/udp/239.76.246.95:1234
CCTV-4中文国际 美洲,http://113.221.59.169:4000/udp/239.76.246.96:1234
凤凰资讯,http://113.221.59.169:4000/udp/239.76.246.135:1234
CETV-1,http://113.221.59.169:4000/udp/239.76.245.192:1234
CETV-4,http://113.221.59.169:4000/udp/239.76.245.254:1234
CGTN英语,http://113.221.59.169:4000/udp/239.76.245.66:1234
CGTN纪录,http://113.221.59.169:4000/udp/239.76.245.67:1234
CGTN俄语,http://113.221.59.169:4000/udp/239.76.246.86:1234
CGTN法语,http://113.221.59.169:4000/udp/239.76.246.87:1234
CGTN西班牙语,http://113.221.59.169:4000/udp/239.76.246.88:1234
CGTN阿拉伯语,http://113.221.59.169:4000/udp/239.76.246.97:1234
河南文物宝库,http://113.221.59.169:4000/udp/239.76.245.180:1234
河南梨园频道,http://113.221.59.169:4000/udp/239.76.245.179:1234
河南武术世界,http://113.221.59.169:4000/udp/239.76.245.181:1234
中国天气,http://113.221.59.169:4000/udp/239.76.246.61:1234
桂东融媒,http://113.221.59.169:4000/udp/239.76.246.231:1234
长沙新闻频道,http://113.221.59.169:4000/udp/239.76.246.121:1234
长沙政法频道,http://113.221.59.169:4000/udp/239.76.246.122:1234
益阳新闻综合,http://113.221.59.169:4000/udp/239.76.248.15:1234
益阳公共频道,http://113.221.59.169:4000/udp/239.76.248.16:1234
岳阳新闻综合,http://113.221.59.169:4000/udp/239.76.248.7:1234
岳阳文旅都市,http://113.221.59.169:4000/udp/239.76.248.8:1234
张家界新闻综合,http://113.221.59.169:4000/udp/239.76.245.234:1234
张家界公共频道,http://113.221.59.169:4000/udp/239.76.245.235:1234
湘西新闻综合,http://113.221.59.169:4000/udp/239.76.245.208:1234
湘西文化旅游,http://113.221.59.169:4000/udp/239.76.245.209:1234
株洲新闻综合,http://113.221.59.169:4000/udp/239.76.248.1:1234
永州新闻综合,http://113.221.59.169:4000/udp/239.76.248.23:1234
永州经济生活,http://113.221.59.169:4000/udp/239.76.248.24:1234
湘潭新闻综合,http://113.221.59.169:4000/udp/239.76.248.4:1234
湘潭县电视台,http://113.221.59.169:4000/udp/239.76.248.41:1234
衡阳新闻综合,http://113.221.59.169:4000/udp/239.76.248.13:1234
衡阳文旅法治,http://113.221.59.169:4000/udp/239.76.248.14:1234
衡阳县电视台,http://113.221.59.169:4000/udp/239.76.248.26:1234
邵阳新闻综合,http://113.221.59.169:4000/udp/239.76.248.21:1234
邵阳文旅民生,http://113.221.59.169:4000/udp/239.76.248.22:1234
郴州综合频道,http://113.221.59.169:4000/udp/239.76.246.75:1234
郴州公共频道,http://113.221.59.169:4000/udp/239.76.248.39:1234
怀化新闻综合,http://113.221.59.169:4000/udp/239.76.248.12:1234
常德新闻综合,http://113.221.59.169:4000/udp/239.76.248.10:1234
常德公共频道,http://113.221.59.169:4000/udp/239.76.248.11:1234
娄底综合频道,http://113.221.59.169:4000/udp/239.76.248.18:1234
娄底公共频道,http://113.221.59.169:4000/udp/239.76.248.19:1234
娄底教育频道,http://113.221.59.169:4000/udp/239.76.248.20:1234
东安新闻综合,http://113.221.59.169:4000/udp/239.76.248.32:1234
桃源综合频道,http://113.221.59.169:4000/udp/239.76.248.36:1234
长沙文旅频道,http://113.221.59.169:4000/udp/239.76.248.42:1234
双牌新闻综合,http://113.221.59.169:4000/udp/239.76.248.33:1234
宁远综合频道,http://113.221.59.169:4000/udp/239.76.248.34:1234
麻阳综合频道,http://113.221.59.169:4000/udp/239.76.248.45:1234
新化电视台,http://113.221.59.169:4000/udp/239.76.248.31:1234
津市电视台,http://113.221.59.169:4000/udp/239.76.248.30:1234
武冈综合频道,http://113.221.59.169:4000/udp/239.76.248.29:1234
江永新闻频道,http://113.221.59.169:4000/udp/239.76.248.35:1234
洪江新闻频道,http://113.221.59.169:4000/udp/239.76.248.37:1234
溆浦综合频道,http://113.221.59.169:4000/udp/239.76.248.25:1234
蓝山综合频道,http://113.221.59.169:4000/udp/239.76.248.38:1234
新田综合频道,http://113.221.59.169:4000/udp/239.76.248.44:1234
道县综合频道,http://113.221.59.169:4000/udp/239.76.248.28:1234
宁乡综合频道,http://113.221.59.169:4000/udp/239.76.248.57:1234
未知新闻综合,http://113.221.59.169:4000/udp/239.76.248.27:1234
中方台,http://113.221.59.169:4000/udp/239.76.248.43:1234
山西黄河频道,http://124.165.232.26:8085/rtp/226.0.2.235:9792
山西经济与科技,http://124.165.232.26:8085/rtp/226.0.2.236:9800
山西影视频道,http://124.165.232.26:8085/rtp/226.0.2.237:9808
山西社会与法治,http://124.165.232.26:8085/rtp/226.0.2.238:9816
山西文体生活,http://124.165.232.26:8085/rtp/226.0.2.16:8040
CCTV-17农业农村,http://124.165.232.26:8085/rtp/226.0.2.170:9272
CCTV-风云足球,http://124.165.232.26:8085/rtp/226.0.2.225:9712
CCTV-高尔夫网球,http://124.165.232.26:8085/rtp/226.0.2.217:9648
CCTV-风云剧场,http://124.165.232.26:8085/rtp/226.0.2.227:9728
CCTV-第一剧场,http://124.165.232.26:8085/rtp/226.0.2.221:9680
CCTV-怀旧剧场,http://124.165.232.26:8085/rtp/226.0.2.224:9704
CHC高清电影,http://124.165.232.26:8085/rtp/226.0.2.93:8004
CCTV-世界地理,http://124.165.232.26:8085/rtp/226.0.2.222:9688
CCTV-兵器科技,http://124.165.232.26:8085/rtp/226.0.2.223:9696
CCTV-电视指南,http://124.165.232.26:8085/rtp/226.0.2.218:9656
CCTV-文化精品,http://124.165.232.26:8085/rtp/226.0.2.219:9664
CCTV-央视台球,http://124.165.232.26:8085/rtp/226.0.2.216:9640
CCTV-风云音乐,http://124.165.232.26:8085/rtp/226.0.2.220:9672
CCTV-女性时尚,http://124.165.232.26:8085/rtp/226.0.2.226:9720
湖南金鹰纪实,http://124.165.232.26:8085/rtp/226.0.2.194:9464
湖南金鹰卡通,http://124.165.232.26:8085/rtp/226.0.2.172:9288
上海纪实人文,http://124.165.232.26:8085/rtp/226.0.2.193:9456
上海动漫秀场,http://124.165.232.26:8085/rtp/226.0.2.183:9376
上海都市剧场,http://124.165.232.26:8085/rtp/226.0.2.81:8560
上海法治天地,http://124.165.232.26:8085/rtp/226.0.2.83:8576
上海东方财经,http://124.165.232.26:8085/rtp/226.0.2.76:8520
上海乐游纪实,http://124.165.232.26:8085/rtp/226.0.2.77:8528
上海游戏风云,http://124.165.232.26:8085/rtp/226.0.2.78:8536
上海生活时尚,http://124.165.232.26:8085/rtp/226.0.2.84:8584
上海金色学堂,http://124.165.232.26:8085/rtp/226.0.2.182:9368
河南文物宝库,http://124.165.232.26:8085/rtp/226.0.2.110:8792
河南梨园频道,http://124.165.232.26:8085/rtp/226.0.2.115:8832
河南武术世界,http://124.165.232.26:8085/rtp/226.0.2.97:8688
CETV1,http://124.165.232.26:8085/rtp/226.0.2.181:9360
CETV早期教育,http://124.165.232.26:8085/rtp/226.0.2.99:8704
中国天气,http://124.165.232.26:8085/rtp/226.0.2.103:8736
清徐,http://124.165.232.26:8085/rtp/226.0.2.191:9440
朔州-1,http://124.165.232.26:8085/rtp/226.0.2.185:9392
朔州-2,http://124.165.232.26:8085/rtp/226.0.2.186:9400
孝义电视台,http://124.165.232.26:8085/rtp/226.0.2.189:9424
古交电视台,http://124.165.232.26:8085/rtp/226.0.2.192:9448
阳曲,http://124.165.232.26:8085/rtp/226.0.2.196:9480
九屏测试,http://124.165.232.26:8085/rtp/226.0.2.197:9488
太原1,http://124.165.232.26:8085/rtp/226.0.2.201:9520
太原2,http://124.165.232.26:8085/rtp/226.0.2.202:9528
太原3,http://124.165.232.26:8085/rtp/226.0.2.203:9536
太原4,http://124.165.232.26:8085/rtp/226.0.2.204:9544
太原5,http://124.165.232.26:8085/rtp/226.0.2.205:9552
太原教育,http://124.165.232.26:8085/rtp/226.0.2.206:9560
晋能控股,http://124.165.232.26:8085/rtp/226.0.2.229:9744
大同教育,http://124.165.232.26:8085/rtp/226.0.2.232:9772
阳泉-1新闻综合,http://124.165.232.26:8085/rtp/226.0.2.233:9776
阳泉-2科教,http://124.165.232.26:8085/rtp/226.0.2.234:9784
山西黄河频道,http://124.165.232.26:8082/rtp/226.0.2.235:9792
山西经济与科技,http://124.165.232.26:8082/rtp/226.0.2.236:9800
山西影视频道,http://124.165.232.26:8082/rtp/226.0.2.237:9808
山西社会与法治,http://124.165.232.26:8082/rtp/226.0.2.238:9816
山西文体生活,http://124.165.232.26:8082/rtp/226.0.2.16:8040
CCTV-17农业农村,http://124.165.232.26:8082/rtp/226.0.2.170:9272
CCTV-风云足球,http://124.165.232.26:8082/rtp/226.0.2.225:9712
CCTV-高尔夫网球,http://124.165.232.26:8082/rtp/226.0.2.217:9648
CCTV-风云剧场,http://124.165.232.26:8082/rtp/226.0.2.227:9728
CCTV-第一剧场,http://124.165.232.26:8082/rtp/226.0.2.221:9680
CCTV-怀旧剧场,http://124.165.232.26:8082/rtp/226.0.2.224:9704
CHC高清电影,http://124.165.232.26:8082/rtp/226.0.2.93:8004
CCTV-世界地理,http://124.165.232.26:8082/rtp/226.0.2.222:9688
CCTV-兵器科技,http://124.165.232.26:8082/rtp/226.0.2.223:9696
CCTV-电视指南,http://124.165.232.26:8082/rtp/226.0.2.218:9656
CCTV-文化精品,http://124.165.232.26:8082/rtp/226.0.2.219:9664
CCTV-央视台球,http://124.165.232.26:8082/rtp/226.0.2.216:9640
CCTV-风云音乐,http://124.165.232.26:8082/rtp/226.0.2.220:9672
CCTV-女性时尚,http://124.165.232.26:8082/rtp/226.0.2.226:9720
湖南金鹰纪实,http://124.165.232.26:8082/rtp/226.0.2.194:9464
湖南金鹰卡通,http://124.165.232.26:8082/rtp/226.0.2.172:9288
上海纪实人文,http://124.165.232.26:8082/rtp/226.0.2.193:9456
上海动漫秀场,http://124.165.232.26:8082/rtp/226.0.2.183:9376
上海都市剧场,http://124.165.232.26:8082/rtp/226.0.2.81:8560
上海法治天地,http://124.165.232.26:8082/rtp/226.0.2.83:8576
上海东方财经,http://124.165.232.26:8082/rtp/226.0.2.76:8520
上海乐游纪实,http://124.165.232.26:8082/rtp/226.0.2.77:8528
上海游戏风云,http://124.165.232.26:8082/rtp/226.0.2.78:8536
上海生活时尚,http://124.165.232.26:8082/rtp/226.0.2.84:8584
上海金色学堂,http://124.165.232.26:8082/rtp/226.0.2.182:9368
河南文物宝库,http://124.165.232.26:8082/rtp/226.0.2.110:8792
河南梨园频道,http://124.165.232.26:8082/rtp/226.0.2.115:8832
河南武术世界,http://124.165.232.26:8082/rtp/226.0.2.97:8688
CETV1,http://124.165.232.26:8082/rtp/226.0.2.181:9360
CETV早期教育,http://124.165.232.26:8082/rtp/226.0.2.99:8704
中国天气,http://124.165.232.26:8082/rtp/226.0.2.103:8736
清徐,http://124.165.232.26:8082/rtp/226.0.2.191:9440
朔州-1,http://124.165.232.26:8082/rtp/226.0.2.185:9392
朔州-2,http://124.165.232.26:8082/rtp/226.0.2.186:9400
孝义电视台,http://124.165.232.26:8082/rtp/226.0.2.189:9424
古交电视台,http://124.165.232.26:8082/rtp/226.0.2.192:9448
阳曲,http://124.165.232.26:8082/rtp/226.0.2.196:9480
九屏测试,http://124.165.232.26:8082/rtp/226.0.2.197:9488
太原1,http://124.165.232.26:8082/rtp/226.0.2.201:9520
太原2,http://124.165.232.26:8082/rtp/226.0.2.202:9528
太原3,http://124.165.232.26:8082/rtp/226.0.2.203:9536
太原4,http://124.165.232.26:8082/rtp/226.0.2.204:9544
太原5,http://124.165.232.26:8082/rtp/226.0.2.205:9552
太原教育,http://124.165.232.26:8082/rtp/226.0.2.206:9560
晋能控股,http://124.165.232.26:8082/rtp/226.0.2.229:9744
大同教育,http://124.165.232.26:8082/rtp/226.0.2.232:9772
阳泉-1新闻综合,http://124.165.232.26:8082/rtp/226.0.2.233:9776
阳泉-2科教,http://124.165.232.26:8082/rtp/226.0.2.234:9784
CETV1HD,http://182.135.66.163:18888/rtp/239.94.1.2:5140
CETV4HD,http://182.135.66.163:18888/rtp/239.94.1.20:5140
CGTNHD,http://182.135.66.163:18888/rtp/239.94.0.40:5140
CGTN西语HD,http://182.135.66.163:18888/rtp/239.94.1.61:5140
CGTN西语HD,http://182.135.66.163:18888/rtp/239.94.1.65:5140
CGTN法语HD,http://182.135.66.163:18888/rtp/239.94.1.66:5140
CHC影迷电影HD,http://182.135.66.163:18888/rtp/239.94.1.174:5140
天元围棋HD,http://182.135.66.163:18888/rtp/239.94.1.152:5140
法治天地HD,http://182.135.66.163:18888/rtp/239.94.1.166:5140
游戏风云HD,http://182.135.66.163:18888/rtp/239.94.1.46:5140
茶频道HD,http://182.135.66.163:18888/rtp/239.94.1.154:5140
金色学堂HD,http://182.135.66.163:18888/rtp/239.94.1.165:5140
金鹰纪实HD,http://182.135.66.163:18888/rtp/239.94.1.1:5140
环球旅游HD,http://182.135.66.163:18888/rtp/239.94.1.147:5140
快乐垂钓HD,http://182.135.66.163:18888/rtp/239.94.1.153:5140
生活时尚HD,http://182.135.66.163:18888/rtp/239.94.1.146:5140
中国交通HD,http://182.135.66.163:18888/rtp/239.94.0.87:5140
中国天气HD,http://182.135.66.163:18888/rtp/239.94.1.167:5140
乐游HD,http://182.135.66.163:18888/rtp/239.94.1.164:5140
动漫秀场HD,http://182.135.66.163:18888/rtp/239.94.1.171:5140
兵团卫视HD,http://182.135.66.163:18888/rtp/239.94.0.102:5140
康巴卫视HD,http://182.135.66.163:18888/rtp/239.94.0.78:5140
凤凰资讯HD,http://182.135.66.163:18888/rtp/239.94.2.49:5140
凤凰资讯HD,http://182.135.66.163:18888/rtp/239.94.2.50:5140
北京纪实科教HD,http://182.135.66.163:18888/rtp/239.94.0.109:5140
东方财经HD,http://182.135.66.163:18888/rtp/239.94.1.59:5140
都市剧场HD,http://182.135.66.163:18888/rtp/239.94.1.133:5140
财富天下HD,http://182.135.66.163:18888/rtp/239.94.1.42:5140
少儿动画HD,http://182.135.66.163:18888/rtp/239.94.1.33:5140
魅力时尚HD,http://182.135.66.163:18888/rtp/239.94.1.39:5140
爱体育HD,http://182.135.66.163:18888/rtp/239.94.1.44:5140
求索记录HD,http://182.135.66.163:18888/rtp/239.94.1.142:5140
热播剧场HD,http://182.135.66.163:18888/rtp/239.94.1.25:5140
经典电影HD,http://182.135.66.163:18888/rtp/239.94.1.21:5140
音乐现场HD,http://182.135.66.163:18888/rtp/239.94.1.36:5140
精彩导视HD,http://182.135.66.163:18888/rtp/239.94.1.63:5140
精彩影视HD,http://182.135.66.163:18888/rtp/239.94.1.172:5140
爱生活HD,http://182.135.66.163:18888/rtp/239.94.1.41:5140
CDTV1HD,http://182.135.66.163:18888/rtp/239.94.0.154:5140
CDTV2HD,http://182.135.66.163:18888/rtp/239.94.0.155:5140
CDTV3HD,http://182.135.66.163:18888/rtp/239.94.0.156:5140
CDTV4HD,http://182.135.66.163:18888/rtp/239.94.0.157:5140
CDTV5HD,http://182.135.66.163:18888/rtp/239.94.0.158:5140
CDTV6HD,http://182.135.66.163:18888/rtp/239.94.0.159:5140
CDTV8HD,http://182.135.66.163:18888/rtp/239.94.0.160:5140
SCTV7HD,http://182.135.66.163:18888/rtp/239.94.0.75:5140
bestvHD,http://182.135.66.163:18888/rtp/239.94.2.57:5140
iHOT爱体育HD,http://182.135.66.163:18888/rtp/239.94.1.143:5140
iHOT爱动漫HD,http://182.135.66.163:18888/rtp/239.94.1.141:5140
iHOT爱历史HD,http://182.135.66.163:18888/rtp/239.94.1.135:5140
iHOT爱喜剧HD,http://182.135.66.163:18888/rtp/239.94.1.129:5140
iHOT爱喜剧HD,http://182.135.66.163:18888/rtp/239.94.2.71:5140
iHOT爱奇谈HD,http://182.135.66.163:18888/rtp/239.94.1.130:5140
iHOT爱幼教HD,http://182.135.66.163:18888/rtp/239.94.1.139:5140
iHOT爱悬疑HD,http://182.135.66.163:18888/rtp/239.94.1.136:5140
iHOT爱旅行HD,http://182.135.66.163:18888/rtp/239.94.1.137:5140
iHOT爱浪漫HD,http://182.135.66.163:18888/rtp/239.94.1.128:5140
iHOT爱玩具HD,http://182.135.66.163:18888/rtp/239.94.1.140:5140
iHOT爱科幻HD,http://182.135.66.163:18888/rtp/239.94.1.131:5140
iHOT爱谍战HD,http://182.135.66.163:18888/rtp/239.94.1.134:5140
iHOT爱赛车HD,http://182.135.66.163:18888/rtp/239.94.1.144:5140
iHOT爱院线HD,http://182.135.66.163:18888/rtp/239.94.1.132:5140
i成都HD,http://182.135.66.163:18888/rtp/239.94.2.1:5140
乐山文旅生活HD,http://182.135.66.163:18888/rtp/239.94.0.173:5140
乐山综合HD,http://182.135.66.163:18888/rtp/239.94.0.162:5140
乐龄学堂HD,http://182.135.66.163:18888/rtp/239.94.1.155:5140
九画面1HD,http://182.135.66.163:18888/rtp/239.94.2.128:5140
九画面10HD,http://182.135.66.163:18888/rtp/239.94.2.130:5140
九画面11HD,http://182.135.66.163:18888/rtp/239.94.2.133:5140
九画面12HD,http://182.135.66.163:18888/rtp/239.94.2.134:5140
九画面13HD,http://182.135.66.163:18888/rtp/239.94.2.136:5140
九画面14HD,http://182.135.66.163:18888/rtp/239.94.2.141:5140
九画面2HD,http://182.135.66.163:18888/rtp/239.94.2.129:5140
九画面3HD,http://182.135.66.163:18888/rtp/239.94.2.131:5140
九画面4HD,http://182.135.66.163:18888/rtp/239.94.2.132:5140
九画面5HD,http://182.135.66.163:18888/rtp/239.94.2.135:5140
九画面6HD,http://182.135.66.163:18888/rtp/239.94.2.137:5140
九画面7HD,http://182.135.66.163:18888/rtp/239.94.2.139:5140
九画面8HD,http://182.135.66.163:18888/rtp/239.94.2.140:5140
九画面9HD,http://182.135.66.163:18888/rtp/239.94.2.73:5140
云看熊猫专区HD,http://182.135.66.163:18888/rtp/239.94.1.7:5140
健康养生HD,http://182.135.66.163:18888/rtp/239.94.1.27:5140
全球大片HD,http://182.135.66.163:18888/rtp/239.94.1.24:5140
军事专区HD,http://182.135.66.163:18888/rtp/239.94.1.52:5140
凉山综合HD,http://182.135.66.163:18888/rtp/239.94.0.171:5140
华语影院HD,http://182.135.66.163:18888/rtp/239.94.1.22:5140
四川乡村HD,http://182.135.66.163:18888/rtp/239.94.0.77:5140
四川乡村HD,http://182.135.66.163:18888/rtp/239.94.1.4:5140
四川乡村HD,http://182.135.66.163:18888/rtp/239.94.1.8:5140
四川影视文艺HD,http://182.135.66.163:18888/rtp/239.94.0.73:5140
四川文化旅游HD,http://182.135.66.163:18888/rtp/239.94.0.71:5140
四川文化旅游HD,http://182.135.66.163:18888/rtp/239.94.1.11:5140
四川文化旅游HD,http://182.135.66.163:18888/rtp/239.94.1.5:5140
四川文化旅游HD,http://182.135.66.163:18888/rtp/239.94.1.6:5140
四川新闻HD,http://182.135.66.163:18888/rtp/239.94.0.72:5140
四川新闻HD,http://182.135.66.163:18888/rtp/239.94.1.3:5140
四川新闻HD,http://182.135.66.163:18888/rtp/239.94.2.26:5140
四川科教HD,http://182.135.66.163:18888/rtp/239.94.0.76:5140
四川经济HD,http://182.135.66.163:18888/rtp/239.94.0.70:5140
四海钓鱼HD,http://182.135.66.163:18888/rtp/239.94.1.168:5140
地理专区HD,http://182.135.66.163:18888/rtp/239.94.1.54:5140
墨宝专区HD,http://182.135.66.163:18888/rtp/239.94.1.51:5140
大爱四川专区HD,http://182.135.66.163:18888/rtp/239.94.1.12:5140
大爱四川专区HD,http://182.135.66.163:18888/rtp/239.94.1.13:5140
大爱四川专区HD,http://182.135.66.163:18888/rtp/239.94.1.14:5140
大爱时尚专区HD,http://182.135.66.163:18888/rtp/239.94.1.15:5140
宜宾公共HD,http://182.135.66.163:18888/rtp/239.94.0.172:5140
宜宾综合HD,http://182.135.66.163:18888/rtp/239.94.0.161:5140
宝宝动画HD,http://182.135.66.163:18888/rtp/239.94.1.32:5140
导视HD,http://182.135.66.163:18888/rtp/239.94.1.64:5140
少儿天地HD,http://182.135.66.163:18888/rtp/239.94.1.138:5140
峨眉电影HD,http://182.135.66.163:18888/rtp/239.94.0.103:5140
广元文化生活HD,http://182.135.66.163:18888/rtp/239.94.0.179:5140
广元综合HD,http://182.135.66.163:18888/rtp/239.94.0.167:5140
德阳文旅科教HD,http://182.135.66.163:18888/rtp/239.94.0.165:5140
德阳新闻综合HD,http://182.135.66.163:18888/rtp/239.94.0.176:5140
戏曲专区HD,http://182.135.66.163:18888/rtp/239.94.1.38:5140
戏曲精选HD,http://182.135.66.163:18888/rtp/239.94.1.37:5140
攀枝花综合HD,http://182.135.66.163:18888/rtp/239.94.0.168:5140
收视指南专区HD,http://182.135.66.163:18888/rtp/239.94.1.56:5140
星光院线HD,http://182.135.66.163:18888/rtp/239.94.1.23:5140
未知节目HD,http://182.135.66.163:18888/rtp/239.94.2.72:5140
未识别HD,http://182.135.66.163:18888/rtp/239.94.2.25:5140
来钓鱼吧HD,http://182.135.66.163:18888/rtp/239.94.1.148:5140
泸州科教生活HD,http://182.135.66.163:18888/rtp/239.94.0.182:5140
泸州综合HD,http://182.135.66.163:18888/rtp/239.94.0.163:5140
热门剧场HD,http://182.135.66.163:18888/rtp/239.94.1.26:5140
热门综艺HD,http://182.135.66.163:18888/rtp/239.94.1.35:5140
爱乐山HD,http://182.135.66.163:18888/rtp/239.94.2.2:5140
爱宠宠物HD,http://182.135.66.163:18888/rtp/239.94.1.145:5140
电信5GHD,http://182.135.66.163:18888/rtp/239.94.2.4:5140
电竞天堂HD,http://182.135.66.163:18888/rtp/239.94.1.45:5140
百变课堂HD,http://182.135.66.163:18888/rtp/239.94.1.43:5140
直播室1HD,http://182.135.66.163:18888/rtp/239.94.2.11:5140
直播室2HD,http://182.135.66.163:18888/rtp/239.94.2.12:5140
直播室3HD,http://182.135.66.163:18888/rtp/239.94.2.13:5140
直播室3HD,http://182.135.66.163:18888/rtp/239.94.2.14:5140
直播室5HD,http://182.135.66.163:18888/rtp/239.94.2.15:5140
直播室6HD,http://182.135.66.163:18888/rtp/239.94.2.16:5140
直播室7HD,http://182.135.66.163:18888/rtp/239.94.2.17:5140
直播室8HD,http://182.135.66.163:18888/rtp/239.94.2.18:5140
眉山文旅乡村HD,http://182.135.66.163:18888/rtp/239.94.0.174:5140
眉山综合HD,http://182.135.66.163:18888/rtp/239.94.0.170:5140
看天下精选HD,http://182.135.66.163:18888/rtp/239.94.1.68:5140
科教生活HD,http://182.135.66.163:18888/rtp/239.94.0.181:5140
精彩推荐HD,http://182.135.66.163:18888/rtp/239.94.2.10:5140
红色影院HD,http://182.135.66.163:18888/rtp/239.94.1.48:5140
经典剧场HD,http://182.135.66.163:18888/rtp/239.94.1.49:5140
综艺咖秀HD,http://182.135.66.163:18888/rtp/239.94.2.27:5140
自贡文化生活HD,http://182.135.66.163:18888/rtp/239.94.0.178:5140
蓉城先锋HD,http://182.135.66.163:18888/rtp/239.94.1.57:5140
解密专区HD,http://182.135.66.163:18888/rtp/239.94.1.53:5140
谍战剧场HD,http://182.135.66.163:18888/rtp/239.94.1.28:5140
足球专区HD,http://182.135.66.163:18888/rtp/239.94.1.47:5140
雅安文化生活HD,http://182.135.66.163:18888/rtp/239.94.0.180:5140
雅安综合HD,http://182.135.66.163:18888/rtp/239.94.0.166:5140
青春动漫HD,http://182.135.66.163:18888/rtp/239.94.1.34:5140
风景HD,http://182.135.66.163:18888/rtp/239.94.2.74:5140
风景直播1HD,http://182.135.66.163:18888/rtp/239.94.2.19:5140
风景直播2HD,http://182.135.66.163:18888/rtp/239.94.2.20:5140
风景直播3HD,http://182.135.66.163:18888/rtp/239.94.2.23:5140
麻辣体育HD,http://182.135.66.163:18888/rtp/239.94.1.149:5140
CETV2SD,http://182.135.66.163:18888/rtp/239.94.1.19:5140
书法频道SD,http://182.135.66.163:18888/rtp/239.94.1.163:5140
生活时尚SD,http://182.135.66.163:18888/rtp/239.94.1.40:5140
云南卫视SD,http://182.135.66.163:18888/rtp/239.94.2.196:5140
山西卫视SD,http://182.135.66.163:18888/rtp/239.94.0.93:5140
旅游卫视SD,http://182.135.66.163:18888/rtp/239.94.0.100:5140
厦门卫视SD,http://182.135.66.163:18888/rtp/239.94.0.104:5140
内蒙古卫视SD,http://182.135.66.163:18888/rtp/239.94.0.94:5140
青海卫视SD,http://182.135.66.163:18888/rtp/239.94.0.95:5140
三沙卫视SD,http://182.135.66.163:18888/rtp/239.94.0.105:5140
延边卫视SD,http://182.135.66.163:18888/rtp/239.94.0.107:5140
金鹰卡通SD,http://182.135.66.163:18888/rtp/239.94.1.30:5140
嘉佳卡通SD,http://182.135.66.163:18888/rtp/239.94.1.10:5140
卡酷少儿SD,http://182.135.66.163:18888/rtp/239.94.1.29:5140
山东教育卫视SD,http://182.135.66.163:18888/rtp/239.94.0.106:5140
星空卫视SD,http://182.135.66.163:18888/rtp/239.94.2.53:5140
优漫卡通SD,http://182.135.66.163:18888/rtp/239.94.1.31:5140
CDTV1SD,http://182.135.66.163:18888/rtp/239.94.2.166:5140
ChannelVSD,http://182.135.66.163:18888/rtp/239.94.2.55:5140
ChannelVSD,http://182.135.66.163:18888/rtp/239.94.2.56:5140
安多卫视SD,http://182.135.66.163:18888/rtp/239.94.0.110:5140
家庭理财SD,http://182.135.66.163:18888/rtp/239.94.1.50:5140
导视专区SD,http://182.135.66.163:18888/rtp/239.94.1.55:5140
CETV1,http://182.135.66.163:18888/rtp/239.94.2.224:5140
CETV2,http://182.135.66.163:18888/rtp/239.94.2.228:5140
CETV4,http://182.135.66.163:18888/rtp/239.94.2.229:5140
CGTN,http://182.135.66.163:18888/rtp/239.94.2.164:5140
CGTN西语,http://182.135.66.163:18888/rtp/239.94.2.237:5140
CGTN法语,http://182.135.66.163:18888/rtp/239.94.2.238:5140
梨园频道,http://182.135.66.163:18888/rtp/239.94.2.227:5140
游戏风云,http://182.135.66.163:18888/rtp/239.94.2.235:5140
金鹰纪实,http://182.135.66.163:18888/rtp/239.94.2.223:5140
生活时尚,http://182.135.66.163:18888/rtp/239.94.2.233:5140
中国交通,http://182.135.66.163:18888/rtp/239.94.2.193:5140
旅游卫视,http://182.135.66.163:18888/rtp/239.94.2.206:5140
厦门卫视,http://182.135.66.163:18888/rtp/239.94.2.210:5140
康巴卫视,http://182.135.66.163:18888/rtp/239.94.2.184:5140
延边卫视,http://182.135.66.163:18888/rtp/239.94.2.213:5140
嘉佳卡通,http://182.135.66.163:18888/rtp/239.94.2.226:5140
山东教育卫视,http://182.135.66.163:18888/rtp/239.94.2.212:5140
北京纪实科教,http://182.135.66.163:18888/rtp/239.94.2.215:5140
东方财经,http://182.135.66.163:18888/rtp/239.94.2.236:5140
优漫卡通,http://182.135.66.163:18888/rtp/239.94.2.232:5140
财富天下,http://182.135.66.163:18888/rtp/239.94.2.234:5140
CDTV2,http://182.135.66.163:18888/rtp/239.94.2.217:5140
CDTV3,http://182.135.66.163:18888/rtp/239.94.2.218:5140
CDTV4,http://182.135.66.163:18888/rtp/239.94.2.219:5140
CDTV5,http://182.135.66.163:18888/rtp/239.94.2.220:5140
CDTV6,http://182.135.66.163:18888/rtp/239.94.2.221:5140
CDTV8,http://182.135.66.163:18888/rtp/239.94.2.222:5140
SCTV-7,http://182.135.66.163:18888/rtp/239.94.2.181:5140
四川乡村,http://182.135.66.163:18888/rtp/239.94.2.183:5140
四川影视文艺,http://182.135.66.163:18888/rtp/239.94.2.179:5140
四川新闻,http://182.135.66.163:18888/rtp/239.94.2.178:5140
四川科教,http://182.135.66.163:18888/rtp/239.94.2.182:5140
四川经济,http://182.135.66.163:18888/rtp/239.94.2.176:5140
安多卫视,http://182.135.66.163:18888/rtp/239.94.2.216:5140
峨眉电影,http://182.135.66.163:18888/rtp/239.94.2.209:5140
文化旅游,http://182.135.66.163:18888/rtp/239.94.2.177:5140
未知节目,http://182.135.66.163:18888/rtp/239.94.2.3:5140
未知节目,http://182.135.66.163:18888/rtp/239.94.2.5:5140
CETV1HD,http://182.135.66.163:1888/rtp/239.94.1.2:5140
CETV4HD,http://182.135.66.163:1888/rtp/239.94.1.20:5140
CGTNHD,http://182.135.66.163:1888/rtp/239.94.0.40:5140
CGTN西语HD,http://182.135.66.163:1888/rtp/239.94.1.61:5140
CGTN西语HD,http://182.135.66.163:1888/rtp/239.94.1.65:5140
CGTN法语HD,http://182.135.66.163:1888/rtp/239.94.1.66:5140
CHC影迷电影HD,http://182.135.66.163:1888/rtp/239.94.1.174:5140
天元围棋HD,http://182.135.66.163:1888/rtp/239.94.1.152:5140
法治天地HD,http://182.135.66.163:1888/rtp/239.94.1.166:5140
游戏风云HD,http://182.135.66.163:1888/rtp/239.94.1.46:5140
茶频道HD,http://182.135.66.163:1888/rtp/239.94.1.154:5140
金色学堂HD,http://182.135.66.163:1888/rtp/239.94.1.165:5140
金鹰纪实HD,http://182.135.66.163:1888/rtp/239.94.1.1:5140
环球旅游HD,http://182.135.66.163:1888/rtp/239.94.1.147:5140
快乐垂钓HD,http://182.135.66.163:1888/rtp/239.94.1.153:5140
生活时尚HD,http://182.135.66.163:1888/rtp/239.94.1.146:5140
中国交通HD,http://182.135.66.163:1888/rtp/239.94.0.87:5140
中国天气HD,http://182.135.66.163:1888/rtp/239.94.1.167:5140
乐游HD,http://182.135.66.163:1888/rtp/239.94.1.164:5140
动漫秀场HD,http://182.135.66.163:1888/rtp/239.94.1.171:5140
兵团卫视HD,http://182.135.66.163:1888/rtp/239.94.0.102:5140
康巴卫视HD,http://182.135.66.163:1888/rtp/239.94.0.78:5140
凤凰资讯HD,http://182.135.66.163:1888/rtp/239.94.2.49:5140
凤凰资讯HD,http://182.135.66.163:1888/rtp/239.94.2.50:5140
北京纪实科教HD,http://182.135.66.163:1888/rtp/239.94.0.109:5140
东方财经HD,http://182.135.66.163:1888/rtp/239.94.1.59:5140
都市剧场HD,http://182.135.66.163:1888/rtp/239.94.1.133:5140
财富天下HD,http://182.135.66.163:1888/rtp/239.94.1.42:5140
少儿动画HD,http://182.135.66.163:1888/rtp/239.94.1.33:5140
魅力时尚HD,http://182.135.66.163:1888/rtp/239.94.1.39:5140
爱体育HD,http://182.135.66.163:1888/rtp/239.94.1.44:5140
求索记录HD,http://182.135.66.163:1888/rtp/239.94.1.142:5140
热播剧场HD,http://182.135.66.163:1888/rtp/239.94.1.25:5140
经典电影HD,http://182.135.66.163:1888/rtp/239.94.1.21:5140
音乐现场HD,http://182.135.66.163:1888/rtp/239.94.1.36:5140
精彩导视HD,http://182.135.66.163:1888/rtp/239.94.1.63:5140
精彩影视HD,http://182.135.66.163:1888/rtp/239.94.1.172:5140
爱生活HD,http://182.135.66.163:1888/rtp/239.94.1.41:5140
CDTV1HD,http://182.135.66.163:1888/rtp/239.94.0.154:5140
CDTV2HD,http://182.135.66.163:1888/rtp/239.94.0.155:5140
CDTV3HD,http://182.135.66.163:1888/rtp/239.94.0.156:5140
CDTV4HD,http://182.135.66.163:1888/rtp/239.94.0.157:5140
CDTV5HD,http://182.135.66.163:1888/rtp/239.94.0.158:5140
CDTV6HD,http://182.135.66.163:1888/rtp/239.94.0.159:5140
CDTV8HD,http://182.135.66.163:1888/rtp/239.94.0.160:5140
SCTV7HD,http://182.135.66.163:1888/rtp/239.94.0.75:5140
bestvHD,http://182.135.66.163:1888/rtp/239.94.2.57:5140
iHOT爱体育HD,http://182.135.66.163:1888/rtp/239.94.1.143:5140
iHOT爱动漫HD,http://182.135.66.163:1888/rtp/239.94.1.141:5140
iHOT爱历史HD,http://182.135.66.163:1888/rtp/239.94.1.135:5140
iHOT爱喜剧HD,http://182.135.66.163:1888/rtp/239.94.1.129:5140
iHOT爱喜剧HD,http://182.135.66.163:1888/rtp/239.94.2.71:5140
iHOT爱奇谈HD,http://182.135.66.163:1888/rtp/239.94.1.130:5140
iHOT爱幼教HD,http://182.135.66.163:1888/rtp/239.94.1.139:5140
iHOT爱悬疑HD,http://182.135.66.163:1888/rtp/239.94.1.136:5140
iHOT爱旅行HD,http://182.135.66.163:1888/rtp/239.94.1.137:5140
iHOT爱浪漫HD,http://182.135.66.163:1888/rtp/239.94.1.128:5140
iHOT爱玩具HD,http://182.135.66.163:1888/rtp/239.94.1.140:5140
iHOT爱科幻HD,http://182.135.66.163:1888/rtp/239.94.1.131:5140
iHOT爱谍战HD,http://182.135.66.163:1888/rtp/239.94.1.134:5140
iHOT爱赛车HD,http://182.135.66.163:1888/rtp/239.94.1.144:5140
iHOT爱院线HD,http://182.135.66.163:1888/rtp/239.94.1.132:5140
i成都HD,http://182.135.66.163:1888/rtp/239.94.2.1:5140
乐山文旅生活HD,http://182.135.66.163:1888/rtp/239.94.0.173:5140
乐山综合HD,http://182.135.66.163:1888/rtp/239.94.0.162:5140
乐龄学堂HD,http://182.135.66.163:1888/rtp/239.94.1.155:5140
九画面1HD,http://182.135.66.163:1888/rtp/239.94.2.128:5140
九画面10HD,http://182.135.66.163:1888/rtp/239.94.2.130:5140
九画面11HD,http://182.135.66.163:1888/rtp/239.94.2.133:5140
九画面12HD,http://182.135.66.163:1888/rtp/239.94.2.134:5140
九画面13HD,http://182.135.66.163:1888/rtp/239.94.2.136:5140
九画面14HD,http://182.135.66.163:1888/rtp/239.94.2.141:5140
九画面2HD,http://182.135.66.163:1888/rtp/239.94.2.129:5140
九画面3HD,http://182.135.66.163:1888/rtp/239.94.2.131:5140
九画面4HD,http://182.135.66.163:1888/rtp/239.94.2.132:5140
九画面5HD,http://182.135.66.163:1888/rtp/239.94.2.135:5140
九画面6HD,http://182.135.66.163:1888/rtp/239.94.2.137:5140
九画面7HD,http://182.135.66.163:1888/rtp/239.94.2.139:5140
九画面8HD,http://182.135.66.163:1888/rtp/239.94.2.140:5140
九画面9HD,http://182.135.66.163:1888/rtp/239.94.2.73:5140
云看熊猫专区HD,http://182.135.66.163:1888/rtp/239.94.1.7:5140
健康养生HD,http://182.135.66.163:1888/rtp/239.94.1.27:5140
全球大片HD,http://182.135.66.163:1888/rtp/239.94.1.24:5140
军事专区HD,http://182.135.66.163:1888/rtp/239.94.1.52:5140
凉山综合HD,http://182.135.66.163:1888/rtp/239.94.0.171:5140
华语影院HD,http://182.135.66.163:1888/rtp/239.94.1.22:5140
四川乡村HD,http://182.135.66.163:1888/rtp/239.94.0.77:5140
四川乡村HD,http://182.135.66.163:1888/rtp/239.94.1.4:5140
四川乡村HD,http://182.135.66.163:1888/rtp/239.94.1.8:5140
四川影视文艺HD,http://182.135.66.163:1888/rtp/239.94.0.73:5140
四川文化旅游HD,http://182.135.66.163:1888/rtp/239.94.0.71:5140
四川文化旅游HD,http://182.135.66.163:1888/rtp/239.94.1.11:5140
四川文化旅游HD,http://182.135.66.163:1888/rtp/239.94.1.5:5140
四川文化旅游HD,http://182.135.66.163:1888/rtp/239.94.1.6:5140
四川新闻HD,http://182.135.66.163:1888/rtp/239.94.0.72:5140
四川新闻HD,http://182.135.66.163:1888/rtp/239.94.1.3:5140
四川新闻HD,http://182.135.66.163:1888/rtp/239.94.2.26:5140
四川科教HD,http://182.135.66.163:1888/rtp/239.94.0.76:5140
四川经济HD,http://182.135.66.163:1888/rtp/239.94.0.70:5140
四海钓鱼HD,http://182.135.66.163:1888/rtp/239.94.1.168:5140
地理专区HD,http://182.135.66.163:1888/rtp/239.94.1.54:5140
墨宝专区HD,http://182.135.66.163:1888/rtp/239.94.1.51:5140
大爱四川专区HD,http://182.135.66.163:1888/rtp/239.94.1.12:5140
大爱四川专区HD,http://182.135.66.163:1888/rtp/239.94.1.13:5140
大爱四川专区HD,http://182.135.66.163:1888/rtp/239.94.1.14:5140
大爱时尚专区HD,http://182.135.66.163:1888/rtp/239.94.1.15:5140
宜宾公共HD,http://182.135.66.163:1888/rtp/239.94.0.172:5140
宜宾综合HD,http://182.135.66.163:1888/rtp/239.94.0.161:5140
宝宝动画HD,http://182.135.66.163:1888/rtp/239.94.1.32:5140
导视HD,http://182.135.66.163:1888/rtp/239.94.1.64:5140
少儿天地HD,http://182.135.66.163:1888/rtp/239.94.1.138:5140
峨眉电影HD,http://182.135.66.163:1888/rtp/239.94.0.103:5140
广元文化生活HD,http://182.135.66.163:1888/rtp/239.94.0.179:5140
广元综合HD,http://182.135.66.163:1888/rtp/239.94.0.167:5140
德阳文旅科教HD,http://182.135.66.163:1888/rtp/239.94.0.165:5140
德阳新闻综合HD,http://182.135.66.163:1888/rtp/239.94.0.176:5140
戏曲专区HD,http://182.135.66.163:1888/rtp/239.94.1.38:5140
戏曲精选HD,http://182.135.66.163:1888/rtp/239.94.1.37:5140
攀枝花综合HD,http://182.135.66.163:1888/rtp/239.94.0.168:5140
收视指南专区HD,http://182.135.66.163:1888/rtp/239.94.1.56:5140
星光院线HD,http://182.135.66.163:1888/rtp/239.94.1.23:5140
未知节目HD,http://182.135.66.163:1888/rtp/239.94.2.72:5140
未识别HD,http://182.135.66.163:1888/rtp/239.94.2.25:5140
来钓鱼吧HD,http://182.135.66.163:1888/rtp/239.94.1.148:5140
泸州科教生活HD,http://182.135.66.163:1888/rtp/239.94.0.182:5140
泸州综合HD,http://182.135.66.163:1888/rtp/239.94.0.163:5140
热门剧场HD,http://182.135.66.163:1888/rtp/239.94.1.26:5140
热门综艺HD,http://182.135.66.163:1888/rtp/239.94.1.35:5140
爱乐山HD,http://182.135.66.163:1888/rtp/239.94.2.2:5140
爱宠宠物HD,http://182.135.66.163:1888/rtp/239.94.1.145:5140
电信5GHD,http://182.135.66.163:1888/rtp/239.94.2.4:5140
电竞天堂HD,http://182.135.66.163:1888/rtp/239.94.1.45:5140
百变课堂HD,http://182.135.66.163:1888/rtp/239.94.1.43:5140
直播室1HD,http://182.135.66.163:1888/rtp/239.94.2.11:5140
直播室2HD,http://182.135.66.163:1888/rtp/239.94.2.12:5140
直播室3HD,http://182.135.66.163:1888/rtp/239.94.2.13:5140
直播室3HD,http://182.135.66.163:1888/rtp/239.94.2.14:5140
直播室5HD,http://182.135.66.163:1888/rtp/239.94.2.15:5140
直播室6HD,http://182.135.66.163:1888/rtp/239.94.2.16:5140
直播室7HD,http://182.135.66.163:1888/rtp/239.94.2.17:5140
直播室8HD,http://182.135.66.163:1888/rtp/239.94.2.18:5140
眉山文旅乡村HD,http://182.135.66.163:1888/rtp/239.94.0.174:5140
眉山综合HD,http://182.135.66.163:1888/rtp/239.94.0.170:5140
看天下精选HD,http://182.135.66.163:1888/rtp/239.94.1.68:5140
科教生活HD,http://182.135.66.163:1888/rtp/239.94.0.181:5140
精彩推荐HD,http://182.135.66.163:1888/rtp/239.94.2.10:5140
红色影院HD,http://182.135.66.163:1888/rtp/239.94.1.48:5140
经典剧场HD,http://182.135.66.163:1888/rtp/239.94.1.49:5140
综艺咖秀HD,http://182.135.66.163:1888/rtp/239.94.2.27:5140
自贡文化生活HD,http://182.135.66.163:1888/rtp/239.94.0.178:5140
蓉城先锋HD,http://182.135.66.163:1888/rtp/239.94.1.57:5140
解密专区HD,http://182.135.66.163:1888/rtp/239.94.1.53:5140
谍战剧场HD,http://182.135.66.163:1888/rtp/239.94.1.28:5140
足球专区HD,http://182.135.66.163:1888/rtp/239.94.1.47:5140
雅安文化生活HD,http://182.135.66.163:1888/rtp/239.94.0.180:5140
雅安综合HD,http://182.135.66.163:1888/rtp/239.94.0.166:5140
青春动漫HD,http://182.135.66.163:1888/rtp/239.94.1.34:5140
风景HD,http://182.135.66.163:1888/rtp/239.94.2.74:5140
风景直播1HD,http://182.135.66.163:1888/rtp/239.94.2.19:5140
风景直播2HD,http://182.135.66.163:1888/rtp/239.94.2.20:5140
风景直播3HD,http://182.135.66.163:1888/rtp/239.94.2.23:5140
麻辣体育HD,http://182.135.66.163:1888/rtp/239.94.1.149:5140
CETV2SD,http://182.135.66.163:1888/rtp/239.94.1.19:5140
书法频道SD,http://182.135.66.163:1888/rtp/239.94.1.163:5140
生活时尚SD,http://182.135.66.163:1888/rtp/239.94.1.40:5140
云南卫视SD,http://182.135.66.163:1888/rtp/239.94.2.196:5140
山西卫视SD,http://182.135.66.163:1888/rtp/239.94.0.93:5140
旅游卫视SD,http://182.135.66.163:1888/rtp/239.94.0.100:5140
厦门卫视SD,http://182.135.66.163:1888/rtp/239.94.0.104:5140
内蒙古卫视SD,http://182.135.66.163:1888/rtp/239.94.0.94:5140
青海卫视SD,http://182.135.66.163:1888/rtp/239.94.0.95:5140
三沙卫视SD,http://182.135.66.163:1888/rtp/239.94.0.105:5140
延边卫视SD,http://182.135.66.163:1888/rtp/239.94.0.107:5140
金鹰卡通SD,http://182.135.66.163:1888/rtp/239.94.1.30:5140
嘉佳卡通SD,http://182.135.66.163:1888/rtp/239.94.1.10:5140
卡酷少儿SD,http://182.135.66.163:1888/rtp/239.94.1.29:5140
山东教育卫视SD,http://182.135.66.163:1888/rtp/239.94.0.106:5140
星空卫视SD,http://182.135.66.163:1888/rtp/239.94.2.53:5140
优漫卡通SD,http://182.135.66.163:1888/rtp/239.94.1.31:5140
CDTV1SD,http://182.135.66.163:1888/rtp/239.94.2.166:5140
ChannelVSD,http://182.135.66.163:1888/rtp/239.94.2.55:5140
ChannelVSD,http://182.135.66.163:1888/rtp/239.94.2.56:5140
安多卫视SD,http://182.135.66.163:1888/rtp/239.94.0.110:5140
家庭理财SD,http://182.135.66.163:1888/rtp/239.94.1.50:5140
导视专区SD,http://182.135.66.163:1888/rtp/239.94.1.55:5140
CETV1,http://182.135.66.163:1888/rtp/239.94.2.224:5140
CETV2,http://182.135.66.163:1888/rtp/239.94.2.228:5140
CETV4,http://182.135.66.163:1888/rtp/239.94.2.229:5140
CGTN,http://182.135.66.163:1888/rtp/239.94.2.164:5140
CGTN西语,http://182.135.66.163:1888/rtp/239.94.2.237:5140
CGTN法语,http://182.135.66.163:1888/rtp/239.94.2.238:5140
梨园频道,http://182.135.66.163:1888/rtp/239.94.2.227:5140
游戏风云,http://182.135.66.163:1888/rtp/239.94.2.235:5140
金鹰纪实,http://182.135.66.163:1888/rtp/239.94.2.223:5140
生活时尚,http://182.135.66.163:1888/rtp/239.94.2.233:5140
中国交通,http://182.135.66.163:1888/rtp/239.94.2.193:5140
旅游卫视,http://182.135.66.163:1888/rtp/239.94.2.206:5140
厦门卫视,http://182.135.66.163:1888/rtp/239.94.2.210:5140
康巴卫视,http://182.135.66.163:1888/rtp/239.94.2.184:5140
延边卫视,http://182.135.66.163:1888/rtp/239.94.2.213:5140
嘉佳卡通,http://182.135.66.163:1888/rtp/239.94.2.226:5140
山东教育卫视,http://182.135.66.163:1888/rtp/239.94.2.212:5140
北京纪实科教,http://182.135.66.163:1888/rtp/239.94.2.215:5140
东方财经,http://182.135.66.163:1888/rtp/239.94.2.236:5140
优漫卡通,http://182.135.66.163:1888/rtp/239.94.2.232:5140
财富天下,http://182.135.66.163:1888/rtp/239.94.2.234:5140
CDTV2,http://182.135.66.163:1888/rtp/239.94.2.217:5140
CDTV3,http://182.135.66.163:1888/rtp/239.94.2.218:5140
CDTV4,http://182.135.66.163:1888/rtp/239.94.2.219:5140
CDTV5,http://182.135.66.163:1888/rtp/239.94.2.220:5140
CDTV6,http://182.135.66.163:1888/rtp/239.94.2.221:5140
CDTV8,http://182.135.66.163:1888/rtp/239.94.2.222:5140
SCTV-7,http://182.135.66.163:1888/rtp/239.94.2.181:5140
四川乡村,http://182.135.66.163:1888/rtp/239.94.2.183:5140
四川影视文艺,http://182.135.66.163:1888/rtp/239.94.2.179:5140
四川新闻,http://182.135.66.163:1888/rtp/239.94.2.178:5140
四川科教,http://182.135.66.163:1888/rtp/239.94.2.182:5140
四川经济,http://182.135.66.163:1888/rtp/239.94.2.176:5140
安多卫视,http://182.135.66.163:1888/rtp/239.94.2.216:5140
峨眉电影,http://182.135.66.163:1888/rtp/239.94.2.209:5140
文化旅游,http://182.135.66.163:1888/rtp/239.94.2.177:5140
未知节目,http://182.135.66.163:1888/rtp/239.94.2.3:5140
未知节目,http://182.135.66.163:1888/rtp/239.94.2.5:5140
天津新闻频道,http://60.30.67.45:8834/rtp/225.1.1.130:5002
天津文艺频道,http://60.30.67.45:8834/rtp/225.1.1.131:5002
天津影视频道,http://60.30.67.45:8834/rtp/225.1.1.149:5002
天津都市频道,http://60.30.67.45:8834/rtp/225.1.1.128:5002
天津体育频道,http://60.30.67.45:8834/rtp/225.1.1.122:5002
天津教育频道,http://60.30.67.45:8834/rtp/225.1.1.129:5002
天津文旅频道,http://60.30.67.45:8834/rtp/225.1.2.123:5002
CCTV-17农业农村,http://60.30.67.45:8834/rtp/225.1.2.52:5002
CHC影迷电影,http://60.30.67.45:8834/rtp/225.1.1.214:5002
CCTV第一剧场,http://60.30.67.45:8834/rtp/225.1.2.175:5002
CCTV怀旧剧场,http://60.30.67.45:8834/rtp/225.1.2.173:5002
CCTV风云剧场,http://60.30.67.45:8834/rtp/225.1.2.174:5002
CCTV风云音乐,http://60.30.67.45:8834/rtp/225.1.2.176:5002
CCTV风云足球,http://60.30.67.45:8834/rtp/225.1.2.168:5002
CCTV高尔夫网球,http://60.30.67.45:8834/rtp/225.1.2.169:5002
CCTV女性时尚,http://60.30.67.45:8834/rtp/225.1.2.172:5002
CCTV兵器科技,http://60.30.67.45:8834/rtp/225.1.2.166:5002
CCTV世界地理,http://60.30.67.45:8834/rtp/225.1.2.171:5002
CCTV央视文化精品,http://60.30.67.45:8834/rtp/225.1.2.177:5002
CCTV央视台球,http://60.30.67.45:8834/rtp/225.1.2.170:5002
CCTV电视指南,http://60.30.67.45:8834/rtp/225.1.2.167:5002
兵团卫视,http://60.30.67.45:8834/rtp/225.1.1.57:5002
山东教育卫视,http://60.30.67.45:8834/rtp/225.1.2.118:5002
金鹰纪实,http://60.30.67.45:8834/rtp/225.1.1.124:5002
茶频道,http://60.30.67.45:8834/rtp/225.1.2.19:5002
精彩影视,http://60.30.67.45:8834/rtp/225.1.1.141:5002
上海动漫秀场,http://60.30.67.45:8834/rtp/225.1.1.134:5002
上海都市剧场,http://60.30.67.45:8834/rtp/225.1.1.146:5002
上海欢笑剧场,http://60.30.67.45:8834/rtp/225.1.1.139:5002
上海法治天地,http://60.30.67.45:8834/rtp/225.1.1.237:5002
上海生活时尚,http://60.30.67.45:8834/rtp/225.1.1.143:5002
上海游戏风云,http://60.30.67.45:8834/rtp/225.1.1.135:5002
上海乐游频道,http://60.30.67.45:8834/rtp/225.1.1.145:5002
上海东方财经,http://60.30.67.45:8834/rtp/225.1.1.247:5002
上海金色学堂,http://60.30.67.45:8834/rtp/225.1.1.236:5002
河南梨园频道,http://60.30.67.45:8834/rtp/225.1.2.104:5002
河南文物宝库,http://60.30.67.45:8834/rtp/225.1.2.105:5002
河南武术世界,http://60.30.67.45:8834/rtp/225.1.2.129:5002
中国交通,http://60.30.67.45:8834/rtp/225.1.2.57:5002
魅力足球,http://60.30.67.45:8834/rtp/225.1.1.137:5002
CETV早期教育,http://60.30.67.45:8834/rtp/225.1.2.207:5002
CGTN英语,http://60.30.67.45:8834/rtp/225.1.1.27:5002
CGTN纪录,http://60.30.67.45:8834/rtp/225.1.1.55:5002
蓟州电视台,http://60.30.67.45:8834/rtp/225.1.1.82:5002
静海电视台,http://60.30.67.45:8834/rtp/225.1.1.110:5002
河东频道,http://60.30.67.45:8834/rtp/225.1.2.2:5002
河西频道,http://60.30.67.45:8834/rtp/225.1.2.4:5002
滨海1,http://60.30.67.45:8834/rtp/225.1.2.7:5002
滨海2,http://60.30.67.45:8834/rtp/225.1.2.8:5002
保定电视台,http://60.30.67.45:8834/rtp/225.1.1.83:5002
大港油田企业,http://60.30.67.45:8834/rtp/225.1.2.14:5002
哈哈炫动,http://60.30.67.45:8834/rtp/225.1.1.62:5002
新动漫,http://60.30.67.45:8834/rtp/225.1.1.216:5002
重庆汽摩,http://60.30.67.45:8834/rtp/225.1.1.205:5002
天津文艺广播,http://60.30.67.45:8834/rtp/225.1.1.171:5002
天津经济广播,http://60.30.67.45:8834/rtp/225.1.1.172:5002
天津新闻广播,http://60.30.67.45:8834/rtp/225.1.1.173:5002
天津生活广播,http://60.30.67.45:8834/rtp/225.1.1.174:5002
天津交通广播,http://60.30.67.45:8834/rtp/225.1.1.175:5002
天津相声广播,http://60.30.67.45:8834/rtp/225.1.1.176:5002
天津小说广播,http://60.30.67.45:8834/rtp/225.1.1.177:5002
天津滨海广播,http://60.30.67.45:8834/rtp/225.1.1.178:5002
天津音乐广播,http://60.30.67.45:8834/rtp/225.1.1.179:5002
天津农村广播,http://60.30.67.45:8834/rtp/225.1.1.180:5002
天津新闻频道,http://60.30.67.44:8834/rtp/225.1.1.130:5002
天津文艺频道,http://60.30.67.44:8834/rtp/225.1.1.131:5002
天津影视频道,http://60.30.67.44:8834/rtp/225.1.1.149:5002
天津都市频道,http://60.30.67.44:8834/rtp/225.1.1.128:5002
天津体育频道,http://60.30.67.44:8834/rtp/225.1.1.122:5002
天津教育频道,http://60.30.67.44:8834/rtp/225.1.1.129:5002
天津文旅频道,http://60.30.67.44:8834/rtp/225.1.2.123:5002
CCTV-17农业农村,http://60.30.67.44:8834/rtp/225.1.2.52:5002
CHC影迷电影,http://60.30.67.44:8834/rtp/225.1.1.214:5002
CCTV第一剧场,http://60.30.67.44:8834/rtp/225.1.2.175:5002
CCTV怀旧剧场,http://60.30.67.44:8834/rtp/225.1.2.173:5002
CCTV风云剧场,http://60.30.67.44:8834/rtp/225.1.2.174:5002
CCTV风云音乐,http://60.30.67.44:8834/rtp/225.1.2.176:5002
CCTV风云足球,http://60.30.67.44:8834/rtp/225.1.2.168:5002
CCTV高尔夫网球,http://60.30.67.44:8834/rtp/225.1.2.169:5002
CCTV女性时尚,http://60.30.67.44:8834/rtp/225.1.2.172:5002
CCTV兵器科技,http://60.30.67.44:8834/rtp/225.1.2.166:5002
CCTV世界地理,http://60.30.67.44:8834/rtp/225.1.2.171:5002
CCTV央视文化精品,http://60.30.67.44:8834/rtp/225.1.2.177:5002
CCTV央视台球,http://60.30.67.44:8834/rtp/225.1.2.170:5002
CCTV电视指南,http://60.30.67.44:8834/rtp/225.1.2.167:5002
兵团卫视,http://60.30.67.44:8834/rtp/225.1.1.57:5002
山东教育卫视,http://60.30.67.44:8834/rtp/225.1.2.118:5002
金鹰纪实,http://60.30.67.44:8834/rtp/225.1.1.124:5002
茶频道,http://60.30.67.44:8834/rtp/225.1.2.19:5002
精彩影视,http://60.30.67.44:8834/rtp/225.1.1.141:5002
上海动漫秀场,http://60.30.67.44:8834/rtp/225.1.1.134:5002
上海都市剧场,http://60.30.67.44:8834/rtp/225.1.1.146:5002
上海欢笑剧场,http://60.30.67.44:8834/rtp/225.1.1.139:5002
上海法治天地,http://60.30.67.44:8834/rtp/225.1.1.237:5002
上海生活时尚,http://60.30.67.44:8834/rtp/225.1.1.143:5002
上海游戏风云,http://60.30.67.44:8834/rtp/225.1.1.135:5002
上海乐游频道,http://60.30.67.44:8834/rtp/225.1.1.145:5002
上海东方财经,http://60.30.67.44:8834/rtp/225.1.1.247:5002
上海金色学堂,http://60.30.67.44:8834/rtp/225.1.1.236:5002
河南梨园频道,http://60.30.67.44:8834/rtp/225.1.2.104:5002
河南文物宝库,http://60.30.67.44:8834/rtp/225.1.2.105:5002
河南武术世界,http://60.30.67.44:8834/rtp/225.1.2.129:5002
中国交通,http://60.30.67.44:8834/rtp/225.1.2.57:5002
魅力足球,http://60.30.67.44:8834/rtp/225.1.1.137:5002
CETV早期教育,http://60.30.67.44:8834/rtp/225.1.2.207:5002
CGTN英语,http://60.30.67.44:8834/rtp/225.1.1.27:5002
CGTN纪录,http://60.30.67.44:8834/rtp/225.1.1.55:5002
蓟州电视台,http://60.30.67.44:8834/rtp/225.1.1.82:5002
静海电视台,http://60.30.67.44:8834/rtp/225.1.1.110:5002
河东频道,http://60.30.67.44:8834/rtp/225.1.2.2:5002
河西频道,http://60.30.67.44:8834/rtp/225.1.2.4:5002
滨海1,http://60.30.67.44:8834/rtp/225.1.2.7:5002
滨海2,http://60.30.67.44:8834/rtp/225.1.2.8:5002
保定电视台,http://60.30.67.44:8834/rtp/225.1.1.83:5002
大港油田企业,http://60.30.67.44:8834/rtp/225.1.2.14:5002
哈哈炫动,http://60.30.67.44:8834/rtp/225.1.1.62:5002
新动漫,http://60.30.67.44:8834/rtp/225.1.1.216:5002
重庆汽摩,http://60.30.67.44:8834/rtp/225.1.1.205:5002
天津文艺广播,http://60.30.67.44:8834/rtp/225.1.1.171:5002
天津经济广播,http://60.30.67.44:8834/rtp/225.1.1.172:5002
天津新闻广播,http://60.30.67.44:8834/rtp/225.1.1.173:5002
天津生活广播,http://60.30.67.44:8834/rtp/225.1.1.174:5002
天津交通广播,http://60.30.67.44:8834/rtp/225.1.1.175:5002
天津相声广播,http://60.30.67.44:8834/rtp/225.1.1.176:5002
天津小说广播,http://60.30.67.44:8834/rtp/225.1.1.177:5002
天津滨海广播,http://60.30.67.44:8834/rtp/225.1.1.178:5002
天津音乐广播,http://60.30.67.44:8834/rtp/225.1.1.179:5002
天津农村广播,http://60.30.67.44:8834/rtp/225.1.1.180:5002
CCTV-4K (1080p),http://198.204.240.250:82/live/cctv4k.m3u8
兵团卫视,http://59.39.89.130:60901/tsfile/live/0125_9.m3u8?key=%2A%2A%2A&playlive=1&authid=%2A%2A%2A
延边卫视,https://srs.iyb983.cn:443/video/CYS/index.m3u8
延边卫视,https://srs.iyb983.cn/video/CYS/index.m3u8
女性时尚,http://119.129.172.205:9901/tsfile/live/1010_1.m3u8?key=%2A%2A%2A&playlive=1&authid=%2A%2A%2A
女性时尚,http://119.129.172.205:9901/tsfile/live/1010_1.m3u8?key=%2A%2A%2A&playlive=1&authid=%2A%2A%2A
1987年春晚,https://txmov2.a.kwimgs.com/bs3/video-hls/5195746663405928031_hlsb.m3u8
1988年春晚,https://txmov2.a.kwimgs.com/bs3/video-hls/5216575810935394655_hlsb.m3u8
1989年春晚,https://txmov2.a.kwimgs.com/bs3/video-hls/5194620763762726260_hlsb.m3u8
1993年春晚,https://alimov2.a.kwimgs.com/upic/2023/01/13/22/BMjAyMzAxMTMyMjEwMDNfNDAzMDAxOTlfOTM1MTIzMzYwODJfMF8z_b_B647d10e431b4cc5e48e6c77347d69021.mp4
1994年春晚,https://alimov2.a.kwimgs.com/upic/2023/01/13/22/BMjAyMzAxMTMyMjEwMDNfNDAzMDAxOTlfOTM1MTIzMzYxMjNfMF8z_b_B3dde97f36273f04403d4dc5eec611a35.mp4
1995年春晚,https://alimov2.a.kwimgs.com/upic/2023/01/13/20/BMjAyMzAxMTMyMDA5MjJfNDAzMDAxOTlfOTM0OTkwNDQwNzVfMF8z_b_B811c0dec6b9a3d3074a18522c185010a.mp4
1996年春晚,https://alimov2.a.kwimgs.com/upic/2023/01/13/22/BMjAyMzAxMTMyMjEwMDNfNDAzMDAxOTlfOTM1MTIzMzYxNTJfMF8z_b_Bd841eae10ab1c9955ef55fbedfae6c45.mp4
2000年春晚,https://alimov2.a.kwimgs.com/upic/2023/01/13/21/BMjAyMzAxMTMyMTE4MzRfNDAzMDAxOTlfOTM1MDY4ODIxMTNfMF8z_b_Bdddf4e7ef0ff6cfd477857bb40e78419.mp4
2001年春晚,https://alimov2.a.kwimgs.com/upic/2023/01/13/20/BMjAyMzAxMTMyMDA5MjJfNDAzMDAxOTlfOTM0OTkwNDQyMDFfMF8z_b_B70592cb7c4054e9cabb675e849bbf4bd.mp4
2002年春晚,https://alimov2.a.kwimgs.com/upic/2023/01/13/21/BMjAyMzAxMTMyMTE4MzRfNDAzMDAxOTlfOTM1MDY4ODIxNDdfMF8z_b_Ba6271d10b7e6cfae83759033a091f257.mp4
2003年春晚,https://alimov2.a.kwimgs.com/upic/2023/01/14/23/BMjAyMzAxMTQyMzQxNDdfNDAzMDAxOTlfOTM2MTU0MTk1NDFfMF8z_b_B182749d2cd2ea9323639254af385f24b.mp4
2004年春晚,https://alimov2.a.kwimgs.com/upic/2023/01/13/21/BMjAyMzAxMTMyMTE4MzRfNDAzMDAxOTlfOTM1MDY4ODIxOTVfMF8z_b_B86c4430b82ff5a7f4e8132f6ee558536.mp4
2005年春晚,https://alimov2.a.kwimgs.com/upic/2023/01/13/20/BMjAyMzAxMTMyMDA5MjJfNDAzMDAxOTlfOTM0OTkwNDQyMzhfMF8z_b_B35ad7cc86aec8fc9e5ddfb31fc7bed63.mp4
2006年春晚,https://alimov2.a.kwimgs.com/upic/2023/01/13/20/BMjAyMzAxMTMyMDA5MjJfNDAzMDAxOTlfOTM0OTkwNDQyNzlfMF8z_b_Bbc3703fc331dc994c50859c19aad28ff.mp4
2007年春晚,https://alimov2.a.kwimgs.com/upic/2023/01/13/20/BMjAyMzAxMTMyMDA5MjJfNDAzMDAxOTlfOTM0OTkwNDQzMjNfMF8z_b_B00b069c7899976459ceeaa99353dfefe.mp4
2009年春晚,https://alimov2.a.kwimgs.com/upic/2023/01/13/20/BMjAyMzAxMTMyMDA5MjJfNDAzMDAxOTlfOTM0OTkwNDQzOTBfMF8z_b_B29a36a85e0277f6c2a1f033ef7c10708.mp4
2010年春晚,https://alimov2.a.kwimgs.com/upic/2023/01/13/20/BMjAyMzAxMTMyMDA5MjJfNDAzMDAxOTlfOTM0OTkwNDQ0MjlfMF8z_b_B8818807a00eed329a69fb494f405bd43.mp4
2013年春晚,https://alimov2.a.kwimgs.com/upic/2023/01/13/20/BMjAyMzAxMTMyMDA5MjJfNDAzMDAxOTlfOTM0OTkwNDQ1NjNfMF8z_b_B4fea55408dca4471a68a963ae096be59.mp4
2014年春晚,https://alimov2.a.kwimgs.com/upic/2023/01/06/16/BMjAyMzAxMDYxNjMxMTNfNDAzMDAxOTlfOTI4OTY2ODAzNjlfMF8z_b_Bdee65c77f9e7b2120a185c919dad81d2.mp4
2018年春晚,https://alimov2.a.kwimgs.com/upic/2023/01/06/16/BMjAyMzAxMDYxNjMxMTRfNDAzMDAxOTlfOTI4OTY2ODE2MTBfMF8z_b_B11a778e34390a21de42d407e94f45b91.mp4
2024年春晚,https://p2.bdstatic.com/rtmp.liveshow.lss-user.baidubce.com/live/stream_bduid_6488563992_8982723413/merged_1707497046297_88536_25144_41936.m3u8
2025年春晚,https://svip.high24-playback.com/20250129/17159_7bca93c4/2000k/hls/mixed.m3u8
2026-09-25 18:28:23,https://vd2.bdstatic.com/mda-sctj0f96cn79js4n/1080p/cae_h264/1774710384405617311/mda-sctj0f96cn79js4n.mp4
AMC音乐,https://amchls.wns.live/hls/stream.m3u8
CCTV-8K 超高清,https://tv.cry33.com/ys4k.php?id=8k
CCTV怀旧剧场,https://live.264788.xyz/channel/huaijiujuchang?streamid=7e5d1abdddde08f588234f3f640f75ff&livekey=01WgOR41rriMmMkzNsd0UoaxJRwetZdxIvtVk
CCTV文化精品,https://live.264788.xyz/channel/yangshiwenhuajingpin?streamid=bc185d1ef1e528922e83efd845006277&livekey=01WgOR41rriMmMkzNsd0UoaxJRwetZdxIvtVk
CCTV第一剧场,https://live.264788.xyz/channel/diyijuchang?streamid=e9b0fb1ca135a4aeae12944494883794&livekey=01WgOR41rriMmMkzNsd0UoaxJRwetZdxIvtVk
CCTV第一剧场,https://live.264788.xyz/channel/diyijuchang?streamid=d81e188b59ece96b7e8f1ce34aea3ef8&livekey=01WgOR41rriMmMkzNsd0UoaxJRwetZdxIvtVk
CGTN,http://english-livetx.cgtn.com/hls/yypdyyctzb_hd.m3u8
CGTN,https://0472.org/hls/cgtn.m3u8
CGTN法语,http://espanol-liveali.cgtn.com/hls/LSveOGBaBw41Ea7ukkVAUdKQ220802LSTexu6xAuFH8VZNBLE1ZNEa220802cd.m3u8
CGTN纪录,https://0472.org/hls/cgtnd.m3u8
CGTN纪录,https://english-livetx.cgtn.com/hls/yypdjlctzb_hd.m3u8
CGTN西语,https://0472.org/hls/cgtnx.m3u8
CGTN阿语,https://0472.org/hls/cgtna.m3u8
CHC电影,http://183.237.95.108:9901/tsfile/live/1008_1.m3u8?key=%2A%2A%2A&playlive=0&authid=%2A%2A%2A
www.izbds.com,https://vd2.bdstatic.com/mda-sctj0f96cn79js4n/1080p/cae_h264/1774710384405617311/mda-sctj0f96cn79js4n.mp4
七台河新闻综合,http://live.qthnews.org.cn:1935/live/live1/800k/tzwj_video.m3u8
七龙珠,https://live.metshop.top/huya/11601966
万州三峡移民,http://123.146.162.24:8017/c2F0hmi/1000/live.m3u8
万荣综合,http://60.222.246.220:19433/hls1.m3u8
三明新闻综合,https://ls.qingting.fm/live/5022100/64k.m3u8
三明新闻综合,http://ls.qingting.fm/live/4885.m3u8
上海第一财经,https://satellitepull.cnr.cn/live/wx32dycjgb/playlist.m3u8
上虞文化影院,http://l.cztvcloud.com/channels/lantian/SXshangyu2/720p.m3u8?zzhed=
上虞文化影院,http://l.cztvcloud.com/channels/lantian/SXshangyu2/720p.m3u8
上虞新商都,http://l.cztvcloud.com/channels/lantian/SXshangyu3/720p.m3u8?zzhed=
上虞新商都,http://l.cztvcloud.com/channels/lantian/SXshangyu3/720p.m3u8
上虞新闻综合,http://l.cztvcloud.com/channels/lantian/SXshangyu1/720p.m3u8?zzhed=
东丰,http://stream5.jlntv.cn/df/sd/live.m3u8?zjild=
东丰综合,http://stream3.jlntv.cn:80/aac_dfgb/playlist.m3u8
东方卫视4K,https://bp-resource-dfl.bestv.cn/148/3/video.m3u8
东莞新闻综合,https://stream.sun0769.com/dgrtv1/mp4tv1_800/index.m3u8
东莞生活资讯,https://stream.sun0769.com/dgrtv1/mp4tv2_800/index.m3u8
东阳影视生活,http://l.cztvcloud.com/channels/lantian/SXdongyang1/720p.m3u8
中华小当家,https://live.metshop.top/huya/11342413
中国交通,http://drive.mxmy.net:8888/udp/239.3.1.188:8001
中国村庄,http://newcntv.qcloudcdn.com/asp/hls/4000/0303000a/3/default/93fc12dbf14241c18c23da104fbade23/4000.m3u8
中国蓝新闻,http://ali-m-l.cztv.com/channels/lantian/channel009/1080p.m3u8
中央电视塔东,https://gcalic.v.myalicdn.com/gc/ztd_1/index.m3u8
中央电视塔南,https://gcalic.v.myalicdn.com/gc/ztn_1/index.m3u8
丽江古城万古楼遥望玉龙雪山,https://gcalic.v.myalicdn.com/gc/ljgcwglytylxs_1/index.m3u8
丽江古城大水车,https://gcalic.v.myalicdn.com/gc/ljgcdsc_1/index.m3u8
丽江古城大研花巷观景,https://gcalic.v.myalicdn.com/gc/ljgcdyhxgjt_1/index.m3u8
义乌新闻综合,https://44911.hlsplay.aodianyun.com/tv_radio_44911/tv_channel_1796.m3u8?auth_key=%2A%2A%2A&extra_key=%2A%2A%2A&ali_ffmpeg_version=mpengine
之江纪录,http://ali-m-l.cztv.com/channels/lantian/channel012/1080p.m3u8
之江纪录,https://ali-m-l.cztv.com/channels/lantian/channel12/720p.m3u8
之江纪录,https://ali-m-l.cztv.com/channels/lantian/channel012/1080p.m3u8
乌镇全景,https://gcalic.v.myalicdn.com/gc/zjwzblt_1/index.m3u8
乌镇蓝印花布,https://gcalic.v.myalicdn.com/gc/zjwzlyhb_1/index.m3u8
乌镇西市河,https://gcalic.v.myalicdn.com/gc/zjwzbblh_1/index.m3u8
乌镇龙形田,https://gcalic.v.myalicdn.com/gc/zjwzlxt_1/index.m3u8
乐山大佛全景,https://gcalic.v.myalicdn.com/gc/lsdfgfl_1/index.m3u8
乐至综合,http://175.155.106.72:89/live1/live1.m3u8?zsicd=
九台,http://stream10.jlntv.cn/jiutaitv/sd/live.m3u8?zjild=
九台综合,http://stream10.jlntv.cn/jiutaitv/sd/live.m3u8
云南丽江冰川,https://gcalic.v.myalicdn.com/gc/hkylxs05_1/index.m3u8
云南丽江印象实景,https://gcalic.v.myalicdn.com/gc/hkylxs01_1/index.m3u8
云南丽江玉龙雪山,https://gcalic.v.myalicdn.com/gc/ylxs11_1/index.m3u8
云南丽江玉龙雪山草甸,https://gcalic.v.myalicdn.com/gc/hkylxs06_1/index.m3u8
云南丽江蓝月谷,https://gcalic.v.myalicdn.com/gc/ylxs12_1/index.m3u8
云南大理崇圣寺三塔中景,https://gcalic.v.myalicdn.com/gc/dlst03_1/index.m3u8
云南大理崇圣寺三塔远景,https://gcalic.v.myalicdn.com/gc/dlst01_1/index.m3u8
云南娱乐,https://hwapi.yntv.net/62hdvf/q9vs1b.m3u8
云南白沙远眺玉龙雪山,https://gcalic.v.myalicdn.com/gc/hkylxs03_1/index.m3u8
云南都市,https://hwapi.yntv.net/62hdvf/rjwt14.m3u8
云和新闻综合,http://l.cztvcloud.com/channels/lantian/SXyunhe1/720p.m3u8
云和新闻综合,http://l.cztvcloud.com/channels/lantian/SXyunhe1/720p.m3u8?zzhed=
云霄综合,https://live.zzyxxw.com:2443/live/xwzh.m3u8
云霄综合,http://live.zzyxxw.com:85/live/xwzh.m3u8
云霄综合,http://live.zzyxxw.com:85/live/xwzh.m3u8?fujian%2C=
云霄综合,http://live.zzyxxw.com:85/live/xwzh.m3u8?fujian=
五彩池,https://gcalic.v.myalicdn.com/gc/hlwcc_1/index.m3u8
井研综合,http://tvfile.jyrmt.cn/nmip-media/channellive/channel104452/playlist.m3u8
亳州农村,http://zbbf2.ahbztv.com/live/418.m3u8
亳州农村,http://zbbf2.ahbztv.com/live/418.m3u8?zanhd=
人与自然,http://newcntv.qcloudcdn.com/asp/hls/1200/0303000a/3/default/1425e1d505654cb48ba82b807b221193/1200.m3u8
人在囧途,https://vip.ffzy-play.com/20221018/1953_2d6ba500/index.m3u8
人在囧途之泰囧,https://vip.ffzy-play.com/20221018/1951_47e1adc8/index.m3u8
人在囧途之港囧,https://vip.ffzy-play7.com/20230112/11082_fde1a94d/index.m3u8
人间卫视,https://5ddce30eb4b55.streamlock.net/bltvhd/bltv1/chunklist_w511254805.m3u8
人间卫视,http://61.216.67.119:1935/bltvhd/bltv1/chunklist_w1266569526.m3u
仁寿综合,https://play.scrstv.com.cn/DT/live.m3u8?auth_key=%2A%2A%2A
任丘综合,https://jwcdnqx.hebyun.com.cn/live/rqtv1/1500k/tzwj_video.m3u8
伊犁哈萨克,http://110.153.180.106:55555/out_3/index.m3u8
伊犁哈萨克,http://110.153.180.106:55555/out_3/index.m3u8?zxinjd=
伊犁经济法制,http://110.153.180.106:55555/out_4/index.m3u8
伊犁经济法制,http://110.153.180.106:55555/out_4/index.m3u8?zxinjd=
伊犁维吾尔,http://110.153.180.106:55555/out_2/index.m3u8
伊犁维吾尔,http://110.153.180.106:55555/out_2/index.m3u8?zxinjd=
余姚姚江文化,http://l.cztvcloud.com/channels/lantian/SXyuyao3/720p.m3u8?zzhed=
余姚姚江文化,https://l.cztvcloud.com/channels/lantian/SXyuyao3/720p.m3u8
余姚新闻综合,http://l.cztvcloud.com/channels/lantian/SXyuyao1/720p.m3u8?zzhed=
余姚新闻综合,http://l.cztvcloud.com/channels/lantian/SXyuyao1/720p.m3u8
余姚新闻综合,http://l.cztvcloud.com/channels/lantian/SXyuyao1/720p.m3u8?cWlkPSZzPTg3OWMwYmMyZDMzYTFhZGY3NDQxMjgyYTg1MmUzNTY0JmVzPTE3MDY2Nzc4NzMmdXVpZD0yMjdiY2MzNGNiNGY0MThlYjRiY2IxYzcwNmZjODNkMS02NzQ3NDY2NyZ2PTImYXM9MCZjZG5leF9pZD10eF9waG9uZV9saXZl=
余姚综合,https://l.cztvcloud.com/channels/lantian/SXyuyao1/720p.m3u8
余姚综合,http://l.cztvcloud.com/channels/lantian/SXyuyao1/720p.m3u8?zzhed=
余姚综合,http://l.cztvcloud.com/channels/lantian/SXyuyao1/720p.m3u8
余杭未来E,http://l.cztvcloud.com/channels/lantian/SXyuhang3/720p.m3u8
余杭未来E,http://l.cztvcloud.com/channels/lantian/SXyuhang3/720p.m3u8?zzhed=
余杭未来E频道,http://l.cztvcloud.com/channels/lantian/SXyuhang3/720p.m3u8?zzhed=
余杭综合,http://l.cztvcloud.com/channels/lantian/SXyuhang1/720p.m3u8
余杭综合,http://l.cztvcloud.com/channels/lantian/SXyuhang1/720p.m3u8?zzhed=
余杭综合频道,http://l.cztvcloud.com/channels/lantian/SXyuhang1/720p.m3u8?zzhed=
倚天屠龙记,https://live.metshop.top/huya/23734246
倩女幽魂人间道,http://jsmov2.a.yximgs.com/bs3/video-hls/5250634317044855747_hlsb.m3u8
倩女幽魂妖魔道,http://jsmov2.a.yximgs.com/bs3/video-hls/5232901391302199073_hlsb.m3u8
倩女幽魂道道道,http://jsmov2.a.yximgs.com/bs3/video-hls/5216294367991385255_hlsb.m3u8
八里沟风景区天界山玻璃栈道,https://gcalic.v.myalicdn.com/gc/blg03_1/index.m3u8
八里沟风景区桃花湾瀑布,https://gcalic.v.myalicdn.com/gc/blg05_1/index.m3u8
六安公共,http://ls.qingting.fm/live/1794199.m3u8
六安新闻综合,http://ls.qingting.fm/live/267.m3u8
六盘山红军长征景区,https://gcalic.v.myalicdn.com/gc/lpsgmjng01_1/index.m3u8
兰溪新闻综合,http://l.cztvcloud.com/channels/lantian/SXlanxi1/720p.m3u8?zzhed=
兰溪新闻综合,http://l.cztvcloud.com/channels/lantian/SXlanxi1/720p.m3u8
兴隆综合,https://jwcdnqx.hebyun.com.cn/live/xlzh/1500k/tzwj_video.m3u8
兵器科技,https://live.264788.xyz/channel/bingqikeji?streamid=530cb4e58bbc48b7fc26f5e0a2e47966&livekey=01WgOR41rriMmMkzNsd0UoaxJRwetZdxIvtVk
兵器科技,https://live.264788.xyz/channel/bingqikeji?streamid=6fc55a0966bdad1e1cdf39a4d37dd776&livekey=01WgOR41rriMmMkzNsd0UoaxJRwetZdxIvtVk
兵团五师双河影,https://liveout.btzx.com.cn/62ds9e/6o77s4.m3u8?zxinjd=
兵团五师双河新闻综合,http://liveout.btzx.com.cn/62ds9e/4nxdih.m3u8?fbl=
兵团八师石河子新闻综合,http://124.88.144.73:1935/live/xwzh/playlist.m3u8?zxinjd=
凤凰资讯,http://play-flive.ifeng.com/live/06OLEEWQKN4.m3u8
刑事侦缉档案,https://live.metshop.top/huya/29465856
刘德华电影,https://live.metshop.top/huya/11342424
创世纪,https://live.metshop.top/huya/29465852
剑阁综合,https://m3u8.channel.dzsm.com/nmip-media/channellive/channel105549/playlist.m3u8
功夫电影,https://live.metshop.top/huya/11352941
北京新闻,https://satellitepull.cnr.cn/live/wxbjxwgb/playlist.m3u8
南京教科,http://nklive.nbs.cn/hls/75b3c462-b831-4de7-a34b-5d3221db2069/index.m3u8
南京新闻综合,http://nklive.nbs.cn/hls/d511bc9d-a694-4453-b3a2-4fc842cc97a1/index.m3u8
南京玄武湖公园,https://gcalic.v.myalicdn.com/gc/xwh01_1/index.m3u8
南国都市,https://tencentplay.gztv.com/live/nanguodushi.m3u8?txSecret=%2A%2A%2A&txTime=1903e7b17de
南国都市,http://tencentplay.gztv.com/live/nanguodushi.m3u8?txSecret=%2A%2A%2A&txTime=18d57929bd4
南宁影视娱乐,http://hls.nntv.cn/nnlive/YSYL_244.m3u8
南宁都市生活,http://615bbf179ba53515dccad7b1da5d1ad9.livehwc3.cn/hls.nntv.cn/nnlive/WLSH_24.m3u8?sub_m3u8=true&edge_slice=true&user_session_id=2598844eaee8a4265e706fc14b3fc11d
厦门鼓浪屿,https://gcalic.v.myalicdn.com/gc/gly01_1/index.m3u8
双辽,http://stream5.jlntv.cn/sl/sd/live.m3u8?zjild=
双辽综合,http://stream3.jlntv.cn:80/aac_slgb/playlist.m3u8
古县综合,https://l2fpdktp.live.sxmty.com/live/hls/e4c3b363cc4549788e2d983f403e07db/d99ce1eb686e41b9afc888110bd95aa7.m3u8?zshanxd=
古天乐电影,https://live.metshop.top/huya/29982675
句容党建,http://jrlive.jrntv.com/live/_definst_/dangjians/playlist.m3u8?%E5%85%B3%E6%B3%A8%E5%BE%AE%E4%BF%A1%E5%85%AC%E4%BC%97%E5%8F%B7%5B%E6%99%B4%E5%9B%AD%5D=
句容影院,http://jrlive.jrntv.com/live/_definst_/yingshis/chunklist_w1994429382.m3u8?zjiangsd=
句容生活,http://jrlive.jrntv.com/live/_definst_/shenghuos/playlist.m3u8?%E5%85%B3%E6%B3%A8%E5%BE%AE%E4%BF%A1%E5%85%AC%E4%BC%97%E5%8F%B7%5B%E6%99%B4%E5%9B%AD%5D=
可克达拉综合,http://file.loulannews.cn/nmip-media/channellive/channel103824/playlist.m3u8
吉林乡村,https://satellitepull.cnr.cn/live/wxjlxcgb/playlist.m3u8
名山综合,https://m3u8channel-bx.yunxya.com/nmip-media/channellive/channel104666/playlist.m3u8
周星驰电影,https://live.metshop.top/huya/11342412
哈尔滨娱乐,https://stream.hrbtv.net/ylpd/sd/live.m3u8
哈尔滨娱乐,http://stream.hrbtv.net/ylpd/sd/live.m3u8?zheild=
哈尔滨影视,http://stream.hrbtv.net/yspd/sd/live.m3u8?zheild=
哈尔滨新闻综合,http://stream.hrbtv.net/xwzh/sd/live.m3u8?zheild=
哈尔滨生活,http://stream.hrbtv.net/shpd/sd/live.m3u8?zheild=
哈尔滨资讯,http://stream.hrbtv.net/zxpd/sd/live.m3u8
哈尔滨都市咨询,http://stream.hrbtv.net/zxpd/sd/live.m3u8?zheild=
嘉兴新闻综合,http://live.zohi.tv/video/s10001-fztv-1/index.m3u8
嘉兴新闻综合,http://tvfile.jyrmt.cn:80/nmip-media/channellive/channel104452/playlist.m3u8
嘉峪关综合,http://play.kankanlive.com/live/1720583434627241.m3u8
四川四姑娘山隆珠措,https://gcalic.v.myalicdn.com/gc/sgns02_1/index.m3u8
四川峨眉山云海日出,https://gcalic.v.myalicdn.com/gc/emsarm_1/index.m3u8
四川峨眉山普贤菩萨铜像,https://gcalic.v.myalicdn.com/gc/emspxps_1/index.m3u8
四川峨眉山远眺万佛顶,https://gcalic.v.myalicdn.com/gc/emswfs_1/index.m3u8
四川峨眉山远眺贡嘎雪山,https://gcalic.v.myalicdn.com/gc/emsyh_1/index.m3u8
四川科教,http://182.150.115.21:8030/pcgacg/pcgacg_0.m3u8
固镇新闻,http://www.guzhenm.com:7001/hls/hd-live.m3u8
固镇新闻,http://www.guzhenm.com:7001/hls/hd-live.m3u8?%E5%85%B3%E6%B3%A8%E5%BE%AE%E4%BF%A1%E5%85%AC%E4%BC%97%E5%8F%B7%5B%E6%99%B4%E5%9B%AD%5D=
地理中国,http://newcntv.qcloudcdn.com/asp/hls/1200/0303000a/3/default/c6baf6f74bb944aeacee1065ea72c798/1200.m3u8
大唐双龙传,https://live.metshop.top/huya/29465850
大宁综合,http://live.daningtv.com/aac_dngb/playlist.m3u8
大时代,https://live.metshop.top/huya/23865161
大湾区卫视,http://222.128.55.152:9080/live/dwq.m3u8
天涯石,https://gcalic.v.myalicdn.com/gc/tyhjtys_1/index.m3u8
天祝综合,https://play.kankanlive.com/live/1656487214793905.m3u8
太谷新闻综合,https://p2.vzan.com/slowlive/596867413819827251/live.m3u8?zbid=1725814272&tpid=1516989100&type=0
太谷新闻综合,https://p2.vzan.com/slowlive/596867413819827251/live.m3u8?zbid=1725814272&amp%3Bamp%3Btpid=1516989100&amp%3Bamp%3Btype=0
夹江新闻综合,http://tvfile.jjrm.org.cn/nmip-media/channellive/channel106282/playlist.m3u8?zsicd=
奎屯哈萨克语,http://218.84.12.186:8002/hls/main/playlist.m3u8?zxinjd=
奎屯汉语,http://218.84.12.186:8001/hls/main/playlist.m3u8?zxinjd=
妙手仁心,https://live.metshop.top/huya/29465853
宇宙科幻合集,https://live.metshop.top/huya/11342428
安多卫视,https://liveout.xntv.tv/a65jur/96iln2.m3u8
安徽导视,http://dspdhls.appcoo.com:8888/live/dspd/index.m3u8
安徽池州九华山风景区九华山,https://gcalic.v.myalicdn.com/gc/jhs05_1/index.m3u8
安徽黟县芦村远眺,https://gcalic.v.myalicdn.com/gc/yxlcyt_1/index.m3u8
安徽黟县西递牌坊,https://gcalic.v.myalicdn.com/gc/yxxdpf_1/index.m3u8
定襄综合,http://lbyzztfe.live.sxmty.com/live/hls/645ff4c60e0a49f0a203abbd73dd8be9/0720e665f10f48e98c9639f4f492fb4a-1.m3u8?zshanxd=
寒战,https://vip.ffzy-play6.com/20221019/157_bf0740ee/index.m3u8
寻秦记,https://live.metshop.top/huya/29465848
封神榜,https://live.metshop.top/huya/29465849
射雕英雄传,https://live.metshop.top/huya/23824164
山东教育,https://test1.live.sdetv.com.cn/live/dianshizhibo/playlist.m3u8
山东生活,http://ls.qingting.fm/live/60260.m3u8
嵊州新闻综合,http://l.cztvcloud.com/channels/lantian/SXshengzhou1/720p.m3u8?zzhed=
嵊州新闻综合,http://l.cztvcloud.com/channels/lantian/SXshengzhou1/720p.m3u8?zzhed=#http://l.cztvcloud.com/channels/lantian/SXshengzhou1/720p.m3u8
嵊泗综合,http://l.cztvcloud.com/channels/lantian/SXshengsi1/720p.m3u8
嵊泗综合,http://l.cztvcloud.com/channels/lantian/SXshengzhou1/720p.m3u8?zzhed=
常熟民生,http://3gvod.zjgonline.com.cn:1935/live/_definst_/shehuishenghuo_app/chunklist.m3u8
平泉综合,https://jwcdnqx.hebyun.com.cn/live/pqzh/1500k/tzwj_video.m3u8
平湖新闻综合,http://l.cztvcloud.com/channels/lantian/SXpinghu1/720p.m3u8?zzhed=
平湖民生休闲,http://l.cztvcloud.com/channels/lantian/SXpinghu2/720p.m3u8?zzhed=
平湖民生休闲,http://l.cztvcloud.com/channels/lantian/SXpinghu2/720p.m3u8
平遥新闻综合,https://tntgjhjb.live.sxmty.com/live/hls/3a4585ac11ec4e1bb07b419101b370c3/baf63e2b313440c2a25d7859f9b73b05-1.m3u8?zshanxd=
广东民生,http://183.11.239.36:808/hls/18/index.m3u8
广元公共,https://m3u8.channel.dzsm.com/nmip-media/channellive/channel101257/playlist.m3u8
广元综合,https://m3u8.channel.dzsm.com/nmip-media/channellive/channel100999/playlist.m3u8
广安公共,http://live1.gatv.com.cn:85/live/GGPD_ggpdzm.m3u8
广安公共,http://live1.gatv.com.cn:85/live/GGPD.m3u8
广安公共,http://live1.gatv.com.cn:85/live/GGPD_ggpdzm.m3u8?zsicd=
广州新闻,http://tencentplay.gztv.com/live/xinwen.m3u8?txSecret=%2A%2A%2A&txTime=18d57929bd3
广州综合,https://tencentplay.gztv.com/live/zonghes.m3u8?txSecret=%2A%2A%2A&txTime=18d00acf488
广州综合,https://tencentplay.gztv.com/live/zonghes.m3u8?txSecret=%2A%2A%2A&txTime=18d00acf487
广州综合,http://tencentplay.gztv.com/live/zonghes.m3u8?txSecret=%2A%2A%2A&txTime=18d3c4690e8
广德生活,https://live.gdtv.ah.cn/live/newsTV.m3u8
广西国际,https://hlscdn.liangtv.cn/live/0234c48e0bc24fe1b41b9999a253e581/1075ee38e04f490690f6a36a16e09c79.m3u8
广西桂林漓江景区,https://gcalic.v.myalicdn.com/gc/gllj01_1/index.m3u8
广西玉林大容山莲花山顶,https://gcalic.v.myalicdn.com/gc/drs01_1/index.m3u8
庆元新闻综合,http://l.cztvcloud.com/channels/lantian/SXqingyuan1/720p.m3u8?fbl=
庆元综合,http://l.cztvcloud.com/channels/lantian/SXqingyuan1/720p.m3u8
庆元综合,http://l.cztvcloud.com/channels/lantian/SXqingyuan1/720p.m3u8?zzhed%3F=
延边2,http://stream5.jlntv.cn/wq/playlist.m3u8
延边卫视,https://srs.iyb983.cn:443/video/CYS/index.m3u8
延边卫视,http://l.cztvcloud.com/channels/lantian/SXxinchang2/720p.m3u8
延边卫视,https://srs.iyb983.cn/video/CYS/index.m3u8
开化国家公园,http://l.cztvcloud.com/channels/lantian/SXkaihua2/720p.m3u8
开化国家公园,http://l.cztvcloud.com/channels/lantian/SXkaihua2/720p.m3u8?zzhed=#http://l.cztvcloud.com/channels/lantian/SXkaihua2/720p.m3u8zzhed#http://l.cztvcloud.com/channels/lantian/SXkaihua2/720p.m3u8
开化国家公园,http://l.cztvcloud.com/channels/lantian/SXkaihua2/720p.m3u8?zzhed=
开化国家公园,http://l.cztvcloud.com/channels/lantian/SXkaihua2/720p.m3u8zzhed
开化新闻综合,http://l.cztvcloud.com/channels/lantian/SXkaihua1/720p.m3u8?zzhed=
张掖七彩丹霞,https://gcalic.v.myalicdn.com/gc/zyqcdx01_1/index.m3u8
张掖新闻综合,https://play.kankanlive.com/live/1720583434627241.m3u8
强森电影,https://live.metshop.top/huya/21059581
德惠综合,http://stream11.jlntv.cn/dehuitv/sd/live.m3u8
快乐垂钓,http://drive.mxmy.net:8888/udp/239.3.1.164:8001
怀仁综合,https://1yp7hc5p.live.sxmty.com/live/hls/bff8529922344209985b6e49baa9555a/efa2543628fc4a7ea93d3d6c975f77dc-1.m3u8
怪兽电影,https://live.metshop.top/huya/21059577
恒山悬空寺全景,https://gcalic.v.myalicdn.com/gc/hsxksqj_1/index.m3u8
成龙电影,https://live.metshop.top/huya/11342386
我不是药神,https://vip.ffzy-play1.com/20221018/478_c3afed66/index.m3u8
战争电影,https://live.metshop.top/huya/21059574
扫黄先锋,https://live.metshop.top/huya/29465855
拆弹专家1,https://vip.ffzy-online.com/20221015/719_80ff87c2/index.m3u8
拆弹专家2,https://vip.ffzy-online.com/20221015/722_e32c42bc/index.m3u8
支持作者,https://vd2.bdstatic.com/mda-sctj0f96cn79js4n/1080p/cae_h264/1774710384405617311/mda-sctj0f96cn79js4n.mp4
敦化一套,http://stream8.jlntv.cn/dhtv/playlist.m3u8
敦化一套,http://stream8.jlntv.cn/dhtv/playlist.m3u8?zjild=
数码时代,http://ali-m-l.cztv.com/channels/lantian/channel012/1080p.m3u8
文成新闻综合,http://l.cztvcloud.com/channels/lantian/SXwencheng1/720p.m3u8
文成综合,http://l.cztvcloud.com/channels/lantian/SXwencheng1/720p.m3u8?zzhed%3F=
文成综合,http://l.cztvcloud.com/channels/lantian/SXwencheng1/720p.m3u8?zzhed=
新昌新闻综合,https://l.cztvcloud.com/channels/lantian/SXxinchang1/720p.m3u8
新昌生活,http://l.cztvcloud.com/channels/lantian/SXxinchang2/720p.m3u8
新沂新闻,http://live.xysrmt.cn/xwzh/sd/live.m3u8?zjiangsd%22=
新沂生活,http://live.xysrmt.cn/shpd/sd/live.m3u8?zjiangsd=
新野综合,http://tvpull.dxhmt.cn:9081/tv/11329-1.m3u8
新野综合,http://tvpull.dxhmt.cn:9081/tv/11329-1.m3u8?zhend=
新野综合,http://tvpull.dxhmt.cn:9081/tv/11329-1.m3u8?zhend%3F=
新闻综合,https://m3u8channel.yunxya.com/nmip-media/channellive/channel100028/playlist.m3u8
无心法师,https://live.metshop.top/huya/30080233
旺苍新闻综合,http://channel.wcrmt.cn:80/nmip-media/channellive/channel105268/playlist.m3u8
旺苍新闻综合,http://live.spccmc.com:90/live/spxwzh.m3u8?%E5%85%B3%E6%B3%A8%E5%BE%AE%E4%BF%A1%E5%85%AC%E4%BC%97%E5%8F%B7%5B%E6%99%B4%E5%9B%AD%5D=
昌黎综合,https://jwcdnqx.hebyun.com.cn/live/clzhpd/1500k/tzwj_video.m3u8
易门综合,https://zb-live.ynurl.com/yimen/3b75a2f9-7941-46b7-992d-a9796fbca5fe.m3u8
晋江电视台,http://stream.jinjiang.tv/1/sd/live.m3u8?zfud=
普陀山,https://gcalic.v.myalicdn.com/gc/pts01_1/index.m3u8
普陀电视台,https://l.cztvcloud.com/channels/lantian/SXputuo1/720p.m3u8
普陀电视台,http://l.cztvcloud.com/channels/lantian/SXputuo1/720p.m3u8
月牙泉,https://gcalic.v.myalicdn.com/gc/dhyyqsm_1/index.m3u8
望乡台,https://gcalic.v.myalicdn.com/gc/hlwxt_1/index.m3u8
朝天综合,https://m3u8.channel.dzsm.com/nmip-media/channellive/channel104601/playlist.m3u8
李连杰电影,https://live.metshop.top/huya/11342390
来宾综合,http://zb.gxlbamc.com:1935/live/lbzh.stream/playlist.m3u8
松潘新闻综合,http://live.spccmc.com:90/live/spxwzh.m3u8
松潘新闻综合,http://live.spccmc.com:90/live/spxwzh.m3u8?zsicd=
松阳综合,http://l.cztvcloud.com/channels/lantian/SXsongyang1/720p.m3u8
松阳综合,http://l.cztvcloud.com/channels/lantian/SXsongyang1/720p.m3u8?zzhed%3F=
林正英电影,https://live.metshop.top/huya/11342421
枪战电影,https://live.metshop.top/huya/21059579
柳河,http://stream5.jlntv.cn/lh/sd/live.m3u8?zjild=
柳河综合,http://stream3.jlntv.cn:80/aac_lhgb/sd/live.m3u8
桦甸,http://stream10.jlntv.cn/huadian/sd/live.m3u8?zjild=
桦甸综合,http://stream9.jlntv.cn:80/aac_huadiangb/playlist.m3u8
梅河口综合,http://stream3.jlntv.cn:80/aac_mhkgb/playlist.m3u8
梨园,https://dxtx.hntv.tv/live/lypd.m3u8?txSecret=%2A%2A%2A&txTime=7B923E0A&wsSecret=%2A%2A%2A&wsTime=1769313549
楚汉骄雄,https://live.metshop.top/huya/29465854
武义新闻综合,http://l.cztvcloud.com/channels/lantian/SXwuyi1/720p.m3u8?zzhed=
武义新闻综合,http://l.cztvcloud.com/channels/lantian/SXwuyi1/720p.m3u8
武侠电影,https://live.metshop.top/huya/11342427
武汉一台新闻综合,https://ls.qingting.fm/live/20198/64k.m3u8
武进新闻,https://live.wjyanghu.com/live/CH1.m3u8
武进生活,http://live.wjyanghu.com/live/CH2.m3u8
永嘉新闻综合,http://l.cztvcloud.com/channels/lantian/SXyongjia1/720p.m3u8
永城综合,http://tvpull.dxhmt.cn:9081/tv/11481-1.m3u8
永昌综合,https://play.kankanlive.com/live/1652755738635915.m3u8
江夏新闻综合,http://59.175.226.142:280/gb28181/xwzh.m3u8?zhubd=
江津新闻,http://222.179.155.21:1935/ch1.m3u8?zzhongqd=
江苏南京牛首山,https://gcalic.v.myalicdn.com/gc/nss01_1/index.m3u8
江苏徐州云龙湖风景区云龙山观景台西,https://gcalic.v.myalicdn.com/gc/ylh04_1/index.m3u8
汪清,http://stream5.jlntv.cn/wq/sd/live.m3u8?zjild=
汪清综合,http://stream5.jlntv.cn/wq/sd/live.m3u8
汶川新闻综合,http://live.iwcmt.cn:90/live/zhxw.m3u8
汶川新闻综合,http://live.iwcmt.cn:90/live/zhxw.m3u8?zsicd=
汶川新闻综合,http://file.ysxtv.cn/cms/videos/nmip-media/channellive/channel4/playlist.m3u8?zsicd=#rtmp://tv.mcrm.org.cn:1935/channellive/tv01
汾西综合,https://qmmqvzoz.live.sxmty.com/live/hls/f24f8a390c084386a564074c9260100c/be3fdf07606145739ab2c4b80fe0136a.m3u8?zshanxd=
沈腾电影,https://live.metshop.top/huya/11601968
沐川综合,http://file.ysxtv.cn/cms/videos/nmip-media/channellive/channel4/playlist.m3u8?zsicd=
河北农民,https://jwcdnqx.hebyun.com.cn/live/clzhpd/1500k/tzwj_video.m3u8?zhebd=
河北农民,https://ls.qingting.fm/live/1650/64k.m3u8
河北农民,http://ls.qingting.fm/live/1650.m3u8
河北都市,https://radio.pull.hebtv.com/live/hebnczx.m3u8
河源公共,http://tmpstream.hyrtv.cn/hygg/sd/live.m3u8
河源综合,http://tmpstream.hyrtv.cn/xwzh/sd/live.m3u8
法政先锋,https://live.metshop.top/huya/23863804
泗洪新闻综合,http://live1.habctv.com/ggpdsl/sd/live.m3u8?zjiangsd=#http://live1.habctv.com/ggpdsl/sd/live.m3u8
泰山主峰,https://gcalic.v.myalicdn.com/gc/taishan01_1/index.m3u8
泰山十八盘,https://gcalic.v.myalicdn.com/gc/taishan05_1/index.m3u8
泰山南天门,https://gcalic.v.myalicdn.com/gc/hkts07_1/index.m3u8
泰山大观峰,https://gcalic.v.myalicdn.com/gc/taishan03_1/index.m3u8
泰山太平岭,https://gcalic.v.myalicdn.com/gc/hkts09_1/index.m3u8
泰山望人松,https://gcalic.v.myalicdn.com/gc/taishan02_1/index.m3u8
泰山玉皇顶,https://gcalic.v.myalicdn.com/gc/taishan06_1/index.m3u8
泰山白云亭悬崖,https://gcalic.v.myalicdn.com/gc/hkts02_1/index.m3u8
泰山碧霞祠,https://gcalic.v.myalicdn.com/gc/hkts03_1/index.m3u8
泸县新闻综合,http://lxfile.lxxcb.cn:80/nmip-media/channellive/channel103799/playlist.m3u8
泸县新闻综合,http://lxfile.lxxcb.cn/nmip-media/channellive/channel103799/playlist.m3u8
泸县新闻综合,https://m3u8channel.ganzitv.com/nmip-media/channellive/channel1/playlist.m3u8
泸县新闻综合,http://lxfile.lxxcb.cn/nmip-media/channellive/channel103799/playlist.m3u8?zsicd=
洗冤录,https://live.metshop.top/huya/29465851
洞头综合,http://l.cztvcloud.com/channels/lantian/SXdongtou1/720p.m3u8
洞头综合,http://l.cztvcloud.com/channels/lantian/SXdongtou1/720p.m3u8?zzhed%3F=
津南一套,http://play.jinnantv.top/live/JNTV1.m3u8?ztianjd=
活佛济公3,https://live.metshop.top/huya/23903123
浙江休闲台,http://ali-m-l.cztv.com/channels/lantian/channel006/720p.m3u8
浙江公共新闻,http://ali-m-l.cztv.com/channels/lantian/channel007/1080p.m3u8
浙江公共新闻,http://ali-m-l.cztv.com/channels/lantian/channel07/1080p.m3u8
浙江国际,http://ali-m-l.cztv.com/channels/lantian/channel010/1080p.m3u8
浙江国际,https://ali-m-l.cztv.com/channels/lantian/channel010/1080p.m3u8
浙江国际,http://ali-m-l.cztv.com/channels/lantian/channel010/720p.m3u8
浙江国际,http://ali-vl.cztv.com/channels/lantian/channel010/360p.m3u8
浙江国际,https://ali-m-l.cztv.com/channels/lantian/channel010/1080p.m3u8
浙江少儿,http://ali-m-l.cztv.com/channels/lantian/channel008/1080p.m3u8
浙江少儿,https://ali-m-l.cztv.com/channels/lantian/channel008/1080p.m3u8
浙江少儿,https://ali-m-l.cztv.com/channels/lantian/channel008/1080p.m3u8
浙江少儿,http://ali-vl.cztv.com/channels/lantian/channel008/360p.m3u8
浙江教科,http://ali-m-l.cztv.com/channels/lantian/channel004/1080p.m3u8
浙江教科影视,https://ali-m-l.cztv.com/channels/lantian/channel004/1080p.m3u8
浙江教科影视,http://ali-vl.cztv.com/channels/lantian/channel004/360p.m3u8
浙江教科影视,http://ali-m-l.cztv.com/channels/lantian/channel04/1080p.m3u8
浙江教科影院,http://ali-m-l.cztv.com/channels/lantian/channel004/1080p.m3u8
浙江教育,http://ali-m-l.cztv.com/channels/lantian/channel04/720p.m3u8
浙江数码时代,http://ali-m-l.cztv.com/channels/lantian/channel12/720p.m3u8
浙江数码时代,http://ali-m-l.cztv.com/channels/lantian/channel12/720p.m3u8?zzhed=
浙江新闻,http://ali-m-l.cztv.com/channels/lantian/channel007/1080p.m3u8
浙江新闻,http://ali-m-l.cztv.com/channels/lantian/channel007/720p.m3u8
浙江新闻,https://ali-m-l.cztv.com/channels/lantian/channel007/1080p.m3u8
浙江新闻,http://ali-vl.cztv.com/channels/lantian/channel007/360p.m3u8
浙江新闻,http://ali-m-l.cztv.com/channels/lantian/channel07/720p.m3u8
浙江新闻,https://ali-m-l.cztv.com/channels/lantian/channel007/1080p.m3u8
浙江民生,https://ali-m-l.cztv.com/channels/lantian/channel006/1080p.m3u8
浙江民生,http://ali-m-l.cztv.com/channels/lantian/channel006/1080p.m3u8
浙江民生,http://ali-m-l.cztv.com/channels/lantian/channel06/1080p.m3u8
浙江民生,http://ali-m-l.cztv.com/channels/lantian/channel06/720p.m3u8
浙江民生休闲,http://ali-m-l.cztv.com/channels/lantian/channel006/1080p.m3u8
浙江民生休闲,https://ali-m-l.cztv.com/channels/lantian/channel006/1080p.m3u8
浙江民生休闲,http://ali-vl.cztv.com/channels/lantian/channel006/360p.m3u8
浙江生活,http://ls.qingting.fm/live/1099.m3u8
浙江留学,http://ali-vl.cztv.com/channels/lantian/channel009/360p.m3u8
浙江经济,http://ali-m-l.cztv.com/channels/lantian/channel03/720p.m3u8
浙江经济,http://ali-m-l.cztv.com/channels/lantian/channel003/1080p.m3u8
浙江经济,https://ali-m-l.cztv.com/channels/lantian/channel003/1080p.m3u8
浙江经济生活,http://ali-m-l.cztv.com/channels/lantian/channel003/1080p.m3u8
浙江经济生活,http://ali-m-l.cztv.com/channels/lantian/channel03/1080p.m3u8
浙江经济生活,http://ali-m-l.cztv.com/channels/lantian/channel03/1080p.m3u8#https://ali-m-l.cztv.com/channels/lantian/channel003/1080p.m3u8#http://ali-m-l.cztv.com/channels/lantian/channel003/1080p.m3u8
浙江经济生活,https://ali-m-l.cztv.com/channels/lantian/channel003/1080p.m3u8
浙江经济生活,http://ali-vl.cztv.com/channels/lantian/channel003/360p.m3u8
浙江经视,http://ali-m-l.cztv.com/channels/lantian/channel003/720p.m3u8
浙江舟山东极岛,https://gcalic.v.myalicdn.com/gc/djd01_1/index.m3u8
浙江遂昌,http://l.cztvcloud.com/channels/lantian/SXsuichang1/720p.m3u8
浙江钱江,https://ali-m-l.cztv.com/channels/lantian/channel002/1080p.m3u8
浙江钱江,http://l.cztvcloud.com/channels/lantian/SXyuyao2/720p.m3u8
浙江钱江都市,http://ali-m-l.cztv.com/channels/lantian/channel002/1080p.m3u8
浙江钱江都市,http://ali-xwl.cztv.com/live/channel021080Plxw.m3u8
浙江钱江都市,http://ali-xwl.cztv.com/live/channel02720Plxw.m3u8
浙江钱江频道,http://ali-m-l.cztv.com/channels/lantian/channel02/1080p.m3u8
海南新闻,http://ls.qingting.fm/live/1861.m3u8
海宁新闻综合,https://p2hs.vzan.com/slowlive/317913155078575177/live.m3u8
海绵宝宝,https://live.metshop.top/douyu/3949681
涟水电视台综合,http://live1.habctv.com/ggpdsl/sd/live.m3u8
涟水电视台综合,http://live1.habctv.com/ggpdsl/sd/live.m3u8?zjiangsd=
淮安影院娱乐,http://live1.habctv.com/ysylsl/sd/live.m3u8
淮安影院娱乐,http://live1.habctv.com/ysylsl/sd/live.m3u8?zjiangsd=
清河经济综艺,https://jwcdnqx.hebyun.com.cn/live/qinghe1/1500k/tzwj_video.m3u8
渭源新闻,http://play.kankanlive.com/live/1720408280309109.m3u8
湖南张家界天门山西线玻璃栈道,https://gcalic.v.myalicdn.com/gc/tms05_1/index.m3u8
湖南张家界宝峰湖,https://gcalic.v.myalicdn.com/gc/zjjbfh_1/index.m3u8
湖南张家界御笔峰,https://gcalic.v.myalicdn.com/gc/zjjybf_1/index.m3u8
湖南张家界水绕四门,https://gcalic.v.myalicdn.com/gc/zjjsrsm_1/index.m3u8
湖州公共民生,http://hzcm-live.media.hugd.com/1e6b554b9ab74513958c0e1ffe664d22/9acaa7634309494cb29a85eb12136607.m3u8?auth_key=%2A%2A%2A
湖州文化娱乐,http://hzcm-live.media.hugd.com/613c47f0ab0d4eaa98b21378d0db6ded/0051d31c9dd543a7825eea4e49675b2a.m3u8?auth_key=%2A%2A%2A
湖州新闻综合,http://hzcm-live.media.hugd.com/3f5fa7d64c7c46a38c6bd8ad35e836cc/65128273761b4731ae53729ea6dcf932.m3u8?auth_key=%2A%2A%2A
滦平新闻,http://jwplay.hebyun.com.cn/live/LPTV001/1500k/tzwj_video.m3u8
滨海新闻综合,http://traffic.jbh.tjbh.com/live/bhtv10/playlist.m3u8
灌阳新闻综合,https://ls.qingting.fm/live/5043/64k.m3u8
烟台公共,http://live.yantaitv.cn/live/e50f104a4ffe4a41b2217cbda534146f/d86092e69df94668b33390278b061700-1.m3u8
烟台新闻综合,http://live.yantaitv.cn/live/3e81a8879da44c5dadf3bd9c10468e1c/9b776d420ee4438199b7657c8eb88f07-1.m3u8
烟台经济科技,http://live.yantaitv.cn/live/27f84144e95a4652ae9e5c211b2a6b55/405f3e33ba384aa0a16014d0becd1261-1.m3u8
熊猫直播,https://gcwbndali.v.myalicdn.com/gcwbnd/ipanda1000_2/index.m3u8
狄仁杰电影,https://live.metshop.top/huya/30080229
狮子山鸟瞰丽江古城,https://gcalic.v.myalicdn.com/gc/ljgcszsnkgc_1/index.m3u8
猫和老鼠,https://live.metshop.top/huya/11352879
玄幻电影,https://live.metshop.top/huya/11342414
王晶电影,https://live.metshop.top/huya/11602058
玛纳斯,http://218.84.127.245:1026/hls/main1/playlist.m3u8?zxinjd=
玛纳斯综合,http://218.84.127.245:1026/hls/main1/playlist.m3u8?zxinjd%2C=
珲春新闻,http://stream8.jlntv.cn/hctv/sd/live.m3u8?zjild=
璧山综合,http://222.179.42.129:8181/hls1.m3u8
甄子丹电影,https://live.metshop.top/huya/11352935
甘南县综合,https://stream.hrbtv.net/zxpd/sd/live.m3u8
甘孜综合,http://tv.drs.ganzitv.com:8100/channellive/gztv.flv
甘肃经济,https://satellitepull.cnr.cn/live/wxgshhzs/playlist.m3u8
甘肃都市,https://satellitepull.cnr.cn/live/wxgsdstb/playlist.m3u8
电影丧尸片,http://live.metshop.top/huya/21059578?cdn=alicdn
电影八点档,http://live.metshop.top/huya/880261?cdn=alicdn
电影刘德华,http://live.metshop.top/huya/11342424?cdn=alicdn
电影功夫片,http://live.metshop.top/huya/11352941?cdn=alicdn
电影动作电影,http://live.metshop.top/huya/11602077?cdn=alicdn
电影周星星,http://live.metshop.top/huya/11336587?cdn=alicdn
电影喜剧专场,http://live.metshop.top/huya/11602044?cdn=alicdn
电影嫣然影厅,http://live.metshop.top/huya/11601977?cdn=alicdn
电影战争片,http://live.metshop.top/huya/21059574?cdn=alicdn
电影搞笑喜剧,http://live.metshop.top/huya/11342423?cdn=alicdn
电影梁家辉,http://live.metshop.top/huya/11342429?cdn=alicdn
电影犯罪片,http://live.metshop.top/huya/11352974?cdn=alicdn
电影蜘蛛侠,http://live.metshop.top/huya/21059599?cdn=alicdn
电影谍战,http://live.metshop.top/huya/21059585?cdn=alicdn
电影谍战片,http://live.metshop.top/huya/21059587?cdn=alicdn
电影贺岁,http://live.metshop.top/huya/11601971?cdn=alicdn
电影高分动作,http://live.metshop.top/huya/11352884?cdn=alicdn
番禺综合,http://video.epaper.pybtv.cn:8080/live/rtmp_live_demo.flv
白山公共,http://stream8.jlntv.cn/baishan2/playlist.m3u8?zjild=
白银综合,http://play.kankanlive.com/live/1720408089419110.m3u8
直播中国,https://gcalic.v.myalicdn.com/gc/wgw05_1/index.m3u8?contentid=2820180516001
直播中国精编直播,https://gcalic.v.myalicdn.com/gc/wgw05_1/index.m3u8
磐石,http://stream5.jlntv.cn/ps/sd/live.m3u8?zjild=
磐石综合,http://stream3.jlntv.cn:80/aac_psgb/sd/live.m3u8
祁门综合,http://zbbf2.ahbztv.com/live/416.m3u8?zanhd=
福州少儿,http://live.zohi.tv/video/s10001-fztv-4/index.m3u8
福州生活,http://live.zohi.tv:80/video/s10001-fztv-3/index.m3u8
福建公共,https://live.264788.xyz/channel/fujianxiangcungonggong?streamid=1cf7fc3a8f6d160c33b43c2f9507a0cc&livekey=01WgOR41rriMmMkzNsd0UoaxJRwetZdxIvtVk
福建新闻,http://satellitepull.cnr.cn/live/wx32fjxwgb/playlist.m3u8
福建旅游,https://live.264788.xyz/channel/fujianlvyou?streamid=fc58882de71ce4575b66002f2475226b&livekey=01WgOR41rriMmMkzNsd0UoaxJRwetZdxIvtVk
福建旅游,https://live.264788.xyz/channel/fujianlvyou?streamid=221239fcf3c7edb274f2f0760fe47f96&livekey=01WgOR41rriMmMkzNsd0UoaxJRwetZdxIvtVk
福建旅游,https://live.264788.xyz/channel/fujianlvyou?streamid=8f26765ebf367079cef58c6b7752da1e&livekey=01WgOR41rriMmMkzNsd0UoaxJRwetZdxIvtVk
福建旅游,https://live.264788.xyz/channel/fujianlvyou?streamid=599c11c8b284751261b165f4d5765b36&livekey=01WgOR41rriMmMkzNsd0UoaxJRwetZdxIvtVk
福建武夷山玉女峰,https://gcalic.v.myalicdn.com/gc/wysynf_1/index.m3u8
福建海峡卫视,http://38.64.72.148:80/hls/modn/list/4009/playlist.m3u8
福建海峡卫视,http://38.64.72.148:80/hls/modn/list/4009/chunklist0.m3u8
福建海峡卫视,http://38.64.72.148/hls/modn/list/4009/playlist.m3u8
福建漳州醉美沙滩翡翠湾,https://gcalic.v.myalicdn.com/gc/fcw03_1/index.m3u8
福建经济,http://satellitepull.cnr.cn/live/wx32fjdnjjgb/playlist.m3u8
笑傲江湖,https://live.metshop.top/huya/23865142
笑看风云,https://live.metshop.top/huya/29465858
第一财经,http://satellitepull.cnr.cn/live/wx32dycjgb/playlist.m3u8
精品体育,https://epg.pw/stream/f7556eccd4ae06b0c2991fdc7a4f8388496559f728cc82459a8e50346040e226.m3u8
精品体育,https://epg.pw/stream/866a097a0907c9832440f8df38272dd555abf05200dfbafcc137e214c9b30ca7.m3u8
纬来体育,https://epg.pw/stream/4f18dfe0593db5c686eb64ae8edaf2a9202d4d46bdc9bbde2cee27708e12ea01.m3u8
纬来体育,https://epg.pw/stream/8855a9936e37e608a0ec8a014cce1673dee9c5d68d560da376cc92e5edef2b25.m3u8
绍兴公共,http://live.shaoxing.com.cn/video/s10001-sxtv2/index.m3u8
绍兴电视台公共,http://live.shaoxing.com.cn/video/s10001-sxtv2/index.m3u8?%E5%85%B3%E6%B3%A8%E5%BE%AE%E4%BF%A1%E5%85%AC%E4%BC%97%E5%8F%B7%5B%E6%99%B4%E5%9B%AD%5D=
经典电影,https://txmov2.a.kwimgs.com/bs3/video-hls/5211790793651941963_hlsb.m3u8
缙云新闻综合,http://l.cztvcloud.com/channels/lantian/SXjinyun1/720p.m3u8
缙云综合,http://l.cztvcloud.com/channels/lantian/SXjinyun1/720p.m3u8?zzhed%3F=
缙云综合,http://l.cztvcloud.com/channels/lantian/SXjinyun1/720p.m3u8?zzhed=
罪犯电影,https://live.metshop.top/huya/11352962
舒兰新闻,http://stream8.jlntv.cn/shulan/sd/live.m3u8?zjild=
舒兰新闻综合,http://stream8.jlntv.cn/shulan/sd/live.m3u8?_upt=332db6421699196585
航拍中国第二季,http://newcntv.qcloudcdn.com/asp/hls/4000/0303000a/3/default/2bdfdad540b342f592f9817cb7f3b79a/4000.m3u8
苍南新闻综合,https://l.cztvcloud.com/channels/lantian/SXcangnan1/720p.m3u8
苏州4K,https://tylive.kan0512.com/norecord/csztv4k_4k.m3u8
苏州文化生活,https://live-auth.51kandianshi.com/szgd/csztv3.m3u8
苏州新闻综合,https://live-auth.51kandianshi.com/szgd/csztv1.m3u8
苏州生活资讯,https://live-auth.51kandianshi.com/szgd/csztv5.m3u8
苏州社会经济,https://live-auth.51kandianshi.com/szgd/csztv2.m3u8
荆门新闻综合,https://stream.jmtv.com.cn/xwzh/playlist.m3u8?_upt=3e28e7271664278691
荆门新闻综合,http://stream.jmtv.com.cn/xwzh/sd/live.m3u8
荥经综合,https://m3u8channel-yj.yunxya.com/nmip-media/channellive/channel101140/playlist.m3u8
荥阳综合,http://tvpull.dxhmt.cn:9081/tv/10182-1.m3u8
荥阳综合,http://tvpull.dxhmt.cn:9081/tv/10182-1.m3u8?zhend=
荥阳综合,http://tvpull.dxhmt.cn:9081/tv/10182-1.m3u8?wsSecret=%2A%2A%2A&wsTime=1654956569
营山电视台,http://file.ysxtv.cn/cms/videos/nmip-media/channellive/channel4/playlist.m3u8?zsicd=#http://file.ysxtv.cn/cms/videos/nmip-media/channellive/channel4/playlist.m3u8
萧山新闻综合,http://l.cztvcloud.com/channels/lantian/SXxiaoshan1/720p.m3u8?zzhed=
萧山新闻综合,https://l.cztvcloud.com/channels/lantian/SXxiaoshan1/720p.m3u8
萧山生活,https://l.cztvcloud.com/channels/lantian/SXxiaoshan2/720p.m3u8
萧山生活,http://l.cztvcloud.com/channels/lantian/SXxiaoshan2/720p.m3u8
萧山生活,http://l.cztvcloud.com/channels/lantian/SXxiaoshan2/720p.m3u8?zzhed%3F=
萧山生活,http://l.cztvcloud.com/channels/lantian/SXxiaoshan2/720p.m3u8?zzhed=
萧山生活频道,http://l.cztvcloud.com/channels/lantian/SXxiaoshan2/720p.m3u8?zzhed=
萧山综合,http://l.cztvcloud.com/channels/lantian/SXxiaoshan1/720p.m3u8
衡水公共,http://ls.qingting.fm/live/2810.m3u8
衡阳新闻综合,https://liveplay-srs.voc.com.cn/hls/tv/183_554704.m3u8
衢江新闻综合,http://l.cztvcloud.com/channels/lantian/SXqujiang1/720p.m3u8?zzhed=
西宁新闻综合,https://liveout.xntv.tv/a65jur/96iln2.m3u8?zqinghd=
西安新闻,http://112.46.105.20:8009/hls/28/index.m3u8
西安都市,http://112.46.105.20:8009/hls/29/index.m3u8
西峰综合,https://play.kankanlive.com/live/1683944827526991.m3u8
西游记2,https://live.metshop.top/huya/29465859
让子弹飞,https://vip.ffzy-play7.com/20230116/11563_b9f44814/index.m3u8
诸暨新闻综合,http://l.cztvcloud.com/channels/lantian/SXzhuji3/720p.m3u8?zzhed=
诸暨新闻综合,https://l.cztvcloud.com/channels/lantian/SXzhuji3/720p.m3u8
谍战电影,https://live.metshop.top/huya/21059585
象山新闻综合,http://l.cztvcloud.com/channels/lantian/SXxiangshan1/720p.m3u8
象山综合,http://play-sh13.quklive.com/live/1702360350551252.m3u8?auth_key=%2A%2A%2A
贵州省兴义市万峰林,https://gcalic.v.myalicdn.com/gc/xywfl_1/index.m3u8
贺岁电影,https://live.metshop.top/huya/11601986
辉南新闻,http://stream5.jlntv.cn/hn/sd/live.m3u8?zjild=
辉南新闻综合,http://stream5.jlntv.cn/hn/sd/live.m3u8
辽宁都市,https://ls.qingting.fm/live/1099/64k.m3u8
通化县,http://stream5.jlntv.cn/thx/sd/live.m3u8?zjild=
通化县综合,http://stream3.jlntv.cn:80/aac_thxgb/playlist.m3u8
通海电视台,https://zb-live.ynurl.com/tonghai/3bfe3a9e-48e6-4c1e-8770-1df66447cc6c.m3u8
遂昌综合,http://l.cztvcloud.com/channels/lantian/SXsuichang1/720p.m3u8?zzhed=
邢台生活,https://jwcdnqx.hebyun.com.cn/live/xtcsshpd/1500k/tzwj_video.m3u8
邢台综合,https://jwplay.hebyun.com.cn:443/live/xtsrmtzs/1500k/tzwj_video.m3u8
邢台综合,http://jwplay.hebyun.com.cn/live/xtsrmtzs/1500k/tzwj_video.m3u8
邯郸公共频道,https://jwcdnqx.hebyun.com.cn/live/hdgg/1500k/tzwj_video.m3u8
邯郸新闻,https://jwcdnqx.hebyun.com.cn/live/hdxwzh/1500k/tzwj_video.m3u8
邯郸科技教育,https://jwcdnqx.hebyun.com.cn/live/hdkj/1500k/tzwj_video.m3u8
都市剧场,https://satellitepull.cnr.cn/live/wxcqxwgb/playlist.m3u8
都江堰鱼嘴,https://gcalic.v.myalicdn.com/gc/djyqyl1_1/index.m3u8
野蛮亲家,https://live.metshop.top/huya/23863796
金庸武侠,https://live.metshop.top/huya/11342435
金枝欲孽,https://live.metshop.top/huya/29465847
鉴证实录,https://live.metshop.top/huya/23903183
钱江都市,https://ali-m-l.cztv.com/channels/lantian/channel002/1080p.m3u8
铜梁综合,http://183.64.174.171:40123/ch1.m3u8?zzhongqd=
铜陵新闻综合,https://ls.qingting.fm/live/21303/64k.m3u8
镇江二套社会民生,http://zjtv-wshls.homecdn.com/live/2aa16.m3u8
镇江新闻综合,http://cm-wshls.homecdn.com/live/2aa50.m3u8
长子综合,https://www.wxhcgbds.com:8081/channelTv/WXTV_1.m3u8?zshanxd=
长影频道,http://tpc.x3322.net:9901/tsfile/live/1010_1.m3u8
长沙新闻综合,http://ls.qingting.fm/live/4877.m3u8
长白山电视台,http://stream8.jlntv.cn/cbstv/sd/live.m3u8?zjild=
长白朝语,http://hplayer1.juyun.tv:80/camera/11344136.m3u8
陀枪师姐,https://live.metshop.top/huya/29465857
陕西公共,http://ls.qingting.fm/live/1222.m3u8
陕西新闻咨询,http://112.46.105.20:8009/hls/18/index.m3u8
陕西洋县国宝朱鹮02,https://gcalic.v.myalicdn.com/gc/zh02_1/index.m3u8
陕西秦腔,http://112.46.105.20:8009/hls/22/index.m3u8
陕西都市青春,http://112.46.105.20:8009/hls/19/index.m3u8
陕西银龄,http://112.46.105.20:8009/hls/20/index.m3u8
雅安新闻综合,https://play.yunxya.com/channellive/xinwen.m3u8
雪乡大石碑,https://gcalic.v.myalicdn.com/gc/mdjxxdsb_1/index.m3u8
雪乡梦幻家园,https://gcalic.v.myalicdn.com/gc/mdjxxmhjyxj_1/index.m3u8
青岛崂山八水河,https://gcalic.v.myalicdn.com/gc/qdls02_1/index.m3u8
青岛崂山双福,https://gcalic.v.myalicdn.com/gc/qdls03_1/index.m3u8
青川综合,http://qcfile.qcrmt.com/nmip-media/channellive/channel100933/playlist.m3u8
青田电视台,http://l.cztvcloud.com/channels/lantian/SXqingtian1/720p.m3u8
靖宇,http://stream8.jlntv.cn/jytv/sd/live.m3u8?zjild=
靖宇综合,http://stream9.jlntv.cn:80/aac_jygb/playlist.m3u8
靖江新闻综合,http://ls.qingting.fm/live/23797.m3u8
韩国EBS少儿,http://ebsonairios.ebs.co.kr/ebsutablet500k/tablet500k/playlist.m3u8
韩国电影1,https://stream.ads.ottera.tv/playlist.m3u8?network_id=595
韩国电影2,https://stream.ads.ottera.tv/playlist.m3u8?network_id=743
音乐欣赏,http://61.221.215.25:8800/hls/49/index.m3u8
音乐现场,https://satellitepull.cnr.cn/live/wx32nmgyygb/playlist.m3u8
风云剧场,https://live.264788.xyz/channel/fengyunjuchang?streamid=31e7b5b7032d25dd215a4069cdee1a48&livekey=01WgOR41rriMmMkzNsd0UoaxJRwetZdxIvtVk
风云音乐,https://live.264788.xyz/channel/fengyunyinyue?streamid=1b41fb9153cba3ee19bd5d1b323da27e&livekey=01WgOR41rriMmMkzNsd0UoaxJRwetZdxIvtVk
风云音乐,https://live.264788.xyz/channel/fengyunyinyue?streamid=be37d16b874e7ba11dd383d7ecd75752&livekey=01WgOR41rriMmMkzNsd0UoaxJRwetZdxIvtVk
飞碟之谜01,https://hls.cntv.lxdns.com/asp/hls/2000/0303000a/3/default/f0a47e155d32450daa1d36a04fd7d262/2000.m3u8
飞碟之谜02,https://newcntv.qcloudcdn.com/asp/hls/2000/0303000a/3/default/d2454bbb542d4613a9db478dab2addfd/2000.m3u8
鸣沙山,https://gcalic.v.myalicdn.com/gc/dhyyqst_1/index.m3u8
黄山,https://gcalic.v.myalicdn.com/gc/ahhs01_1/index.m3u8
黄山公共生活,http://hslive.hsnewsnet.com/lsdream/iY92ady/1000/live.m3u8?zanhd=
黄山始信新道,https://gcalic.v.myalicdn.com/gc/hsyg_1/index.m3u8
黄山排云亭,https://gcalic.v.myalicdn.com/gc/hspyt_1/index.m3u8
黄山新闻综合,http://hslive.hsnewsnet.com/lsdream/hve9Wjs/1000/live.m3u8
黄山新闻综合,http://hslive.hsnewsnet.com/lsdream/hve9Wjs/1000/live.m3u8?zanhd=
黄山飞来石,https://gcalic.v.myalicdn.com/gc/hsptgy_1/index.m3u8
黄果树六角亭瀑布,https://gcalic.v.myalicdn.com/gc/hgsspzxdpb_1/index.m3u8
黄渤电影,https://live.metshop.top/huya/11352876
黄花城水长城01,https://gcalic.v.myalicdn.com/gc/wgw01_1/index.m3u8
黄花城水长城03,https://gcalic.v.myalicdn.com/gc/wgw03_1/index.m3u8
黄龙,https://gcalic.v.myalicdn.com/gc/hlzycc_1/index.m3u8
黑龙江少儿,https://ls.qingting.fm/live/4972/64k.m3u8
黑龙江文体,https://idclive.hljtv.com:4430/live/hljwy_hd.m3u8
黑龙江新闻,https://ls.qingting.fm/live/4974/64k.m3u8
黑龙江都市,https://idclive.hljtv.com:4430/live/dushi_hd.m3u8
龙井,http://stream8.jlntv.cn/ljtv/sd/live.m3u8?zjild=
龙井综合,http://stream9.jlntv.cn:80/aac_longjinggb/playlist.m3u8
龙泉新闻综合,http://l.cztvcloud.com/channels/lantian/SXlongquan1/720p.m3u8
龙游新闻综合,https://l.cztvcloud.com/channels/lantian/SXlongyou1/720p.m3u8
龙游新闻综合,http://l.cztvcloud.com/channels/lantian/SXlongyou1/720p.m3u8?zzhed=
龙游生活娱乐,https://l.cztvcloud.com/channels/lantian/SXlongyou2/720p.m3u8
龙游生活娱乐,http://l.cztvcloud.com/channels/lantian/SXlongyou2/720p.m3u8?zzhed=
龙门飞甲,http://jsmov2.a.yximgs.com/bs3/video-hls/5203346449046555193_hlsb.m3u8
雷蒙影视直播,https://cors.isteed.cc/https://raw.githubusercontent.com/n3rddd/N3RD/master/JN/N3RD/W/CTVThemeSong1.mp4
CrimeTV LIVE,https://cors.isteed.cc/https://raw.githubusercontent.com/n3rddd/N3RD/master/JN/N3RD/W/CTVThemeSong2.mp4
更新日期,https://cors.isteed.cc/https://raw.githubusercontent.com/n3rddd/N3RD/master/JN/N3RD/W/CRIMETVPV1.mkv
2026-09-28,https://cors.isteed.cc/https://raw.githubusercontent.com/n3rddd/N3RD/master/JN/N3RD/W/CRIMETVPV2.mkv
厦门卫视,http://183.11.239.36:808/hls/17/index.m3u8$雷蒙影视•IPV4
海峡卫视,http://38.64.72.148:80/hls/modn/list/4009/chunklist0.m3u8$雷蒙影视•IPV4『线路1』
海峡卫视,http://38.64.72.148:80/hls/modn/list/4009/playlist.m3u8$雷蒙影视•IPV4『线路2』
海峡卫视,http://8.138.7.223/tv/hxws.m3u8$雷蒙影视•IPV4『线路3』
兵团卫视,https://migu.188766.xyz/?migutoken=%2A%2A%2A&id=%E5%85%B5%E5%9B%A2%E5%8D%AB%E8%A7%86&type=yy%24%E9%9B%B7%E8%92%99%E5%BD%B1%E8%A7%86%E2%80%A2IPV4%E3%80%8E%E7%BA%BF%E8%B7%AF1%E3%80%8F
兵团卫视,http://218.13.170.98:9901/tsfile/live/0115_1.m3u8$雷蒙影视•IPV4『线路2』
兵团卫视,http://183.11.239.36:808/hls/7/index.m3u8$雷蒙影视•IPV4『线路3』
安多卫视,https://liveout.xntv.tv/a65jur/96iln2.m3u8$雷蒙影视•IPV4
农林卫视,https://migu.188766.xyz/?migutoken=%2A%2A%2A&id=%E4%B8%AD%E5%9B%BD%E5%86%9C%E6%9E%97%E5%8D%AB%E8%A7%86&type=yy%24%E9%9B%B7%E8%92%99%E5%BD%B1%E8%A7%86%E2%80%A2IPV4%E3%80%8E%E7%BA%BF%E8%B7%AF1%E3%80%8F
农林卫视,http://120.76.248.139/live/bfgd/4200000122.m3u8$雷蒙影视•IPV4『线路2』
延边卫视,https://srs.iyb983.cn:443/video/CYS/index.m3u8$雷蒙影视•IPV4『线路1』
延边卫视,http://l.cztvcloud.com/channels/lantian/SXxinchang2/720p.m3u8#$雷蒙影视•IPV4『线路2』
延边卫视,https://srs.iyb983.cn/video/CYS/index.m3u8$雷蒙影视•IPV4『线路3』
延边卫视,http://gmxw.7766.org:808/hls/15/index.m3u8$雷蒙影视•IPV4『线路4』
延边卫视,http://l.cztvcloud.com/channels/lantian/SXxinchang2/720p.m3u8$雷蒙影视•IPV4『线路5』
延边卫视,http://l.cztvcloud.com/channels/lantian/SXxinchang2/720p.m3u8$雷蒙影视•IPV4『线路6』
凤凰资讯,https://mgev.188766.xyz/?migutoken=%2A%2A%2A&id=fhzx&pp=1%24%E9%9B%B7%E8%92%99%E5%BD%B1%E8%A7%86%E2%80%A2IPV4%E3%80%8E%E7%BA%BF%E8%B7%AF1%E3%80%8F
凤凰资讯,https://mgev.188766.xyz/?migutoken=%2A%2A%2A&id=hk_fhzx&type=dy%24%E9%9B%B7%E8%92%99%E5%BD%B1%E8%A7%86%E2%80%A2IPV4%E3%80%8E%E7%BA%BF%E8%B7%AF2%E3%80%8F
TVB Plus,https://mgev.188766.xyz/?migutoken=%2A%2A%2A&id=hk_tvbp&type=dy%24%E9%9B%B7%E8%92%99%E5%BD%B1%E8%A7%86%E2%80%A2IPV4
TVB星河,https://mgev.188766.xyz/?migutoken=%2A%2A%2A&id=hk_tvbxh&type=dy%24%E9%9B%B7%E8%92%99%E5%BD%B1%E8%A7%86%E2%80%A2IPV4
靖天戏剧,http://breezy-audrie-zspace-7524863c.koyeb.app/vipsir?token=%2A%2A%2A&id=4gtv-4gtv058%24%E9%9B%B7%E8%92%99%E5%BD%B1%E8%A7%86%E2%80%A2IPV4
CCTV-4K,https://live-play-hls.cctvnews.cctv.com/CCTVChannel/channel_cctv4k_mbd.m3u8?auth_key=%2A%2A%2A&yid=b59134a2ead43d7f783f943c8f535e7bb80c5169575b2e8efcd5b3ddea21b41c
CETV1,http://198.204.228.26/live/cetv1hd.m3u8
CETV2,http://198.204.228.26/live/cetv2.m3u8
CETV4,http://198.204.228.26/live/cetv4.m3u8
CCTV+1,https://cd-live-stream.news.cctvplus.com/live/smil:CHANNEL1.smil/playlist.m3u8
CCTV+2,https://cd-live-stream.news.cctvplus.com/live/smil:CHANNEL2.smil/playlist.m3u8
CCTV8K,http://192.151.150.154/live/cctv8k.m3u8
CCTV4K,https://live-play-hls.cctvnews.cctv.com/CCTVChannel/channel_cctv4k_mbd.m3u8?auth_key=%2A%2A%2A&yid=b59134a2ead43d7f783f943c8f535e7bb80c5169575b2e8efcd5b3ddea21b41c
北京新闻,http://8.138.7.223/tv/bj.php?id=0007
北京生活,http://8.138.7.223/tv/bj.php?id=0006
北京财经,http://8.138.7.223/tv/bj.php?id=0005
上海第一财经,https://satellitepull.cnr.cn/live/wx32dycjgb/playlist.m3u8
上海新闻综合,http://t.061899.xyz/tl/tl.php?id=shxwzh
上海外语,http://t.061899.xyz/tl/tl.php?id=shics
广州新闻,http://tencentplay.gztv.com/live/xinwen.m3u8?txSecret=%2A%2A%2A&txTime=18d57929bd3
广东体育,http://php.jdshipin.com/TVOD/iptv.php?id=gdty
广东新闻,http://173.208.234.146/live/gdxw.m3u8
广东珠江,http://php.jdshipin.com/TVOD/iptv.php?id=gdzj
浙江教育,http://ali-m-l.cztv.com/channels/lantian/channel04/720p.m3u8
浙江新闻,http://ali-m-l.cztv.com/channels/lantian/channel007/720p.m3u8
浙江民生,https://ali-m-l.cztv.com/channels/lantian/channel006/1080p.m3u8
浙江民生休闲,https://ali-m-l.cztv.com/channels/lantian/channel006/1080p.m3u8
浙江经济,http://ali-m-l.cztv.com/channels/lantian/channel03/720p.m3u8
浙江经济生活,http://ali-m-l.cztv.com/channels/lantian/channel03/1080p.m3u8
浙江钱江,https://ali-m-l.cztv.com/channels/lantian/channel002/1080p.m3u8
浙江钱江都市,http://ali-xwl.cztv.com/live/channel021080Plxw.m3u8
浙江钱江频道,http://ali-m-l.cztv.com/channels/lantian/channel02/1080p.m3u8
浙江钱江台,http://ali-m-l.cztv.com/channels/lantian/channel002/1080p.m3u8?fbl=
湖南娱乐,http://218.77.84.102:85/tsfile/live/151/2007_1.m3u8?key=%2A%2A%2A
湖南教育,http://218.77.84.102:85/tsfile/live/156/2011_1.m3u8?key=%2A%2A%2A
湖南电视剧,http://218.77.84.102:85/tsfile/live/148/2004_1.m3u8?key=%2A%2A%2A
湖南经视,http://218.77.84.102:85/tsfile/live/146/2002_1.m3u8?key=%2A%2A%2A
湖南都市,http://218.77.84.102:85/tsfile/live/147/2003_1.m3u8?key=%2A%2A%2A
山东体育,http://58.57.40.22:9901/tsfile/live/1020_1.m3u8
山东农科,http://58.57.40.22:9901/tsfile/live/1022_1.m3u8
山东综艺,http://58.57.40.22:9901/tsfile/live/1021_1.m3u8
福建新闻,http://satellitepull.cnr.cn/live/wx32fjxwgb/playlist.m3u8
福建经济,http://satellitepull.cnr.cn/live/wx32fjdnjjgb/playlist.m3u8
厦门卫视,http://107.150.60.122/live/xmws.m3u8
福建海峡卫视,http://38.64.72.148:80/hls/modn/list/4009/playlist.m3u8
陕西新闻咨询,http://112.46.105.20:8009/hls/18/index.m3u8
陕西都市青春,http://112.46.105.20:8009/hls/19/index.m3u8
黑龙江新闻,https://ls.qingting.fm/live/4974/64k.m3u8
黑龙江新闻法治,http://112.99.195.122:65000/tsfile/live/1028_1.m3u8?key=%2A%2A%2A&playlive=1&authid=%2A%2A%2A
黑龙江都市,http://112.99.195.122:65000/tsfile/live/1027_1.m3u8?key=%2A%2A%2A&playlive=1&authid=%2A%2A%2A
吉林乡村,https://satellitepull.cnr.cn/live/wxjlxcgb/playlist.m3u8
辽宁都市,https://ls.qingting.fm/live/1099/64k.m3u8
辽宁体育,http://dassby.qqff.top:99/live/辽宁体育/index.m3u8
辽宁经济,http://dassby.qqff.top:99/live/辽宁经济/index.m3u8
河北农民,https://jwcdnqx.hebyun.com.cn/live/clzhpd/1500k/tzwj_video.m3u8?zhebd=
河北都市,https://radio.pull.hebtv.com/live/hebnczx.m3u8
河北经济,http://1.94.31.214/php/hebei.php?id=jjsh
河北影视,http://1.94.31.214/php/hebei.php?id=hbys
河北公共,http://1.94.31.214/php/hebei.php?id=hbgg
河南民生,http://123.207.224.130:123/henan/henan.php?id=hnms
江西公共农业,http://192.151.150.154/live/jxtv5.m3u8
江西新闻,http://192.151.150.154/live/jxtv7.m3u8
江西经济生活,http://192.151.150.154/live/jxtv3.m3u8
江西都市,http://192.151.150.154/live/jxtv2.m3u8
山西文体生活,http://113.26.251.182:8009/hls/23/index.m3u8
甘肃经济,https://satellitepull.cnr.cn/live/wxgshhzs/playlist.m3u8
甘肃都市,https://satellitepull.cnr.cn/live/wxgsdstb/playlist.m3u8
广西新闻,http://198.204.228.26/live/gxxw.m3u8
海南新闻,http://ls.qingting.fm/live/1861.m3u8
海南文旅,http://153.0.171.163:85/tsfile/live/1019_1.m3u8?key=%2A%2A%2A&playlive=1&authid=%2A%2A%2A
海南公共,http://nn.7x9d.cn/地方台8563/海南.php?id=ggpd
天津文艺,http://38.75.136.137:98/gslb/dsdqpub/tjtv2.m3u8?auth=%2A%2A%2A
天津新闻,http://38.75.136.137:98/gslb/dsdqpub/tjtv1.m3u8?auth=%2A%2A%2A
天津都市,http://38.75.136.137:98/gslb/dsdqpub/tjtv4.m3u8?auth=%2A%2A%2A
AlabbassiaTV,https://stream.alabbassia.com/live/alabbassia/index.m3u8
8LaMarinaTV,https://streaming005.gestec-video.com/hls/canal24.m3u8
30ATVClassicMovies,https://30a-tv.com/feeds/pzaz/30atvmovies.m3u8
AaryaaTV,https://stream.ottlive.co.in/aryatvtamil/index.m3u8
AbazaTV,https://public.apsny.camera/tv_abaza_tv_to_site/index.m3u8
ActivaTV,https://streamtv.mediasector.es/hls/activatv/index.m3u8
ADATV,https://live-evg10.tv360.bitel.com.pe/bitel/alasdeaguilaSRT/playlist.m3u8
AdaTV,https://yayin1.canlitv.fun/live/kibrisadatv.stream/playlist.m3u8
AdinkraTV,https://59d39900ebfb8.streamlock.net/adinkratvny/adinkratvny/playlist.m3u8
AdrenalinaPuraTV,https://jmp2.uk/plu-61b793ccf571b80007b7a610.m3u8
AdrenalinaPuraTVBrazil,https://jmp2.uk/plu-61b790b985706b00072cb797.m3u8
AgriculturaTV,https://redirector.rudo.video/hls-video/ey6283je82983je9823je8jowowiekldk9838274/921tv/921tv.smil/playlist.m3u8
AgrotendenciaTV,https://5fc584f3f19c9.streamlock.net/agrotendencia/videoagrotendencia_hls1/playlist.m3u8
AguilaTV,https://fox.hostlagarto.com:8081/aguilatv/playlist.m3u8
AhoraTV,https://stream.haislin.com/ahoratv/index.m3u8
AlHorreyaTV,http://media.smc-host.com:1935/alhorreya.tv/mp4:alhorreya3/playlist.m3u8
AlWoustaTV,https://svs.itworkscdn.net/alwoustalive/alwoustatv.smil/playlist.m3u8
Al-AimmaTV,https://alaimma.tv/live/index.m3u8
Al-SouriyaTV,https://shd-gcp-live.edgenextcdn.net/live/bitmovin-al-souriya-tv/e3150760fa5fd62776225433b8c3d406/index.m3u8
Al-ZahraTVTurkic,https://live.al-zahratv.com/live/playlist.m3u8
AlanyaPostaTV,https://api-tv3.yayin.com.tr/postatv/postatv/playlist.m3u8
AlawlaTV,https://live.alawla.tv/hls/stream.m3u8
AlcarriaTV,http://217.182.77.27/live/alcarriatv-livestream.m3u8
AlfaOmegaTV,https://aom-live.maghost.ro/aomTV/streams/OOztu5o9Fx6dh9mD1711027803849.m3u8
AlistiqamaTV,https://jmc-live.ercdn.net/alistiqama/alistiqama.m3u8
AlkarmaTVAustralia,https://5a8308add0b31.streamlock.net/alkarmatv.com/alkarmaau.smil/playlist.m3u8
AlkarmaTVFamily,https://58cc65c534c67.streamlock.net/alkarmatv.com/alkarmaNA2.smil/playlist.m3u8
AlkarmaTVMiddleEast,https://58cc65c534c67.streamlock.net/alkarmatv.com/alkarmame1.smil/playlist.m3u8
AlkarmaTVNorthAmerica&Canada,https://5aafcc5de91f1.streamlock.net/alkarmatv.com/alkarmana1.smil/playlist.m3u8
AlkarmaTVPraise,https://58cc65c534c67.streamlock.net/alkarmatv.com/alkarmapa.smil/playlist.m3u8
AlkarmaTVTalmazaDiscipleship,https://58cc65c534c67.streamlock.net/alkarmatv.com/alkarmame2.smil/playlist.m3u8
AlkarmaTVYouth&English,https://5aafcc5de91f1.streamlock.net/alkarmatv.com/alkarmaus.smil/playlist.m3u8
AlphaTV,https://alphatvlive2.siliconweb.com/alphatvlive/live_abr/playlist.m3u8
AltMediaTV,https://video.hostingcaaguazu.com:19360/altmedia/altmedia.m3u8
AltenaTV,https://dnx1f4sl30ba2.cloudfront.net/nlpo/clr-nlpo/altenatv/index.m3u8
AlternativaTV,https://live20.bozztv.com/giatv/giatv-alternativatv/alternativatv/playlist.m3u8
AlternaTV,https://tv.alterna.ar/stream/hls/live.m3u8
AmazoniaTV,https://servilive.com:3199/live/amazoniatvlive.m3u8
AMGATV,https://streamer1.connectto.com/AMGA_WEB_1202/playlist.m3u8
AmritaTV,https://ddash74r36xqp.cloudfront.net/master.m3u8
AndorraTV,https://livesg1.rtva.hiway.media/11a6d6f4-ee13-47c7-9c27-7313cf5424e2/manifest.m3u8
AntenaTV,https://5ca9af4645e15.streamlock.net/grd/videogrd/playlist.m3u8
AntofagastaTV,https://unlimited6-cl.dps.live/atv/atv.smil/playlist.m3u8
ApsuaTV,https://gcmx3v3owcj.a.trbcdn.net/livemaster/ba7pu_fgej0zelpw.smil/playlist.m3u8?blstid=null
ArabicaTV,http://istream.binarywaves.com:8081/hls/arabica/playlist.m3u8
ArarunaTV,https://video05.logicahost.com.br/ararunatv/ararunatv/playlist.m3u8
AricaTV,https://envivo.arica.tv/hls/Live2025AricaTV.m3u8
ArubaTV+,https://rtmpcontrol.com:1936/atvplus/ngrp:atvplus_all/playlist.m3u8
AstanaTV,http://stream.mcquack.net/28/index.m3u8
ATV,https://live.zendzend.com/mpegts/29375_107244/media_mpegts_0.m3u8
ATVAlanya,https://cdn-alanyatv.yayin.com.tr/alanyatv/alanyatv/playlist.m3u8
ATVSur,http://190.93.224.42/ATV-SUR/index.m3u8
ATV+,http://45.171.108.253:8888/ATV/index.m3u8
ATVSat,https://stream.atvsat.com/atvsatlive/smil:atvsatlive.smil/playlist.m3u8
AutonomaTV,https://wifispeed.trapemn.tv:1936/comunales/autonoma-tv/playlist.m3u8
AwaazIndiaTV,https://awaazindia.livebox.co.in/AwaazIndaTVhls/Live.m3u8
AzStarTV,https://live.livestreamtv.ca/azstar/amlst:azstar/playlist.m3u8
AZATV,https://tv.webmedialive.com/azatvhn/live/playlist.m3u8
AzzurraTV,https://ed05.top-ix.org/avtvlive/azzurra/streaming/playlist.m3u8
BarazaTV,https://eco.streams.ovh:8081/barazatv/tracks-v1a1/mono.m3u8
BarazaTVDeepHouse,https://rtmp.streams.ovh:1936/barazarelax/barazazararelax/barazarelax/playlist.m3u8
BarazaTVRelaxing,https://rtmp.streams.ovh:1936/barazarelax/barazarelax/playlist.m3u8
BATVEducationalChannel,https://livestream.telvue.com/billerica2/f7b44cfafd5c52223d5498196c8a2e7b.sdp/playlist.m3u8
BATVGovernmentChannel,https://livestream.telvue.com/billerica3/f7b44cfafd5c52223d5498196c8a2e7b.sdp/playlist.m3u8
BATVPublicChannel,https://livestream.telvue.com/billerica1/f7b44cfafd5c52223d5498196c8a2e7b.sdp/playlist.m3u8
BellaAbanquinaTV,https://live-evg8.tv360.bitel.com.pe/bitel/bellaabanquinaSRT/playlist.m3u8
BestofBATVChannel,https://livestream.telvue.com/billerica4/f7b44cfafd5c52223d5498196c8a2e7b.sdp/playlist.m3u8
BlackSeaTV,https://ext.cdn.nashnet.tv/228.0.0.136/index.m3u8
BocaChicaTV,https://fox.hostlagarto.com:8081/bocachicatv/tracks-v1a1/mono.m3u8
BonDiaTV,https://directes-tv-int.3catdirectes.cat/live-content/bondia-hls/master.m3u8
BritAsiaTV,https://hls.autopo.st/hls/britasiatv/index.m3u8
BTATV,https://cloud.fastchannel.es/manifiest/hls/prog9/btatv.m3u8
BucovinaTV,https://www.bucovinatv.ro/proxy/video/playlist.m3u8
BuenaTV,https://59825a54e4454.streamlock.net:8443/papo351/papo351/playlist.m3u8
BuendiaTV,https://servilive.com:3508/stream/play.m3u8
CadenaTV,https://tv.bitstreaming.net:3789/live/cdntvlive.m3u8
CajamarcaTV,https://live-evg8.tv360.bitel.com.pe/bitel/cajamarcatvSRT/playlist.m3u8
CalabriaTV,https://64b16f23efbee.streamlock.net/calabriatv/calabriatv/playlist.m3u8
CanalCalimaTV,https://movil.ejeserver.com/live/calimatv.m3u8
CanangaTV,https://cdn.streamingcpanel.com:3545/live/canangatlive.m3u8
CandelitaTV,https://6110f70ea8d0e.streamlock.net/1689/1689/playlist.m3u8
CanelaTV,https://d3cx6yargdnl7q.cloudfront.net/canelatv.m3u8
CanicaTV,https://stmv4.voxtvhd.com.br/canicatv/canicatv/playlist.m3u8
CaobaTVRadio,https://host.streamingnation.live:3940/live/caobatvlive.m3u8
CaracolaTV,https://wifispeed.trapemn.tv:1936/comunales/caracola-tv/chunks.m3u8
CascaraTV,https://ss2.tvrdomi.com:1936/cascaratv/cascaratv/playlist.m3u8
CasmaTV,https://live-evg7.tv360.bitel.com.pe/bitel/casmatvSRT-TRA/playlist.m3u8
CAtv,https://video2.getstreamhosting.com:19360/8216/8216.m3u8
CeltaTV,https://vivo.solumedia.com:19360/celta/celta.m3u8
ChacraTV,https://5f700d5b2c46f.streamlock.net/chacratv/chacratv/playlist.m3u8
ChadaTV,https://edge13.vedge.infomaniak.com/livecast/ik:chadatv/manifest.m3u8
CharapaTV,https://live-evg10.tv360.bitel.com.pe/bitel/charapatvSRT/playlist.m3u8
ChinolaTV,https://tv.wracanal10.com:3300/live/chinolatvlive.m3u8
CholutecaTV,https://s.emisoras.tv:8081/cholutecatv/index.m3u8
ChromaTV,https://5c483b9d1019c.streamlock.net/8054/8054/playlist.m3u8
CibaenaTV,https://streamunoapp.com:3958/live/cibaenatvlive.m3u8
CiraTV,https://hlspackager.akamaized.net/live/DB/CIRA_TV/HLS/CIRA_TV.m3u8
ColumnaTV,https://cdn.streamnet.pro/columnatv/live/playlist.m3u8
ConectaTV,https://stream8.mexiserver.com:19360/conectatvx/conectatvx.m3u8
ControversiaTV,https://live.obslivestream.com/controversiatv/index.m3u8
TVB 明珠台,http://php.jdshipin.com/TVOD/iptv.php?id=mzt
TVB Plus,http://php.jdshipin.com/TVOD/iptv.php?id=tvbp
TVB 星河,http://php.jdshipin.com/TVOD/iptv.php?id=xinghe
TVB 翡翠台,http://php.jdshipin.com/TVOD/iptv.php?id=fct
华丽翡翠台,http://php.jdshipin.com/TVOD/iptv.php?id=huali2
TVB 娱乐新闻,http://php.jdshipin.com/TVOD/iptv.php?id=tvbylxw
ViuTV,http://php.jdshipin.com/TVOD/iptv.php?id=viutv
RTHKTV31,https://rthktv31-live.akamaized.net/hls/live/2036818/RTHKTV31/master.m3u8
RTHK31,http://php.jdshipin.com:8880/TVOD/iptv.php?id=rthk31
RTHK32,http://php.jdshipin.com:8880/TVOD/iptv.php?id=rthk32
HOY TV,http://php.jdshipin.com/TVOD/iptv.php?id=hoytv
Now TV,https://uycyyuuzyh.turknet.ercdn.net/nphindgytw/nowtv/nowtv.m3u8
RightNowTV,https://a-cdn.klowdtv.com/live2/rightnowtv_720p/playlist.m3u8
TVBS,https://7612-5516-affc-d88b.kylintv.tv/live/tvbshd_iphone.m3u8
TVBS 新闻台,http://31.43.191.125:8080/restream/restream/34818
中视,http://31.43.191.125:8080/restream/restream/34897
中视新闻,https://raw.githubusercontent.com/ChiSheng9/iptv/master/TV09.m3u8
民视新闻台,https://raw.githubusercontent.com/ChiSheng9/iptv/master/TV17.m3u8
公视,http://31.43.191.125:8080/restream/restream/34891
东森财经新闻台,https://raw.githubusercontent.com/ChiSheng9/iptv/master/TV03.m3u8
华视,https://raw.githubusercontent.com/ChiSheng9/iptv/master/TV12.m3u8
台视,http://38.64.72.148/hls/modn/list/4013/chunklist0.m3u8
CNA,https://d2e1asnsl7br7b.cloudfront.net/7782e205e72f43aeb4a48ec97f66ebbe/index_5.m3u8
TVBS 亚洲台,http://d2e1asnsl7br7b.cloudfront.net/7782e205e72f43aeb4a48ec97f66ebbe/index_5.m3u8?zshijd=
FTV,https://master.tucableip.com/ftvhd/index.m3u8
台视新闻,http://38.64.72.148/hls/modn/list/4013/chunklist1.m3u8
澳视澳门,http://r.jdshipin.com/n2YZI
澳门卫视,http://php.jdshipin.com:8880/TVOD/iptv.php?id=as
CHC电影,http://183.237.95.108:9901/tsfile/live/1008_1.m3u8?key=%2A%2A%2A&playlive=0&authid=%2A%2A%2A
纬来电影台,http://31.43.191.125:8080/restream/restream/34811
HBO,http://31.43.191.125:8080/restream/restream/34571
amc电影台,http://61.221.215.25:8800/hls/43/index.m3u8
浙江教科影视,http://ali-xwl.cztv.com/live/channel041080Plxw.m3u8
辽宁影视,http://63.141.230.178:82/gslb/zbdq5.m3u8?id=lnys
辽宁影视剧,http://dassby.qqff.top:99/live/辽宁影视剧/index.m3u8
山西影视,http://113.26.251.182:8009/hls/21/index.m3u8
哈尔滨影视,http://stream.hrbtv.net/yspd/sd/live.m3u8
黑龙江影视,http://112.99.195.122:65000/tsfile/live/1025_1.m3u8?key=%2A%2A%2A&playlive=1&authid=%2A%2A%2A
00sReplay,https://jmp2.uk/plu-62ba60f059624e000781c436.m3u8
3CatPlatsbruts,https://fast-tailor.3catdirectes.cat/v1/channel/ccma-channel2/hls.m3u8
4everCinema,http://stream.mcquack.net/258/index.m3u8
24HourFreeMovies,https://d1j2u714xk898n.cloudfront.net/scheduler/scheduleMaster/145.m3u8
50CentAction,https://jmp2.uk/plu-68487fb3f212bedacf5a53e3.m3u8
70sCinema,https://jmp2.uk/plu-5f4d878d3d19b30007d2e782.m3u8
80sRewind,https://jmp2.uk/plu-5ca525b650be2571e3943c63.m3u8
90sThrowback,https://jmp2.uk/plu-5f4d86f519358a00072b978e.m3u8
&TV,http://202.70.146.135:8000/play/a06c/index.m3u8
&TVInternational,https://amg01117-amg01117c1-amgplt0029.playout.now3.amagi.tv/playlist/amg01117-amg01117c1-amgplt0029/playlist.m3u8
ABNBibleMoviesChannel,https://mediaserver.abnvideos.com/streams/abnbiblemovies.m3u8
Action24,http://actionlive.siliconweb.com/actionabr/actiontv/playlist.m3u8
Aflam,https://shd-amg-fast.edgenextcdn.net/tx001/playlist.m3u8
AfraFilm,https://afrafhls.wns.live/hls/stream.m3u8
AlankarTV,https://livetv.tarangplus.in/alankar-origin/live/playlist.m3u8
AllTimeMovies,https://tvsen6.aynaott.com/a2cKGQtB/index.m3u8
AlloCine,https://d1yl6bf4hrzbr0.cloudfront.net/v1/master/3722c60a815c199d9c0ef36c5b73da68a62b09d1/cc-5km3zs4zs9sp0/allo.m3u8
AMCanal,https://streaming.bitsur.cl:3534/live/vdo1102live.m3u8
AMCLatinAmerica,http://15.204.246.24:8080/AMCHD/index.m3u8
AMCLatinAmericaBrazil,http://170.83.49.66:8083/AMCHD/index.m3u8
AmediaHit,http://stream.mcquack.net/162/index.m3u8
AmericanHorrors,http://107.167.7.162:8081/playlist/amhor/playlist.m3u8
ARTFLIXMovieClassics,https://amogonetworx-artflix-1-nl.samsung.wurl.tv/playlist.m3u8
AsianetMovies,https://da86m1sqpm3o0.cloudfront.net/28072023/smil:asianetmovies1.smil/playlist.m3u8
AVIRewind,http://45.70.201.81:8000/play/a010/index.m3u8
AWTV,https://awtv.nuvemplay.live/hls/stream.m3u8
AXN,http://170.83.16.50/AXN/index.m3u8
AXNAsiaPhilippines,https://sra72yz.s.gy/AXN_ASIA_PHILIPPINES.m3u8
AXNAsiaTaiwan,http://125.227.210.55:4050/VideoInput/play.ts
AXNBlackPoland,http://185.227.34.179:8080/axn-black/index.m3u8
AXNLatinAmerica,http://138.121.15.230:9002/AXN/index.m3u8
AXNLatinAmericaSouth,http://181.78.12.119:16123/play/ch46/index.m3u8
B4UBhojpuri,https://cdnb4u.wiseplayout.com/B4U_Bhojpuri/master.m3u8
B4UKadak,https://streams.tangotv.in/B4UKADAK/ORIGIN/index.m3u8
B4UMovies,https://streams.tangotv.in/B4UMOVIES/ORIGIN/index.m3u8
BattlestarGalactica,https://jmp2.uk/plu-69d7ebff029c431826bd328e.m3u8
BeckerDK,https://jmp2.uk/plu-672e157d7d5da5000812872d.m3u8
BeckerNO,https://jmp2.uk/plu-672e1634e482950008c759a5.m3u8
BETCinema,https://jmp2.uk/plu-58af4c093a41ca9d4ecabe96.m3u8
BETComedyMovies,https://jmp2.uk/plu-68c32d88f56983aba40052bd.m3u8
BETVisionaries,https://jmp2.uk/plu-663946c1b18d700008d9c168.m3u8
BeverlyHillbillies,https://jmp2.uk/plu-5f7796e470510900070d4e3d.m3u8
BhojpuriCinema,https://live-bhojpuri.akamaized.net/liveabr/playlist.m3u8
BIZCinema,https://fl.biztv.media/cinema_720_EMfSyXgoRdiIHgldXTZICucKTIeCKO/index.m3u8
Blokbaster,http://stream.mcquack.net/364/index.m3u8
BollywoodFilm,https://tvextra-hls.b-cdn.net/bollywoodfilm/bollywoodfilm.m3u8
BollywoodHDRussia,https://xykt-fix.github.io/cinerama_edge01/hls/BOLLYWOOD_RU/Movie009.m3u8
Bonanza,https://jmp2.uk/plu-68e9913c4a666b9054849832.m3u8
BonanzaCA,https://jmp2.uk/plu-696e647b07ea70192d49f6a5.m3u8
Boreal,https://edge.essastream.com/borealtelevision/tracks-v1a1/mono.m3u8
BRIDGEClassic,http://stream.mcquack.net/272/index.m3u8
CafeFilm,https://cafefhls.wns.live/hls/stream.m3u8
CanalCineDios,https://canal.mediaserver.com.co/live/cinedios.m3u8
Canal+ActionEuropeCzechia,http://46.149.191.219:9106/play/a01g
Canal+ActionEuropeSlovakia,http://151.80.18.177:86/Canal+_Family_HD/index.m3u8
Canal+Cinemas,http://151.80.18.177:86/Canal+_cinema_HD/index.m3u8
Charge!,https://fast-channels.sinclairstoryline.com/CHARGE/index.m3u8
CinCin,https://jmp2.uk/plu-65cb78b83a116800079e2e35.m3u8
CINDIETV,https://cc-hqw8u5r1nshjc.akamaized.net/scheduler/scheduleMaster/352.m3u8
Cine666byPlutoTV,https://jmp2.uk/plu-6823648580b2665220d9e69a.m3u8
CineActionbyPlutoTV,https://jmp2.uk/plu-5f8ed1ff5c39700007e2204a.m3u8
CineAdrenalina,https://jmp2.uk/plu-5d8d164d92e97a5e107638d2.m3u8
CineAmor,https://jmp2.uk/plu-5f5136317aedfb0007016f93.m3u8
CinebyPlutoTV,https://jmp2.uk/plu-5f8ed0f17564a300082b676a.m3u8
CineCatastrophebyPlutoTV,https://jmp2.uk/plu-65a69ef53af63d000825e0ee.m3u8
Cined'AsiebyPlutoTV,https://jmp2.uk/plu-62f3e2d000418d00070f7dbc.m3u8
CineFriki,https://d2mr4fu91mjx9m.cloudfront.net/v1/master/3722c60a815c199d9c0ef36c5b73da68a62b09d1/cc-rb0tx75ojbc5u/CineFriki_ES.m3u8
CineHorreurbyPlutoTV,https://jmp2.uk/plu-66e1978babec540008ce41ac.m3u8
CineNanar,https://zylo-cinenanar-rakuten.amagi.tv/playlist.m3u8
CinePremiere,https://jmp2.uk/plu-5cf968040ab7d8f181e6a68b.m3u8
CineRetrobyPlutoTV,https://jmp2.uk/plu-5f8ed168f72fcd0007e56269.m3u8
CineRomancebyPlutoTV,https://jmp2.uk/plu-60812fc8539963000707d1e1.m3u8
CineRomantico,https://d1si3n1st4nkgb.cloudfront.net/10502/88886011/hls/master.m3u8?ads.xumo_channelId=88886011
CineSci-FibyPlutoTV,https://jmp2.uk/plu-60c34592c911890007f29a73.m3u8
CineSony,https://a-cdn.klowdtv.com/live1/cine_720p/playlist.m3u8
CineTerror,https://jmp2.uk/plu-5d8d180092e97a5e107638d3.m3u8
CineTerrorBR,https://jmp2.uk/plu-5f12111c9e6c2c00078ef3bb.m3u8
CineTerrorLatAm,https://jmp2.uk/plu-5dcddf1ed95e740009fef7ab.m3u8
CineThrillersbyPlutoTV,https://jmp2.uk/plu-60c3472a51a2050008dad272.m3u8
CineWestern,https://d2nq34q0i1r3la.cloudfront.net/v1/master/3722c60a815c199d9c0ef36c5b73da68a62b09d1/cc-awohw8g217ho8/CineWestern_ES.m3u8
CineWesternbyPlutoTV,https://jmp2.uk/plu-65cca3e2ec452d0008af3a65.m3u8
Cinecanal,http://15.204.246.24:8080/CinecanalHD/index.m3u8
CinecanalPacific,http://138.121.15.230:9002/CINECANAL/index.m3u8
Cinema,http://flussonic.linkintel.ru/cinema/index.m3u8
CinemaratonPlus,https://hls02ns.antenaplay.ro/hls/cinemaraton-plus-hd/index.m3u8
CinemaxActionEast,https://sra72yz.s.gy/CINEMAX_ACTION_HD.m3u8
CinemaxClassics,http://23.237.104.106:8080/USA_5STARMAX/index.m3u8
CinemaxHits,http://23.237.104.106:8080/USA_MOREMAX/index.m3u8
CinevaultWesterns,https://gsn-cinevault-westerns-2-us.roku.wurl.tv/playlist.m3u8
ClassicCinema,https://rpn.bozztv.com/gusa/gusa-classiccinema/index.m3u8
2020国外热门动感DJ版,https://vd3.bdstatic.com/mda-kb2bqk7bw0ntjpfn/sc/mda-kb2bqk7bw0ntjpfn.mp4
2021年最火伤感音乐,https://vdse.bdstatic.com//6d39df48360bdb12f73800397c4a6c02.mp4
2021年网络火爆伤感情歌6首,https://vdse.bdstatic.com//80e0473f97055cec1c9c76c1c7e5498a.mp4
2021最佳伤感情歌,https://vdse.bdstatic.com//59c5abc138bf1da5585bb765c530137e.mp4
2021热门伤感DJ,https://vdse.bdstatic.com//06b4e9b185b843e694e4d20e9b0a0aac.mp4
2021爆红《6首女生版伤感DJ》,https://vdse.bdstatic.com//2e77709380ad7e6163e80c4d5c179689.mp4
4K岳云鹏,https://vd2.bdstatic.com/mda-meqitprx5ti8ed1a/720p/h264/1621948823045463060/mda-meqitprx5ti8ed1a.mp4
7首「伤感情歌」,https://vd2.bdstatic.com/mda-nbdj7sp20st0jd9d/sc/cae_h264_delogo/1644847557994341172/mda-nbdj7sp20st0jd9d.mp4
DJ4首吸烟的女人,https://vd2.bdstatic.com/mda-mg7zcjiauy83ehmz/sc/cae_h264/1625790109974824055/mda-mg7zcjiauy83ehmz.mp4
DJ天后,https://vd3.bdstatic.com/mda-kk5f22n13qna8edp/v1-cae/sc/mda-kk5f22n13qna8edp.mp4
DJ《小薇》,https://vd3.bdstatic.com/mda-nd6jimimnfwyjuar/sc/cae_h264_delogo/1649345922829980302/mda-nd6jimimnfwyjuar.mp4
DJ《心在跳情在烧》,https://vd4.bdstatic.com/mda-mhwf07t27w3gi1y7/1080p/cae_h264/1630406994590156367/mda-mhwf07t27w3gi1y7.mp4
DJ情歌,https://vdse.bdstatic.com//4d7e8fe409b2ba9e08b179de8e146fa3.mp4
DJ情歌5首,https://vd3.bdstatic.com/mda-mmg7iqkrutbwd7az/sc/cae_h264/1639851941696222972/mda-mmg7iqkrutbwd7az.mp4
DJ情歌《爱情迷了路》,https://vd4.bdstatic.com/mda-mdbrb7fns70avrmt/1080p/cae_h264/1618222287/mda-mdbrb7fns70avrmt.mp4
DJ《情火》《拥抱你离去》《夜夜夜漫长》,https://vd3.bdstatic.com/mda-nd3gy7ukv0reh4xv/sc/cae_h264_delogo/1649115109025912038/mda-nd3gy7ukv0reh4xv.mp4
DJ《我们不再是从前》,https://vd2.bdstatic.com/mda-mhne550wq5m66zvj/1080p/cae_h264/1629803514331462220/mda-mhne550wq5m66zvj.mp4
DJ无情书,https://vd3.bdstatic.com/mda-kkikg9rzshuhcxwy/v1-cae/sc/mda-kkikg9rzshuhcxwy.mp4
DJ最烈的酒最猛的烟,https://vd4.bdstatic.com/mda-nd3eicnw62x3z3j0/hd/cae_h264_delogo/1649067794176996768/mda-nd3eicnw62x3z3j0.mp4
DJ歌曲《怎么爱都爱不够》,https://vd3.bdstatic.com/mda-mksyipb0103ck0pm/sc/cae_h264_nowatermark/1638055298562460672/mda-mksyipb0103ck0pm.mp4
DJ此生已过半,https://vd3.bdstatic.com/mda-mdaprhx095djift2/hd/mda-mdaprhx095djift2.mp4
DJ流浪兄弟,https://vd2.bdstatic.com/mda-mhrdtax1km0idkc5/1080p/cae_h264/1629972852606533219/mda-mhrdtax1km0idkc5.mp4
DJ爱难求,https://vd4.bdstatic.com/mda-mk99haw9m5kp6p5s/default/h264/1636526565199080954/mda-mk99haw9m5kp6p5s.mp4
DJ版《一个人挺好》,https://vd3.bdstatic.com/mda-mh6gqq4b59z26cjx/1080p/cae_h264/1628504623473300938/mda-mh6gqq4b59z26cjx.mp4
DJ版《原谅你的谎》,https://vd4.bdstatic.com/mda-mhacxx5vhr2we882/1080p/cae_h264/1628673933350116053/mda-mhacxx5vhr2we882.mp4
DJ版《时间会知道你好不好》,https://vd3.bdstatic.com/mda-mhairve7gvye1192/1080p/cae_h264/1629457148988604256/mda-mhairve7gvye1192.mp4
DJ版《望爱却步》,https://vd4.bdstatic.com/mda-mh3ei4sg2jypty79/1080p/cae_h264/1628072927342489970/mda-mh3ei4sg2jypty79.mp4
DJ版《爱不得忘不舍》,https://vd3.bdstatic.com/mda-mh8j8egnj8idbvd8/1080p/cae_h264/1629367979662473678/mda-mh8j8egnj8idbvd8.mp4
DJ版《蜜雪冰城》,https://vd3.bdstatic.com/mda-mhbae2pwwxhyxjcz/1080p/cae_h264/1628767594518574030/mda-mhbae2pwwxhyxjcz.mp4
DJ《等爱》,https://vd2.bdstatic.com/mda-mfhh1e0hwq212rrt/sc/h264/1623988905898256147/mda-mfhh1e0hwq212rrt.mp4
DJ老歌60-70-80爱听,https://vd2.bdstatic.com/mda-nd59vsq0r1e2j3g2/sc/cae_h264_delogo/1649230737582909591/mda-nd59vsq0r1e2j3g2.mp4
DJ舞曲,https://vd2.bdstatic.com/mda-mmqfbgzdj99h2g2a/sc/cae_h264_nowatermark/1640431486180468034/mda-mmqfbgzdj99h2g2a.mp4
DJ《酒醉风雨情》《伤心苦酒》《朋友的酒》《红尘没有错》,https://vd4.bdstatic.com/mda-nd1a4zuxf78py830/sc/cae_h264_delogo/1649003829932795060/mda-nd1a4zuxf78py830.mp4
DJ《醉过多少回》,https://vd4.bdstatic.com/mda-megp46e98a4f2b9g/sc/h264/1621239560364992817/mda-megp46e98a4f2b9g.mp4
dj舞曲女人版,https://vd3.bdstatic.com/mda-mkp88kxv6r8y73k9/sc/cae_h264/1637733263867775329/mda-mkp88kxv6r8y73k9.mp4
dj舞曲英雄泪,https://vd3.bdstatic.com/mda-mkt45tnypacz3smk/sc/cae_h264/1638069225501294830/mda-mkt45tnypacz3smk.mp4
一首伤感歌曲,https://vd3.bdstatic.com/mda-nbr5d212a9mkb4vp/cae_h264_delogo/1645848373794241498/mda-nbr5d212a9mkb4vp.mp4
《人间惊鸿客》,https://vd3.bdstatic.com/mda-mh2bbyjcqjxjhzkd/1080p/cae_h264/1627978577559447916/mda-mh2bbyjcqjxjhzkd.mp4
《唱着情歌流着泪》,https://vd3.bdstatic.com/mda-mhwaejanf0ie6b8j/1080p/cae_h264/1630409563129833732/mda-mhwaejanf0ie6b8j.mp4
《拈花一笑》《对面的小姐姐》《想你了小哥哥》《一朵情花开》,https://vdse.bdstatic.com//7cfaf27a4db89583e069a40fbc2ed84b.mp4
《无味》DJ版,https://vd3.bdstatic.com/mda-mgqiagirsmmpuarm/1080p/cae_h264/1627218846577884242/mda-mgqiagirsmmpuarm.mp4
《潇洒的走DJ》动感节奏,https://vd4.bdstatic.com/mda-kgirfiwxg342z9d8/v1-cae/sc/mda-kgirfiwxg342z9d8.mp4
《爱你到最后一刻》,https://vd3.bdstatic.com/mda-mhr9c7q9xzgy1812/1080p/cae_h264/1630062648077583523/mda-mhr9c7q9xzgy1812.mp4
《爱难求情难断…》,https://vdse.bdstatic.com//0c8ed110c5522e9bd31752ecb999b1ab.mp4
《野狼的士高》,https://vd2.bdstatic.com/mda-ncp47pjrm7kqjfwq/720p/h264_delogo/1648091187992655346/mda-ncp47pjrm7kqjfwq.mp4
音乐之声,http://live.xmcdn.com/live/1205/64.m3u8
1HDMusicTelevision,http://176.118.197.101/1HD/index.m3u8
4everMusic,http://stream.mcquack.net/257/index.m3u8
4FunTV,https://stream.4fun.tv:8888/hls/4f_high/index.m3u8
4Kurd,https://4kuhls.persiana.live/hls/stream.m3u8
4Music,https://musichls.persiana.live/hls/stream.m3u8
7RadioVisione,https://stream10.xdevel.com/video1s976543-1932/stream/playlist.m3u8
7SMusic,https://cdn.pishow.tv/ott/live/1257/master.m3u8
8XM,https://cdn4.mjunoon.tv:8087/streamtest/135M/chunks.m3u8
9XJalwa,https://wiselp.wiseplayout.com/9X_Jalwa/master.m3u8
9XJhakaas,https://amg01281-9xmediapvtltd-9xjhakaas-samsungin-ci2cs.amagi.tv/playlist/amg01281-9xmediapvtltd-9xjhakaas-samsungin/playlist.m3u8
9XTashan,https://amg01281-9xmediapvtltd-9xtashan-samsungin-xz1sd.amagi.tv/playlist/amg01281-9xmediapvtltd-9xtashan-samsungin/playlist.m3u8
9XM,https://9xjio.wiseplayout.com/9XM/master.m3u8
13Festival,https://origin.dpsgo.com/ssai/event/Nftd0fM2SXasfDlRphvUsg/master.m3u8
30AMusic,https://30a-tv.com/music.m3u8
51RadioTV,http://wms.shared.streamshow.it/canale51/canale51/playlist.m3u8
70-80TV,https://585b674743bbb.streamlock.net/9050/9050/playlist.m3u8
88Stereo,http://k3.usastreams.com/CableLatino/88stereo/playlist.m3u8
98.1PearlFM,https://live2.tensila.com/pearl-v-1.pearlfm/hls/live/mystream.m3u8
360TuneBox,https://dash3.antik.sk/live/test_360_tunebox_medium_atk/playlist.m3u8
¡VivaLatino!,http://stream.mcquack.net/285/index.m3u8
AaseervathamTV,https://mumt04.tangotv.in/m18aqlK4AASEERVATHAMTV/index.m3u8
AbdulmajeedAbdullah,https://d2hng5r56zpsbw.cloudfront.net/out/v1/9c4c990f44bb4767bb46271f326dd574/index.m3u8
ACECountryRadioKPVM-LD,https://2-fss-1.streamhoster.com/pl_122/206858-4412960-1/playlist.m3u8
AdhyatmTV,https://mumbai-edge.smartplaytv.in/AdhyatmTV/index.m3u8
AdoramTV,https://live20.bozztv.com/giatv/giatv-adoram/adoram/chunks.m3u8
AERadioTV,https://tls-cl.cdnz.cl/aeradio/live/playlist.m3u8
AFNTV,https://bozztv.com/1gbw5/tintv2/tintv2/playlist.m3u8
AfrobeatTVEntertainment,https://stream.ecable.tv/afrobeats/index.m3u8
AghaniAghaniTV,https://cdn.streamlane.tv/hls/aghanitv/index.m3u8
AGRFMTV,https://tigocloud.desdeparaguay.net/agrtv/agrtv/playlist.m3u8
AlYaumTV,https://hlspackager.akamaized.net/live/DB/ALYAUM_TV/HLS/ALYAUM_TV.m3u8
AlbKanaleMusicTV,https://albportal.net/albkanalemusic.m3u8
AlcanceFMPLAYTV,https://video.wilohosting.com:19360/alcancefmtv/alcancefmtv.m3u8
AlwesamTV,https://stream.addresses-sat.com/Alwesam/index.m3u8
AndinaRTV,https://live-evg8.tv360.bitel.com.pe/bitel/andinatvSRT/playlist.m3u8
AntenneKaernten,https://60efd7a2b4d02.streamlock.net/a_kaernten/ngrp:livestream_all/playlist.m3u8
AntenneSteiermark,https://60efd7a2b4d02.streamlock.net/a_steiermark/ngrp:livestream_all/playlist.m3u8
ATNMusic,https://app.ncare.live/c3VydmVyX8RpbEU9Mi8xNy8yMDE0GIDU6RgzQ6NTAgdEoaeFzbF92YWxIZTO0U0ezN1IzMyfvcGVMZEJCTEFWeVN3PTOmdFsaWRtaW51aiPhnPTI/atnmusic.stream/playlist.m3u8
AtomicAcademyTV,https://atomic.streamnet.ro/academia.m3u8
AtomicTV,https://atomic.streamnet.ro/atomictv.m3u8
Audiokiss,https://master.tucableip.com/audiokisstv/index.m3u8
AvangTV,https://hls.avang.live/hls/stream.m3u8
AzaharesRadiovisualMultimedia,https://streamyes.alsolnet.com/azaharesfm/live/playlist.m3u8
B4UMusic,https://cdn.pishow.tv/ott/live/415/master.m3u8
BalleBalle,https://streams.tangotv.in/BALLEBALLE/ORIGIN/index.m3u8
Bandamax,http://181.78.106.127:5000/play/ca064/index.m3u8
BatamTV,http://122.248.43.242:1935/BATAMTV/_definst_/myStream/playlist.m3u8
BeatsRadio,https://videostream.shockmedia.com.ar:19360/beatsradio/beatsradio.m3u8
BestofMTV,https://jmp2.uk/plu-632afdf820e83e000710ea12.m3u8
BestofMTVDK,https://jmp2.uk/plu-632aff5e44111b00076ad9b1.m3u8
BestofMTVNO,https://jmp2.uk/plu-632afc466699570007ed1106.m3u8
BhagyamTV,https://ott.bhagyam.net/hls/bhagyamweb/index-1409148900-now.m3u8
BibelTVMusik,https://bibeltv03.iptv-playoutcenter.de/bibeltv03/bibeltv03.stream_1/playlist.m3u8
BIZMusic,https://fl.biztv.media/music_720_QAKpGmVUjaPApCNjpsgBxrdqNihAkl/index.m3u8
CNN,https://turnerlive.warnermediacdn.com/hls/live/586495/cnngo/cnn_slate/VIDEO_0_3564000.m3u8
ABCNewsLive,https://d4ybyqrhce41r.cloudfront.net/v1/master/3fec3e5cac39a52b2132f9c66c83dae043dc17d4/prod-xumo-linear-nbcu-hlsv3/master.m3u8?ads.channelId=99991626
ACNN,https://viewmedia7219.bozztv.com/wmedia/viewmedia100/web_014/Stream/playlist.m3u8
AlJazeera2,https://live-hls-web-aja2-gcp.thehlive.com/AJA2/index.m3u8
AlJazeera,https://live-hls-apps-aja-fa.getaj.net/AJA/01.m3u8
AlJazeeraEnglish,https://live-hls-apps-aje-fa.getaj.net/AJE/index.m3u8
AlJazeeraMubasher24,https://live-hls-apps-ajm24-fa.getaj.net/AJM24/index.m3u8
AlJazeeraMubasher,https://live-hls-apps-ajm-fa.getaj.net/AJM/index.m3u8
AlJazeeraMubasherBroadcast2,https://live-hls-apps-ajm2-fa.getaj.net/AJM2/index.m3u8
AnandWariTV,https://mumt03.tangotv.in/Dsly5z3HANANDWARITV/index.m3u8
BBCDrama,https://amg00793-amg00793c40-rakuten-es-5444.playouts.now.amagi.tv/playlist.m3u8
BBCEarthCzechia,http://88.212.15.29/live/test_bbc_eartch_hevc/playlist.m3u8
BBCEarthUS,https://amg00793-amg00793c6-xumo-us-2669.playouts.now.amagi.tv/BBCStudios-BBCEarthA-hls/playlist.m3u8
BBCFood,https://d1e9r0b71zfwk7.cloudfront.net/playlist.m3u8
BBCHome&Garden,https://d11r33s5i066xh.cloudfront.net/playlist.m3u8
BBCKids,https://dmr1h4skdal9h.cloudfront.net/playlist.m3u8
BBCNews,https://xemzi.short.gy/1000015
BBCNewsEurope,http://46.32.176.50/bbcworld/index.m3u8
BBCNewsLatinAmerica,http://138.121.15.230:9002/BBC-NEWS/index.m3u8
BBCNewsNorthAmerica,http://23.237.104.106:8080/USA_BBC_NEWS/index.m3u8
BBCTravel,https://jmp2.uk/plu-60e4519e6873180007d3cddb.m3u8
CNNPrimaNews,http://88.212.15.19/live/test_cnn_pirma_news/playlist.m3u8
DLTV5,https://cdn-live.dltv.ac.th/dltv05.m3u8
DWArabic,https://dwamdstream103.akamaized.net/hls/live/2015526/dwstream103/master.m3u8
DWEnglish,https://amg01644-amg01644c1-amgplt0343.playout.now3.amagi.tv/ts-eu-w1-n2/playlist/amg01644-amg01644c1-amgplt0343/playlist.m3u8
DWEspanol,https://dwamdstream104.akamaized.net/hls/live/2015530/dwstream104/master.m3u8
DWRussian,https://dwamdstream110.akamaized.net/hls/live/2017971/dwstream110/master.m3u8
France24,https://live.france24.com/hls/live/2037179-b/F24_FR_HI_HLS/master_5000.m3u8
France24Arabic,https://live.france24.com/hls/live/2037222-b/F24_AR_HI_HLS/master_5000.m3u8
France24English,https://live.france24.com/hls/live/2037218-b/F24_EN_HI_HLS/master_5000.m3u8
France24Spanish,https://live.france24.com/hls/live/2037220-b/F24_ES_HI_HLS/master_5000.m3u8
HeartlandWeb,https://jmp2.uk/plu-61f07513227feb00073ee6bc.m3u8
HTRTV,https://ms7.mx-cd.net/tv/286-3043214/HTR_Media_TV.smil/playlist.m3u8
ImamHusseinTV5,http://live.al-zahratv.com/live/playlist.m3u8
IMPDTVWorldwide,https://igrejamundial.nuvemplay.live/hls/stream.m3u8
JTBSClassic,https://jtbsclassic.dpdns.org/live.m3u8
KRGV-TV5.2,https://d3svnrf3rmq619.cloudfront.net/krgv-live/smil:krgv-somos.smil/playlist.m3u8
MarriedwithChildren,https://jmp2.uk/plu-66bb3212fe11e5000883ea6b.m3u8
NHKGeneralTV,https://nhk4.mov3.co/hls/nhk.m3u8
NHKWorldPremium,https://media-tyo.hls.nhkworld.jp/hls/wp/live/master.m3u8
NHKWorld-Japan,https://masterpl.hls.nhkworld.jp/hls/w/live/smarttv.m3u8
OmroepSudwest,https://d2ecwd3cgy6wo0.cloudfront.net/nlpo/clr-nlpo/omroepsudwest/index.m3u8
RCNNovelas,https://cdnlive.klicgo.net/rcnnovelas/live/playlist.m3u8
RTBSukmaindera,https://d1211whpimeups.cloudfront.net/smil:rtb1/playlist.m3u8
RTRTV,https://tv3ecuador.site/hls/stream/index.m3u8
RTTRTrento,https://5f204aff97bee.streamlock.net/RTTRlive/livestream/playlist.m3u8
SonyBBCEarth,https://cloudplay-sonyliv.pages.dev/bbcearthhd.m3u8
SuperTV55,https://ss2.tvrdomi.com:1936/supertv55/supertv55/playlist.m3u8
TBSTV,https://cdntv.tbs.seoul.kr/tbs/tbs_tv_web.smil/playlist.m3u8
TheWildWildWest,https://jmp2.uk/plu-6964bcf9ae33e24d911d7e1c.m3u8
TheWildWildWestDK,https://jmp2.uk/plu-6964bc3806d76f50db3e315e.m3u8
TheWildWildWestNO,https://jmp2.uk/plu-6964bca2a6c400fd418854a2.m3u8
TRT1,https://tv-trt1.medya.trt.com.tr/master.m3u8
TRT3,https://tv-trt3.live.trt.com.tr/master.m3u8
TRT,https://vcp12.myplaytv.com/trt/trt/playlist.m3u8
TRTArabi,https://tv-trtarabi.medya.trt.com.tr/master.m3u8
TRTAvaz,https://tv-trtavaz.medya.trt.com.tr/master.m3u8
TRTCocuk,https://tv-trtcocuk.medya.trt.com.tr/master.m3u8
TRTDiyanetCocuk,https://tv-trtdiyanetcocuk.medya.trt.com.tr/master.m3u8
TRTEBA,https://tv-e-okul01.medya.trt.com.tr/master.m3u8
TRTEBAIlkokul,https://tv-e-okul00.medya.trt.com.tr/master.m3u8
TRTEBALise,https://tv-e-okul02.medya.trt.com.tr/master.m3u8
TRTHaber,https://tv-trthaber.medya.trt.com.tr/master.m3u8
TRTKurdi,https://tv-trtkurdi.medya.trt.com.tr/master.m3u8
TRTMuzik,https://tv-trtmuzik.medya.trt.com.tr/master.m3u8
TRTSporYildiz,https://trt.daioncdn.net/trtspor-yildiz/master.m3u8?app=web&platform=trtspor
TRTTurk,https://tv-trtturk.medya.trt.com.tr/master.m3u8
TRTWorld,https://mumbai-edge.smartplaytv.in/TRTWorld/index.m3u8
TV5Cambodia,https://ip.pdtvhd.com/Khmer/streams/CTV5.m3u8
TV5Kannada,https://mumt07.tangotv.in/zHjX9OFlTV5KANNADA/index.m3u8
TV5Linares,https://v1.tustreaming.cl/tv5linares/index.m3u8
TV5MondeAfrica,http://5.9.121.178/tv5monde/index.m3u8
TV5MONDEChefs,https://tvf-tv5ch.otteravision.com/tvf/tv5ch/tv5ch.m3u8
TV5MondeEurope,http://5.180.164.197:8080/TV5MONDE/index.m3u8
TV52,https://edge1.socialsmart.tv/tv52/bant1/playlist.m3u8
VTV5,https://live-a.fptplay53.net/live/media/vtv5/live247-hls-avc/index.m3u8
VTV5TayNamBo,https://live-a.fptplay53.net/live/media/vtv5tnb/live-hls-avc/index.m3u8
VTV5TayNguyen,https://vips-livecdn.fptplay.net/live/media/vtv5tn/live-hls-avc/index.m3u8
WDWL58.1,https://67acccf130420.streamlock.net/enlacepr1/enlacepr1/playlist.m3u8
ZabbChannel,https://vdo.plathong.net/flash7057/flash7057/playlist.m3u8
DW,https://raw.githubusercontent.com/ChiSheng9/iptv/master/TV08.m3u8
CBCNews,https://dbrb49pjoymg4.cloudfront.net/v1/master/3fec3e5cac39a52b2132f9c66c83dae043dc17d4/prod_default_xumo-ams-aws/master.m3u8?ads.xumo_channelId=99991276
WionNews,https://d7x8z4yuq42qn.cloudfront.net/index_7.m3u8
Arirang,https://amdlive-ch01-ctnd-com.akamaized.net/arirang_1ch/smil:arirang_1ch.smil/chunklist_b3256000_sleng.m3u8
AXSTVNow,https://dikcfc9915kp8.cloudfront.net/hls/1080p/playlist.m3u8
BloombergAsia,https://epg.pw/stream/d2edf469b9079064a283f4b0811cbf6f2597ebbb3d08dcf77036a4b5a791b7cf.m3u8
TraceSports,https://lightning-tracesport-samsungau.amagi.tv/playlist1080p.m3u8
RTNews,https://rt-glb.rttv.com/dvr/rtnews/playlist_4500Kb.m3u8
RTEspañol,https://rt-esp.rttv.com/dvr/rtesp/playlist_4500Kb.m3u8
RTFrançais,https://rt-fra.rttv.com/dvr/rtfrance/playlist_4500Kb.m3u8
RTDoc-Русский,https://rt-doc.rttv.com/dvr/rtdru/rtdru1080.m3u8
Newsmax,http://nmxlive.akamaized.net/hls/live/529965/Live_1/index.m3u8
第一财经,http://satellitepull.cnr.cn/live/wx32dycjgb/playlist.m3u8
三立新闻台,https://epg.pw/stream/6b49e3faa38adda85abab446f032dc1e686baa0760a9cfa66e2df8fd6fe3b445.m3u8
中天新闻台,http://222.128.55.152:9080/live/fc.m3u8
VOA美国之音,https://voa-ingest.akamaized.net/hls/live/2033878/tvmc08/playlist.m3u8
半岛新闻,http://live-hls-web-aja.getaj.net/AJA/02.m3u8
新沂新闻频道,http://live.xysrmt.cn/xwzh/sd/live.m3u8?zjiangsd=
武进新闻频道,https://live.wjyanghu.com/live/CH1.m3u8?zjiangsd=
2GB,https://2gblive.akamaized.net/hls/live/2033805/2GB/index.m3u8
3AW,https://3awlive.akamaized.net/hls/live/2032295/3AW/index.m3u8
3CatCameresdeltemps,https://directes-tv-int.3catdirectes.cat/live-content/beauties-hls/master.m3u8
4SiDESTV,https://stream.ottlive.co.in/4sidestv/index.m3u8
4TVNews,https://cdn.pishow.tv/ott/live/1007/master.m3u8
6PR,https://6prlive.akamaized.net/hls/live/2033806/6PR/index.m3u8
6TVTelugu,https://yuppparoriglin.akamaized.net/181224/smil:6tv.smil/playlist.m3u8?hdnts=st%3D1735898689~exp%3D1835898688~acl%3D%2A~hmac%3Df5fe24724fe05481e3841f9eb5ab8efdee0a3dd83645ae9dcf45703f525bab7b
7Info,https://video1.getstreamhosting.com:1936/8042/8042/playlist.m3u8
9PlusNews,https://stream.ottlive.co.in/9plusnews/index.m3u8
10TV,https://mumbai-edge.smartplaytv.in/10TV/index.m3u8
13SiamThai,https://live.x2.co.th/live/13livetv-th.m3u8
22ScopeNews,https://thelegitpro.in/HDlive/22scope/index.fmp4.m3u8
24/7CanaldeNoticias,https://panel.host-live.com:19360/cn247tv/cn247tv.m3u8
24Kanal,https://cdn15.live-tv.cloud/ua_infinitas_tv/news24-abr/playlist.m3u8
24KZ,https://fs.uplink.kz/24KZ/mono.m3u8?token=%2A%2A%2A
24News,https://mumt07.tangotv.in/zHjX9OFlTWENTYFOURNEWS/index.m3u8
24TV,https://turkmedya-live.ercdn.net/tv24/tv24.m3u8
30AInvestmentPitch,https://30a-tv.com/feeds/xodglobal/30atv.m3u8
30ALionelNation,https://30a-tv.com/ln.m3u8
92News,http://92news.vdn.dstreamone.net/92newshd/92hd/playlist.m3u8
99TV,https://cdn.pishow.tv/ott/live/1211/master.m3u8
360°News,https://live-vgtrksmotrim.cdnvideo.ru/vgtrksmotrim/smotrim-live-03-srt.smil/playlist.m3u8
365News,https://cdn4.mjunoon.tv:8087/streamtest/140M/chunks.m3u8
:24,http://88.212.15.27/live/test_trojka_25p/playlist.m3u8
AHaber,https://rnttwmjcin.turknet.ercdn.net/lcpmvefbyo/ahaber/ahaber.m3u8
AajKiKhabar,https://stream.ottlive.co.in/aajkikhabar/index.m3u8
AajTak,https://feeds.intoday.in/aajtak/api/aajtakhd/master.m3u8
AbanteTV,https://amg19223-amg19223c12-amgplt0352.playout.now3.amagi.tv/playlist/amg19223-amg19223c12-amgplt0352/playlist.m3u8
ABCNews,https://abc-news-dmd-streams-1.akamaized.net/out/v1/701126012d044971b3fa89406a440133/index.m3u8
ABCNewsLive1,https://abcnews-streams.akamaized.net/hls/live/2023560/abcnewshudson1/master.m3u8
ABCNewsLive2,https://abcnews-streams.akamaized.net/hls/live/2023561/abcnewshudson2/master.m3u8
ABCNewsLive3,https://abcnews-streams.akamaized.net/hls/live/2023562/abcnewshudson3/master.m3u8
ABCNewsLive4,https://abcnews-streams.akamaized.net/hls/live/2023563/abcnewshudson4/master.m3u8
ABCNewsLive5,https://abcnews-streams.akamaized.net/hls/live/2023564/abcnewshudson5/master.m3u8
ABCNewsLive6,https://abcnews-streams.akamaized.net/hls/live/2023565/abcnewshudson6/master.m3u8
ABCNewsLive7,https://abcnews-streams.akamaized.net/hls/live/2023566/abcnewshudson7/master.m3u8
ABCNewsLive8,https://abcnews-streams.akamaized.net/hls/live/2023567/abcnewshudson8/master.m3u8
ABCNewsLive9,https://abcnews-streams.akamaized.net/hls/live/2023568/abcnewshudson9/master.m3u8
ABCNewsLive10,https://abcnews-streams.akamaized.net/hls/live/2023569/abcnewshudson10/master.m3u8
ABNAndhraJyoti,https://mumbai-edge.smartplaytv.in/ABNAJ/index.m3u8
ABPAnanda,https://d2l4ar6y3mrs4k.cloudfront.net/live-streaming/ananda-livetv/master.m3u8
ABPAsmita,https://d2l4ar6y3mrs4k.cloudfront.net/live-streaming/asmita-livetv/master.m3u8
ABPGanga,https://d2l4ar6y3mrs4k.cloudfront.net/live-streaming/ganga-livetv/master.m3u8
ABPMajha,https://mumbai-edge.smartplaytv.in/ABPMajha/index.m3u8
ABPNews,https://d1rc86nwwc9fag.cloudfront.net/vglive-sk-472500/abpnews/master.m3u8
AccuWeatherNOW,https://cdn-ue1-prod.tsv2.amagi.tv/linear/amg00684-accuweather-accuweather-plex/playlist.m3u8
AcentoTV,https://acentotv01.streamprolive.com/hls/live.m3u8
Actualidad360,https://jmp2.uk/plu-67517fae5534bb0008187997.m3u8
ADN40,https://mdstrm.com/live-stream-playlist/60b578b060947317de7b57ac.m3u8
ADNTV,https://redirector.rudo.video/hls-video/931b584451fa6dd1313ee66efbfd5802e3f3bcea/adntv/adntv.smil/playlist.m3u8
AfghanistanInternational,https://hls.afintl.com/hls/stream.m3u8
Africa24,https://africa24.vedge.infomaniak.com/livecast/ik:africa24/manifest.m3u8
Africa24English,https://edge20.vedge.infomaniak.com/livecast/ik:africa24english/manifest.m3u8
Africa24Sport,https://africa24.vedge.infomaniak.com/livecast/ik:africa24sport/manifest.m3u8
AfricanewsEnglish,https://cdn-euronews.akamaized.net/live/eds/africanews-en/25049/index.m3u8
AfricanewsFrench,https://cdn-euronews.akamaized.net/live/eds/africanews-fr/25050/index.m3u8
AfrikInfoTV,https://kali.vdopanel.com:3119/hybrid/play.m3u8
AgroMais,http://45.162.64.114/AGROMAIS/index.m3u8
AikNews,https://s2.ideationtec.live/Pnn/Pnn.m3u8?token=%2A%2A%2A
AKDCalcuttaNews,https://live.legitpro.co.in/cnnnews/index.m3u8
AkhonKolkata,https://server.playontv.in/ekhonkolkata/ekhonkolkata/index.m3u8
AL24News,https://cdn.live.easybroadcast.io/abr_corp/66_al24_u4yga6h/corp/66_al24_u4yga6h_240p/chunks.m3u8
AlAlamAlYawm,https://mn-nl.mncdn.com/mekameleen/smil:mekameleentv.smil/chunklist_b928000.m3u8
AlArabiyaBusiness,https://live.alarabiya.net/alarabiapublish/aswaaq.smil/playlist.m3u8
AlArabiyaEnglish,https://live.alarabiya.net/alarabiapublish/english/playlist_dvr.m3u8
AlArabyTV2,https://live.kwikmotion.com/alaraby2live/alaraby2.smil/playlist.m3u8
AlArabyTV,https://live.kwikmotion.com/alaraby1live/alaraby_abr/playlist.m3u8
AlEkhbariya,https://shd-gcp-live.edgenextcdn.net/live/bitmovin-al-ekhbaria/297b3ef1cd0633ad9cfba7473a686a06/index.m3u8
AlGhadTV,https://eazyvwqssi.erbvr.com/alghadtv/alghadtv.m3u8
AlHadath,https://shd-gcp-live.edgenextcdn.net/live/bitmovin-hadath/2ff87ec4c2f3ede35295a20637d9f8fd/index.m3u8
AlJanoubTV,https://live.alissahost.net/hls/test.m3u8
AlMasarTV,https://starmenajo.com/hls/almasar/index.m3u8
AlMasirah,https://live.cdnbridge.tv/Almasirah/Almasirah_all/playlist.m3u8
AlMasirahMubacher,https://live2.cdnbridge.tv/AlmasirahMubasher/Mubasher_All/playlist.m3u8
AlMayadeenTV,https://mdnlv.cdn.octivid.com/almdn/smil:mpegts.stream.smil/playlist.m3u8
AlNajahNews,https://streaming.najah.edu:8443/hls/AlNajah.m3u8
AlSharqiyaNews,https://5d94523502c2d.streamlock.net/alsharqiyalive/mystream/playlist.m3u8
AlalamNewsChannelSyria,http://live2.alalam.ir/live/Alalam/index.m3u8
Alarabiya,https://live.alarabiya.net/alarabiapublish/alarabiya.smil/playlist.m3u8
AlephBusiness,https://streamw.m.ro/Aleph/ngrp:Alephbiz.stream_all/playlist.m3u8
AlephNews,https://stream-aleph.m.ro/Aleph/ngrp:Alephnewsmain.stream_all/playlist.m3u8
AlertTV,https://itv.streams.ovh/ALEERT/ALEERT/playlist.m3u8
AlghadeerTV,https://sd343444.vodu.store:3356/live/Alghadeer/index.m3u8
AlhaqeqaAldawlia,https://ghaasiflu.online/alhqeqa/index.m3u8
AlikhbariaSyria,http://185.9.2.18/chid_423/index.m3u8
AlmahriahTV,https://starmenajo.com/hls/almahriah/index.m3u8
AltaghierTV,https://jmc-live.ercdn.net/altaghier/altaghier.m3u8
AmarUjala,https://amarujala.ottlive.co.in/amarujala/index.m3u8
America'sVoice,https://content.uplynk.com/channel/26bd482ffe364a1282bc3df28bd3c21f.m3u8
America'sVoiceNews,https://jmp2.uk/plu-5e1f7da4bc7d740009831259.m3u8
Ameritrade,https://tdameritrade-vizio.amagi.tv/playlist.m3u8
AmuTV,https://jmc-live.ercdn.net/amutv/amutv.m3u8
AMXNoticias,https://5e50264bd6766.streamlock.net/mexiquense2/videomexiquense2/playlist.m3u8
CN卡通,http://31.43.191.125:8080/restream/restream/34800
哈哈炫动,http://63.141.230.178:82/gslb/zbdq5.m3u8?id=xdkthd
嘉佳卡通,http://38.75.136.137:98/gslb/dsdqpub/gdjjkt.m3u8?auth=%2A%2A%2A
河北少儿科教,http://tv.pull.hebtv.com/jishi/shaoerkejiao.m3u8?t=1893427200&k=d4a455b288ebbc0f53903f4750372b0f
龙华卡通,https://cdn.qd.je/163189/lhkt
3ABNKids,https://3abn.bozztv.com/3abn2/Kids_live/smil:Kids_live.smil/playlist.m3u8
4FunKids,https://stream.4fun.tv:8889/hls/4fk_high/index.m3u8
6WiseTv,https://live.enhdtv.com:8081/8150/index.m3u8
13Kids,https://origin.dpsgo.com/ssai/event/LhHrVtyeQkKZ-Ye_xEU75g/master.m3u8
90'sKids,https://jmp2.uk/plu-6452c814939a590008567a3b.m3u8
90sKidsTV2,https://jmp2.uk/plu-6452c77ed3fdde00080eb3a8.m3u8
ABCKids,https://c.mjh.nz/abc-kids.m3u8
ADNTV+,https://d3b73b34o7cvkq.cloudfront.net/v1/master/3722c60a815c199d9c0ef36c5b73da68a62b09d1/cc-gz2sgqzp076kf/adn.m3u8
ADOTV,https://strhls.streamakaci.tv/ortb/ortb2-multi/playlist.m3u8
AfarinTV,https://65f16f0fdfc51.streamlock.net/afarinTV/livestream/playlist.m3u8
AkiliKids!,https://m6.livecdn.io/akilikids.co.ke/akilikids.smil/playlist.m3u8
AMGTV,https://2-fss-2.streamhoster.com/pl_138/201660-1270634-1/playlist.m3u8
AmouYazidTV,http://mkstream.servehttp.com:1940/AmouYazid/ay1/playlist.m3u8
Ani,http://46.32.176.50/anitv/index.m3u8
Animation+,https://pb-ioe9d0fpkd6pp.akamaized.net/playlist.m3u8
AnimaxAsiaIndia,https://amg02159-kcglobal-amg02159c1-samsung-in-521.playouts.now.amagi.tv/playlist/amg02159-kcglobal-animax-samsungin/playlist.m3u8
AnimeVision,https://d1ujfw1zyymzyd.cloudfront.net/v1/master/3722c60a815c199d9c0ef36c5b73da68a62b09d1/cc-a6fukwkbxmex8/live/fast-channel-animevision-64527ec0/fast-channel-animevision-64527ec0.m3u8
AnimeVisionClassics,https://d82pyvmcw2kdc.cloudfront.net/v1/master/3722c60a815c199d9c0ef36c5b73da68a62b09d1/cc-swfivzrzwamaq/live/fast-channel-animevisionclassics-efc8dc6d/fast-channel-animevisionclassics-efc8dc6d.m3u8
AnimexHIDIVE,https://jmp2.uk/plu-6793eaa4bc03978b9bc63db1.m3u8
AniplusAsia,https://amg18481-amg18481c1-amgplt0352.playout.now3.amagi.tv/playlist/amg18481-amg18481c1-amgplt0352/playlist.m3u8
Aqlvoy,https://stream8.cinerama.uz/1205/tracks-v1a1/mono.m3u8
Atfal&MawahebTV,https://5aafcc5de91f1.streamlock.net/atfal1.com/atfal2/playlist.m3u8
Avatar,https://jmp2.uk/plu-656df599c0fc8800089c75ab.m3u8
Avatar:AlendadeAang,https://jmp2.uk/plu-6759eeb1bd523200083b4f29.m3u8
Avatar:LaLeyendadeAang,https://jmp2.uk/plu-6759ee82bd523200083b4f0f.m3u8
BabySharkTV,https://newidco-babysharktv-1-us.roku.wurl.tv/playlist.m3u8
BabyTime,http://178.134.1.158:8081/babytime/index.m3u8
BabyFirst,https://cdn.fast.jwp.services/v1/channel/1_jB6940Ei_TvhvIHDL/manifest.m3u8
BabyFirstBrazil,https://jmp2.uk/plu-5f4fb4cf605ddf000748e16f.m3u8
BabyFirstSpanish,http://168.228.44.241:9997/play/a07u/index.m3u8
BabyTVSpain,http://181.78.12.119:16123/play/ch01/index.m3u8
Balapan,https://fs.uplink.kz/balapan/mono.m3u8?token=%2A%2A%2A
BeJoy.kids,https://stream.paroledivita.org/bejoy.m3u8
BobEsponja,https://jmp2.uk/plu-5f1aca0b4e448e00075e7c5e.m3u8
BobEsponjaCalcaQuadrada,https://jmp2.uk/plu-62545c0b002f4b0007688b61.m3u8
BobEsponjaPantalonesCuadrados,https://jmp2.uk/plu-6254598f5083f800076d8563.m3u8
Bobl'eponge,https://jmp2.uk/plu-66588931a3865300085ca800.m3u8
Bolajon,https://stream8.cinerama.uz/1007/playlist.m3u8
BoxKidsTV,http://170.83.49.66:8083/BOXKIDSHD/index.m3u8
BratTV,https://streams2.sofast.tv/v1/master/611d79b11b77e2f571934fd80ca1413453772ac7/04072b68-dc6a-4d5e-98af-f356ba8d5063/playlist.m3u8
Bravo!KidsTV,https://streaming.radiohub.hr/RadioHub_WEB_streaming/BHWUC27pGZ/3.m3u8
CampSpoopy,https://stream.ads.ottera.tv/playlist.m3u8?network_id=269
Carousel+4,http://185.37.150.46/Karusel/index.m3u8
CarouselInternational,https://fs.uplink.kz/karusel/mono.m3u8?token=%2A%2A%2A
CartoonClassics,https://daiconnect.com/live/hls/tvup/rk-cartoonclassics/578f4b7eb725168349ec0af81b21d388/index.m3u8
Chikitoonz,http://45.70.201.81:8000/play/a00p/index.m3u8
Chithiram,https://cdn.pishow.tv/ott/live/1243/master.m3u8
Clan,https://lge-lgla2.otteravision.com/lge/lgcla/lgcla.m3u8
ClanInternacional,https://xyktmobile00.s.gy/PPV906_CLAN_INTE
ComedyCentralSouthPark,https://jmp2.uk/plu-609ae66b359b270007869ff1.m3u8
ComedyCentralSouthParkLatAm,https://jmp2.uk/plu-609ae5cd48d3200007b0a98e.m3u8
Crunchyroll,https://jmp2.uk/plu-65652f7fc0fc88000883537a.m3u8
CTDecko,http://88.212.15.19/live/ct_art_avc_25p/playlist.m3u8
DetectiveConan,https://jmp2.uk/plu-629a066860ef810008267b70.m3u8
DetectiveConanFrance,https://jmp2.uk/plu-62f3e8ad2a8e8000077b013d.m3u8
Detskiy,https://stream8.cinerama.uz/1033/tracks-v1a1/mono.m3u8
DisneyChannel,http://88.212.15.19/live/test_disney/playlist.m3u8
DisneyChannelHDEast,http://4.30.180.36:8420/disneychannel/index.m3u8?token=%2A%2A%2A
DisneyChannelLatinAmerica,http://15.204.246.24:8080/DisneyHD/index.m3u8
DisneyChannelLatinAmericaCenter,http://181.78.8.199:8000/play/a0dn/index.m3u8
DisneyChannelLatinAmericaMexico,http://45.166.93.156:9999/play/a0f3/index.m3u8
DisneyChannelLatinAmericaNorth,http://138.121.15.230:9002/DISNEY-CHANNEL/index.m3u8
DisneyChannelLatinAmericaPanregional,http://45.134.141.161:2200/ARG/Disney_Channel/index.m3u8
DisneyInternational,http://202.70.146.135:8000/play/a04p/index.m3u8
DisneyJr.,http://151.80.18.177:86/Disney_Junior_HD/index.m3u8
DisneyJr.LatinAmerica,http://190.14.10.19:16000/play/a02d/index.m3u8
DisneyJr.LatinAmericaNorth,http://181.78.14.26:4000/play/a073/index.m3u8
DisneyJr.LatinAmericaSouth,http://45.185.163.75:8000/play/a016/index.m3u8
DisneyXD,http://185.227.34.179:8080/disney-xd/index.m3u8
DoveChannel,https://linear-896.frequency.stream/dist/cineverse/896/hls/master/playlist.m3u8
Drake&Josh,https://jmp2.uk/plu-65a67c494a10d800085cab06.m3u8
DreamWorksChannelLatinAmerica,https://xyktmobile00.s.gy/PPV913_DREAMWO
DreikoTV,https://cloudvideo.servers10.com:8081/8020/index.m3u8
ducktv,https://dash3.antik.sk/live/duck_tv/index.m3u8
ducktvPLUS,https://dash3.antik.sk/live/test_duck_plus/playlist.m3u8
DumDum,http://45.162.64.114/ZOOMOO_KIDS/index.m3u8
DurontoTV,https://tvsen6.aynaott.com/6xyZ3N4oHv2KBJdB6W4p/index.m3u8
EBSKids,https://ebsonair.ebs.co.kr/ebsufamilypc/familypc1m/playlist.m3u8
EKids,http://78.108.244.134:8899/ekids
EmanTv,https://avr.host247.net/live/emantv/playlist.m3u8
EnerGeekFAN,https://backend.energeek.cl/webtv/egfanweb/index.m3u8?token=%2A%2A%2A
eSportsMaxTV,https://cdnlive.klicgo.net/esportsmax/live/playlist_dvr.m3u8
ETVBalBharat,http://103.185.24.134:3001/ETV-BAL-BHARAT/index.m3u8
ExtremaKidsTV,https://627bb251f23c7.streamlock.net:444/ExtremaKids/ExtremaKids/playlist.m3u8
ForeverKids,https://jmp2.uk/plu-56171fafada51f8004c4b40f.m3u8
FunBox,http://186.148.196.100:8000/play/a00d
GarfieldandFriends,https://jmp2.uk/plu-677f927554f43dad4b3258aa.m3u8
Gong,https://amg01596-gongnetworks-gong-ono-vh5f2.amagi.tv/1080p-vtt/index.m3u8
GospelCartoon,https://stmv1.srvif.com/gospelcartoon/gospelcartoon/playlist.m3u8
GreenTV,https://app.ncare.live/c3VydmVyX8RpbEU9Mi8xNy8yMDE0GIDU6RgzQ6NTAgdEoaeFzbF92YWxIZTO0U0ezN1IzMyfvcGVMZEJCTEFWeVN3PTOmdFsaWRtaW51aiPhnPTI2/greentv.stream/live-orgin/greentv.stream/playlist.m3u8
GrooviaKids,https://gist.githubusercontent.com/iptvonlinetv/244b66c61f162a7c0c2b4fa59b528139/raw/2376b7ba1989ebbd383301ec7d645e222a6c9338/udp780.510.345:4545.m3u8
GulliGirl,https://stream8.cinerama.uz/1445/tracks-v1a1/mono.m3u8
HappyKids,https://dil9xdvretp0f.cloudfront.net/index.m3u8
清河经济综艺,https://jwcdnqx.hebyun.com.cn/live/qinghe1/1500k/tzwj_video.m3u8
八大戏剧台,http://61.221.215.25:8800/hls/39/index.m3u8
八大综合台,http://61.221.215.25:8800/hls/56/index.m3u8
中天娱乐台,http://61.221.215.25:8800/hls/47/index.m3u8
纬来戏剧台,http://31.43.191.125:8080/restream/restream/34812
纬来综合台,http://31.43.191.125:8080/restream/restream/34850
靖天戏剧台,http://breezy-audrie-zspace-7524863c.koyeb.app/vipsir?token=%2A%2A%2A&id=4gtv-4gtv058
靖洋戏剧台,http://31.43.191.125:8080/restream/restream/34833
笑傲江湖,https://vd4.bdstatic.com/mda-ki3e6haxdv0x0tgr/v1-cae/mda-ki3e6haxdv0x0tgr.mp4?auth_key=%2A%2A%2A&bcevod_channel=searchbox_feed&pd=1&pt=3&abtest=8797_2&sle=1&sl=537&split=597343
上海滩,https://vd4.bdstatic.com/mda-keck5jhdaagebxkm/v1-cae/mda-keck5jhdaagebxkm.mp4?auth_key=%2A%2A%2A&bcevod_channel=searchbox_feed&pd=1&pt=3&abtest=8797_2&sle=1&sl=288&split=391503
深圳电视剧频道,http://183.11.239.36:808/hls/141/index.m3u8
南康综合频道,https://play-a2.quklive.com/live/1758525653004384.m3u8
瑞金综合频道,https://play-a2.quklive.com/live/1760408109205119.m3u8
1KZNTV,https://cdn.freevisiontv.co.za/sttv/smil:1kzn.stream.smil/playlist.m3u8
2x2,https://bl.rutube.ru/livestream/392b4686b770bae2da6bf5ac4574add5/index.m3u8?e=2068731801&s=tenr-yHXUv1wibfka78s2A&scheme=https
4everDrama,http://stream.mcquack.net/260/index.m3u8
4everTheater,http://stream.mcquack.net/259/index.m3u8
4UTV,https://hls.4utv.live/hls/stream.m3u8
5AABTV,http://158.69.124.9:1935/5aabtv/5aabtv/playlist.m3u8
5Cops,https://jmp2.uk/plu-5d2c571faeb3e2738ae27933.m3u8
5minuttishiny,https://cdn-dvr.ntv.ru/5_minut_tishiny/index.m3u8
7thHeaven,https://jmp2.uk/plu-6728cab6e482950008b76d8c.m3u8
7thHeavenDK,https://jmp2.uk/plu-6728c9c85534bb0008b320a4.m3u8
7thHeavenNO,https://jmp2.uk/plu-6728ca75529ac9000830ab14.m3u8
13E,https://origin.dpsgo.com/ssai/event/BBp0VeP6QtOOlH8nu3bWTg/master.m3u8
13Humor,https://origin.dpsgo.com/ssai/event/cKWySXKgSK-SzlJmESkOWw/master.m3u8
13Realities,https://origin.dpsgo.com/ssai/event/g7_JOM0ORki9SR5RKHe-Kw/master.m3u8
13T,https://origin.dpsgo.com/ssai/event/f4TrySe8SoiGF8Lu3EIq1g/master.m3u8
16AnnieIncinta,https://jmp2.uk/plu-60940a07d88ba90007b9cb71.m3u8
30ARidiculousTV,https://30a-tv.com/feeds/720p/63.m3u8
30ASidewalks,https://30a-tv.com/sidewalks.m3u8
30ATelevisionChannel,https://30a-tv.com/feeds/masters/30atv.m3u8
48Hours,https://dai.google.com/linear/hls/event/JUr94WL2QAiVpGNHY5n5dA/master.m3u8
48HoursCA,https://jmp2.uk/plu-62e925bc68d18a00077bb990.m3u8
247BoxTV,https://hls.247box.live/hls/stream.m3u8
2900Happiness,https://jmp2.uk/plu-6720bc6cdaad7f000872a6e2.m3u8
90210,https://jmp2.uk/plu-65a67dd13af63d0008257f17.m3u8
.black,http://stream.mcquack.net/263/index.m3u8
.red,http://5.188.159.128:8070/RED/index.m3u8
A&ELatinAmerica,http://138.121.15.230:9002/A&E/index.m3u8
A&ELatinAmericaBrazil,http://170.83.16.50/AeE/index.m3u8
AakaashAath,http://tvsen5.aynascope.net/Wm9Lv2RjZGT6/index.m3u8
ABCTVPlus,https://c.mjh.nz/abc-tv-plus.m3u8
AbejalesTV,https://183.bozztv.com/giatv/giatv-AbejalesTV/AbejalesTV/playlist.m3u8
AbsoluteRealitybyWETV,https://amc-absolutereality-1-us.plex.wurl.tv/playlist.m3u8
AcapulcoShore,https://jmp2.uk/plu-61a52615cbef2500072876e2.m3u8
AcapulcoShoreUS,https://jmp2.uk/plu-64dab1f835425100080e1e7b.m3u8
AceTV,https://c.streamhoster.com/link/hls/W5s3fS/inLo5pcsHjo/iqg9wps0m1x_5/playlist.m3u8
AceTVKCKS-LD,https://2-fss-1.streamhoster.com/pl_154/amlst:205432-2055980/playlist.m3u8
AdultSwimLatinAmerica,http://138.121.15.230:9002/ADULT-SWIM/index.m3u8
AdultSwimLatinAmericaBrazil,http://168.197.104.22/ADULT_SWIM/index.m3u8
AfroLandTV,https://alt-al.otteravision.com/alt/al/al.m3u8
AguacateTV,https://streamtv.intervenhosting.net:3040/hybrid/play.m3u8
AlegreTVRD,https://streamunoapp.com:3149/live/alegretvlive.m3u8
AlerteaMalibu,https://jmp2.uk/plu-60afaa535580be0007ac9ee4.m3u8
AllRealitybyWEtv,https://jmp2.uk/plu-5e82530945600e0007ca076c.m3u8
AllWeddingsWEtv,https://amc-allweddings-1-us.xumo.wurl.tv/playlist.m3u8
ALLBLKGems,https://df1zke3zj042m.cloudfront.net/playlist.m3u8
AllehassenChris,https://jmp2.uk/plu-622f6e1e2792150007e0b2ff.m3u8
AlwaysFunnyVideos,https://d24l3uppudokci.cloudfront.net/playlist.m3u8
AmericaTeVe,https://live.gideo.video/americateve2/master.m3u8
America'sNextTopModel,https://jmp2.uk/plu-68757c45759366af05b3b199.m3u8
America'sNextTopModelCA,https://jmp2.uk/plu-68679fc6bb46d0bdd38ac9a4.m3u8
America'sTestKitchen,https://jmp2.uk/plu-5e84f54a82f05300080e6746.m3u8
AmericanCrimeChannel,https://d39g1vxj2ef6in.cloudfront.net/v1/master/3fec3e5cac39a52b2132f9c66c83dae043dc17d4/prod-rakuten-stitched/master.m3u8?ads.xumo_channelId=88883104
Anaylos7,https://jmp2.uk/plu-5f1acce7f17797000718f9be.m3u8
ANCTelevision,https://live.amelbatv.co:81/anctvlive/index.m3u8
Andromeda,https://jmp2.uk/plu-6850335b5965a2fd49f7e36d.m3u8
AndromedaItaly,https://jmp2.uk/plu-60802d37ee238e0007c94e64.m3u8
AndromedaUK,https://jmp2.uk/plu-5e8db96bccae160007c71eec.m3u8
AngerManagementChannel,https://amg00353-lionsgatestudio-angermgmt-samsungau-o9jg9.amagi.tv/playlist/amg00353-lionsgatestudio-angermgmt-samsungau/playlist.m3u8
AnjanTV,https://anjan.vstream.online/anjanorg/ngrp:anjan_hdall/playlist.m3u8
ANT1Cyprus,http://l2.cloudskep.com/ant1cm2/abr/playlist.m3u8
AntaresTelevision,https://5949aa132c8fb.streamlock.net:1963/iptvantares/liveantarestv/playlist.m3u8
AntenaStars,https://live4dai.antenaplay.ro/live2_sdi07/live2_sdi07_600k.m3u8
AnthonyBourdain:PartsUnknown,https://jmp2.uk/plu-69173ce8abd4703b27f71d44.m3u8
AntiquesRoadshowUK,https://bbc-antiquesroadshowuk-1-us.roku.wurl.tv/playlist.m3u8
APTV,https://59nyqg8elwap-hls-live.5centscdn.com/APTV/85c20905211659d143febd7c32592ee0.sdp/playlist.m3u8
ApnaPunjabTV,https://plus.gigabitcdn.net/live-stream/apna-punjab-H3sE/playlist.m3u8
AreWeThereYet?,https://amg00353-lionsgatestudio-arewethereyet-samsunguk-6h2ju.amagi.tv/playlist/amg00353-lionsgatestudio-arewethereyet-samsunguk/playlist.m3u8
AreYouTheOne?,https://jmp2.uk/plu-61c0ac242bb0cf0007015f89.m3u8
AreYouTheOne?DK,https://jmp2.uk/plu-61c091c39863900007ac9e8f.m3u8
AreYouTheOne?NO,https://jmp2.uk/plu-61c1db8ed6d97900076ea15c.m3u8
arte,https://dash4.antik.sk/live/test_arte_avc_25p/playlist.m3u8
AsianDrama,http://103.172.187.30:12000/stream/mytv/null-11/master.m3u8
AsianCrush,https://linear-900.frequency.stream/dist/cineverse/900/hls/master/playlist.m3u8
Asianet,https://raw.githubusercontent.com/amazeyourself/adaptive-streams/refs/heads/main/streams/in/YuppTV/AsianetHD.m3u8
AsianetMiddleEast,https://mumt03.tangotv.in/Dsly5z3HASIANETMIDDLEEAST/index.m3u8
AtHomewithFamilyHandyman,https://d1ik2p49apxqjf.cloudfront.net/playlist.m3u8
AuctionHunters,https://jmp2.uk/plu-5ede45d077746000072be0fe.m3u8
AuctionHuntersGB,https://jmp2.uk/plu-62ac50e92c48f900071444c9.m3u8
AuctionHuntersDK,https://jmp2.uk/plu-62da73c4ec46c000070f4cb1.m3u8
AuctionHuntersNO,https://jmp2.uk/plu-62da7159ca8f220008032730.m3u8
AVASeries,https://avaserieshls.wns.live/hls/stream.m3u8
Awkward,https://jmp2.uk/plu-62bc1784120ba80007935aaa.m3u8
AXNWhitePoland,http://185.227.34.179:8080/axn-white/index.m3u8
AztecaInternacional,https://azt-mun.otteravision.com/azt/mun/mun.m3u8
BabAlHara,https://shd-amg-fast.edgenextcdn.net/tx010/playlist.m3u8
BacanTeVeo,https://stmv6.voxtvhd.com.br/vacantveo2/vacantveo2/playlist.m3u8
Balabol,https://cdn-dvr.ntv.ru/Balabol/index.m3u8
高尔夫网球,http://38.75.136.137:98/gslb/dsdqpub/gefwq.m3u8?auth=%2A%2A%2A
纬来体育台,http://8.138.7.223/【公众号：榴芒电视】/wlty.m3u8
足球频道,https://epg.pw/stream/c7df950876e6a1ceb8be74ee86f9f702cebbbae29f1d15124ef8f86fd43161cf.m3u8
30ADarcizzleOffshore,https://30a-tv.com/darcizzle.m3u8
30AGolfKingdom,https://30a-tv.com/feeds/vidaa/golf.m3u8
ASpor,https://rnttwmjcin.turknet.ercdn.net/lcpmvefbyo/aspor/aspor.m3u8
ACCDigitalNetwork,https://raycom-accdn-firetv.amagi.tv/playlist.m3u8
ACISportTV,https://webstream.multistream.it/memfs/e2cb3629-c1a2-495b-b43a-9eb386f04ed8.m3u8
AfarinBaxcha,https://5dcabf026b188.streamlock.net/afarinTV/livestream/playlist.m3u8
AgroTV,https://restr2.bgtv.bg/agro/hls/agro.m3u8
AKCTV,https://broadcast.blivenyc.com/speed/broadcast/22/desktop-playlist.m3u8
AKCTVMeettheBreeds,https://install.akctvcontrol.com/speed/broadcast/139/desktop-playlist.m3u8
AKCTVPuppies,https://install.akctvcontrol.com/speed/broadcast/140/desktop-playlist.m3u8
AlIraqiaSport,https://imn-live.esite-lab.com/hls/iraqia-sports-1.m3u8
ARDBTV,https://ardbtv.ardb.com.kh:8443/tv-live/tv-online.m3u8
Arryadia,http://149.100.11.252:8000/play/a065/index.m3u8
AS3SportTV,https://streamtv.as3sport.online:3394/hybrid/play.m3u8
Astrahan.RuSport,https://streaming.astrakhan.ru/astrakhanrusporthd/playlist.m3u8
ATGLive,https://kanal75xto-llhls.akamaized.net/live/Data/atg-kanal-15-02a-rr/HLS-Legacy-HL/atg-kanal-15-02a-rr.m3u8
ATNBangla,http://tvsen5.aynascope.net/atnbangla/index.m3u8
ATNBanglaUK,https://app.ncare.live/c3VydmVyX8RpbEU9Mi8xNy8yMDE0GIDU6RgzQ6NTAgdEoaeFzbF92YWxIZTO0U0ezN1IzMyfvcGVMZEJCTEFWeVN3PTOmdFsaWRtaW51aiPhnPTI2/atnbanglauk-off.stream/playlist.m3u8
AztecaDeportesNetwork,http://181.119.66.28:8081/AZTECA-DEPORTES-HD/index.m3u8
BaanBaanTV73,https://vdo.plathong.net/live8794/live8794/playlist.m3u8
BahrainSports1,https://5c7b683162943.streamlock.net/live/ngrp:sportsone_all/playlist.m3u8
BahrainSports2,https://5c7b683162943.streamlock.net/live/ngrp:bahrainsportstwo_all/playlist.m3u8
beINSPORTSXTRA,https://bein-xtra-bein.amagi.tv/playlist.m3u8
BEKSportsWest,https://cdn3.wowza.com/5/ZWQ1K2NYTmpFbGsr/BEK-WOWZA-1/smil:BEKPRIMEW.smil/playlist.m3u8
Belarus-5,https://ngtrk.dc.beltelecom.by/ngtrk/smil:belarus5.smil/playlist.m3u8
Belarus-5Internet,https://edge59.dc.beltelecom.by/ngtrk/smil:belarus5int.smil/playlist.m3u8
BellatorMMA,https://jmp2.uk/plu-5ebc8688f3697d00072f7cf8.m3u8
BilliardTV,https://pb-wm04vonaerv0k.akamaized.net/billi.m3u8
BrondbyTV,https://jmp2.uk/plu-685029cda1e091e16ff57fc8.m3u8
CanalShowsport,https://livestream.lumpentv.com.ar/hls/lumpen.m3u8
CBSSportsGolazoNetwork,https://dai.google.com/linear/hls/event/7f3Wv6f7QEKfQna22jHqLQ/master.m3u8
CBSSportsHQ,https://jmp2.uk/plu-5e9f2c05172a0f0007db4786.m3u8
CCTVBilliards,http://38.75.136.137:98/gslb/dsdqpub/ystq.m3u8?auth=%2A%2A%2A
CiudadMagica,https://lbgo.bozztv.com/ssh101/ssh101/verycoolfgr/playlist.m3u8
ColimdoTV,https://cnn.livestreaminggroup.info:3132/live/colimdotvlive.m3u8
CricketGold,https://streams2.sofast.tv/ptnr-yupptv/title-cricketgold/v1/master/611d79b11b77e2f571934fd80ca1413453772ac7/b2048bb8-1686-4432-aa50-647245383e0c/manifest.m3u8
CTSport,http://88.212.15.19/live/test_ctsport_25p/playlist.m3u8
DAZNCombat,https://jmp2.uk/plu-64d626ac9b414d000820e2fc.m3u8
DDSports,https://d3qs3d2rkhfqrt.cloudfront.net/out/v1/b17adfe543354fdd8d189b110617cddd/index.m3u8
DeportesTVC,http://162.19.255.233:8080/play/UNbAl57p9hXZClOu56FCTYXmD-MOS3u5IUkeXPpBt80/m3u8
Dikayaokhota,http://stream.mcquack.net/274/index.m3u8
Dikayarybalka,http://stream.mcquack.net/275/index.m3u8
DraftKingsNetwork,https://na.linear.zype.com/e0bd0e23-a958-4e43-8164-4f2fef8876a8/fd3614bd-90bf-4530-a277-65ae3a1720c8-zype/live.m3u8
DSports,http://15.204.146.163:8002/play/a00g/index.m3u8
DuckHuntingTV,https://main.duckhunting.playout.vju.tv/duckhuntingtv/main.m3u8
ElMundodelCampo,https://movil.ejeserver.com/live/elmundodelcampo.m3u8
El-HeddafTV,https://live.elheddaftv.com:8081/elheddaftv/index.m3u8
Equidia,https://raw.githubusercontent.com/Paradise-91/ParaTV/main/streams/equidia/live2.m3u8
ESPN4,http://181.78.197.59:8000/play/a07n/index.m3u8
ESPN8:TheOcho,https://d3b6q2ou5kp8ke.cloudfront.net/ESPNTheOcho.m3u8
ESPN,http://181.78.197.59:8000/play/a07z/index.m3u8
ESPNews,http://41.205.93.154/ESPNNEWS/index.m3u8
ESPNU,http://85.237.89.160:9590/usa-s/ESPN-U-HD/index.m3u8
Esport3Originals,https://directes-tv-int.3catdirectes.cat/live-content/esport3-hls/master.m3u8
ExtremeSportsChannel,http://46.32.176.50/extremesport/index.m3u8
F1Channel,https://amg12058-c15studio-amg12058c1-lg-us-5787.playouts.now.amagi.tv/playlist.m3u8
Fast&FunBox,https://dash3.antik.sk/live/test_fast_and_funbox_medium_atk/playlist.m3u8
FBTV,http://1hskrdto.rocketcdn.com/fenerbahcetv.smil/playlist.m3u8
FCKLovinderne,https://jmp2.uk/plu-68ac5403de4a734954b5ab75.m3u8
FIFA+,https://jmp2.uk/plu-660c29b5aec9680008f5b4a4.m3u8
FIFA+UnitedStates,https://d2w9q46ikgrcwx.cloudfront.net/v1/master/3722c60a815c199d9c0ef36c5b73da68a62b09d1/cc-of5cbk3sav3w5/v1/sysdata_s_p_a_fifa_7/samsungheadend_us/latest/main/hls/playlist.m3u8
FightNetwork,https://d12a2vxqkkh1bo.cloudfront.net/hls/main.m3u8
FightBox,https://nosignal1.antenaplay.ro/hls/fightbox-hd/index.m3u8
FishTV,http://45.162.64.114/FISH_TV/index.m3u8
FITE24/7,https://d3d85c7qkywguj.cloudfront.net/scheduler/scheduleMaster/263.m3u8
FloHockey,https://amg02278-amg02278c2-flosports-worldwide-9916.playouts.now.amagi.tv/playlist.m3u8
FloRacing,https://amg02278-amg02278c1-flosports-worldwide-7592.playouts.now.amagi.tv/playlist.m3u8
FoxDeportes,http://23.237.104.106:8080/USA_FOX_DEPORTES/index.m3u8
FoxSports1,http://85.237.89.160:9590/usa-s/FOX-SPORTS-1/index.m3u8
FTFSports,https://1593604785.rsc.cdn77.org/FTF/FTF_SCTE.m3u8
FuboSportsNetwork,https://dnf08l6u6uxnz.cloudfront.net/master.m3u8
FUELTV,https://amg01074-fueltv-fueltvemeaen-rakuten-b6j62.amagi.tv/hls/amagi_hls_data_rakutenAA-fueltvemeaen/CDN/master.m3u8
FUELTVAU,https://amg01074-fueltv-fueltvau-samsungau-g09kq.amagi.tv/playlist/amg01074-fueltv-fueltvau-samsungau/playlist.m3u8
FUELTVUS,https://amg01074-fueltv-amg01074c1-firetv-us-3150.playouts.now.amagi.tv/playlist.m3u8
FutbolTV,http://stream3.cinerama.uz/1010/tracks-v1a1/mono.m3u8
FUTV,http://190.61.90.17:40000/play/a03v/index.m3u8
Game+,https://a-cdn.klowdtv.com/live2/fntsy_720p/playlist.m3u8
geFast,https://amg00716-globo-amg00716c1-tcl-br-9495.playouts.now.amagi.tv/playlist.m3u8
GolazoNetwork,https://jmp2.uk/plu-63a0e33a45264d000850ed7e.m3u8
GolfChannel,https://dash4.antik.sk/live/test_golf_channel/playlist.m3u8
GolfChannelLatinAmerica,http://15.204.246.24:8080/GolfChannelHD/index.m3u8
Horse&CountryTV,https://hnc-free-viewlift.amagi.tv/HNC_AUSTRALIA.m3u8
HorseTV,https://a-cdn.klowdtv.com/live2/horsetv_720p/playlist.m3u8
HTSporTV,https://ciner.daioncdn.net/ht-spor/ht-spor.m3u8?app=web
InterTV,https://d3k8wzt41aflvx.cloudfront.net/INTERTV/Live.m3u8
ItalianFishingTV,https://fms.premio.link/fishingtv/playlist.m3u8
JordanSport,https://jrtv-live.ercdn.net/jordansporthd/jordansporthd.m3u8
KTVSport,https://kwtspta.cdn.mangomolo.com/sp/smil:sp.stream.smil/chunklist.m3u8
KTVSportPlus,https://kwtsplta.cdn.mangomolo.com/spl/smil:spl.stream.smil/chunklist.m3u8
L1Max,http://190.93.224.42/LIGA-1-MAX/index.m3u8
LacrosseTV,https://a-cdn.klowdtv.com/live2/lsn_720p/playlist.m3u8
LoveNature,https://pb-ehs1glsha1juy.akamaized.net/Love_Nature_4K.m3u8
MSports,https://cdn.rabta.stream/M-Sports/index.m3u8
MadeinBOTV,https://srvx1.selftv.video/dmchannel/live/playlist.m3u8
Match!Boets,http://stream.mcquack.net/112/index.m3u8
Match!Planeta,https://fs.uplink.kz/match_planeta/mono.m3u8?token=%2A%2A%2A
人与自然,http://newcntv.qcloudcdn.com/asp/hls/1200/0303000a/3/default/1425e1d505654cb48ba82b807b221193/1200.m3u8
动物星球,http://61.221.215.25:8800/hls/57/index.m3u8
航拍中国第一季,http://newcntv.qcloudcdn.com/asp/hls/4000/0303000a/3/default/8edf3fb6a69148ea9a7dc0b5a9d99fdb/4000.m3u8
30ALoomeredTV,https://30a-tv.com/loomer.m3u8
365daysTV,http://stream.mcquack.net/70/index.m3u8
.sci-fi,http://stream.mcquack.net/180/index.m3u8
AgroCanal,http://45.162.64.114/AGRO_CANAL/index.m3u8
AlArabiyaPrograms,https://live.alarabiya.net/alarabiapublish/aaprograms.smil/playlist.m3u8
AlHiwarTV,https://mn-nl.mncdn.com/alhiwar_live/smil:alhiwar.smil/playlist.m3u8
ArchivosForenses,https://jmp2.uk/plu-5f984f4a09e92d0007d74647.m3u8
ARD-alpha,https://mcdn.br.de/br/fs/ard_alpha/hls/de/master.m3u8
Arsenal,https://stream8.cinerama.uz/1414/tracks-v1a1/mono.m3u8
AsharqDiscovery,https://svs.itworkscdn.net/asharqdiscoverylive/asharqd.smil/playlist_dvr.m3u8
AsharqDocumentary,https://svs.itworkscdn.net/asharqdocumentarylive/asharqdocumentary.smil/playlist_dvr.m3u8
Atlas,https://cdn.whiplash.cc/whiplash-atlas/index.m3u8
Backstage,https://d2ah48mnofquik.cloudfront.net/Backstage.m3u8
BemMaisTV,https://video09.logicahost.com.br/bemmaistv01/bemmaistv01/playlist.m3u8
BritBoxMysteries,https://aegis-cloudfront-1.tubi.video/c95700f8-e51c-4a36-ad46-56f70fc9f1d9/playlist.m3u8
BTBInfo,https://emisja2.btb.j00r.us/iptv/session/4/hls.m3u8
BUTV10,https://cdnapisec.kaltura.com/p/2184561/sp/218456100/playManifest/entryId/1_68qxw4eu/format/applehttp/a.m3u8
BVG,https://mumt05.tangotv.in/87NeALx2BVG/index.m3u8
CampusTV,https://5e85d90130e77.streamlock.net/6052/6052/playlist.m3u8
CanalEducacao,http://45.162.64.114/CANAL_EDUCACAO/index.m3u8
CanalFDR,https://v-us-01.wisestream.io/memfs/e4ade538-7924-4359-81ef-b9d4dd229e91.m3u8
CanalFutura,http://45.162.64.114/FUTURA/index.m3u8
CanalUniversidad,https://videostream.shockmedia.com.ar/hls/canaluniversidadmdp/canaluniversidadmdp.m3u8
CGTNDocumentary,https://amg00405-rakutentv-cgtndocumentary-rakuten-0ql8j.amagi.tv/master.m3u8
Ch4TeenDocumentary,https://ch14.tv/live/ch4teendoc/playlist.m3u8
ChinaTravel,https://fastlive.cctvplus.com/out/v1/ca6f9297b7314a63959435028af287fc/index.m3u8
CiftciTV,https://live.artidijitalmedya.com/artidijital_ciftcitv/ciftcitv/playlist.m3u8
ClassicArtsShowcase,https://classicarts.akamaized.net/hls/live/1024257/CAS/master.m3u8
ClickTVChile,https://v2.tustreaming.cl/clicktv/playlist.m3u8
CloudflareTV,https://cloudflare.tv/hls/live.m3u8
CNAOriginals,https://amg01082-cna-amg01082c1-rlaxx-us-11304.playouts.now.amagi.tv/playlist.m3u8
CosmosTV,https://video.hostingcaaguazu.com:19360/cosmostv/cosmostv.m3u8
CourtTV,https://cdn-uw2-prod.tsv2.amagi.tv/linear/amg01438-ewscrippscompan-courttv-tablo/playlist.m3u8
Create,https://create.lls.pbs.org/index.m3u8
CreateWMPT,https://2-fss-1.streamhoster.com/pl_122/amlst:201814-2122456/playlist.m3u8
Crime360,https://jmp2.uk/plu-657880c46e4f6a00087404d0.m3u8
Crimen&Historia,https://jmp2.uk/plu-64ddcbb14c5ed80008fad416.m3u8
CT2,http://88.212.15.19/live/test_ct2_25p/playlist.m3u8
CuriosityChannel,https://jmp2.uk/plu-6576c20fb3801200084786c9.m3u8
CuriosityNOWEN,https://amg00170-amg00170c4-samsung-gb-4232.playouts.now.amagi.tv/playlist.m3u8
CVCEducation,https://dlttx48mxf9m3.cloudfront.net/vod_clients/bolton/live/ch2/video.m3u8
DangerTV,https://dk0n7jh428tzj.cloudfront.net/v1/dangertv/samsungheadend_us/latest/main/hls/playlist.m3u8
Dateline24/7,https://d1si3n1st4nkgb.cloudfront.net/10502/88896029/hls/master.m3u8?ads.xumo_channelId=88896029
DDKisan,https://mumbai-edge.smartplaytv.in/DDKisan/index.m3u8
DeadlyWomen,https://d1mgh147xpmgs8.cloudfront.net/DeadlyWomen_GB.m3u8
DerryTV23,https://livestream.telvue.com/derrynh2/f7b44cfafd5c52223d5498196c8a2e7b.sdp/playlist.m3u8
DetetivesMedicos,https://jmp2.uk/plu-638df93ae2f2a3000737c168.m3u8
DiscoveringChina,https://fastlive.cctvplus.com/out/v1/8442c3bfd4c64a3984389328f6087879/index.m3u8
DKN,https://video.oct.dc.gov/out/u/DKN.m3u8
DLTV1,https://cdn-live.dltv.ac.th/dltv01.m3u8
DLTV2,https://cdn-live.dltv.ac.th/dltv02.m3u8
DLTV3,https://cdn-live.dltv.ac.th/dltv03.m3u8
DLTV4,https://cdn-live.dltv.ac.th/dltv04.m3u8
DLTV6,https://cdn-live.dltv.ac.th/dltv06.m3u8
DLTV7,https://cdn-live.dltv.ac.th/dltv07.m3u8
DLTV8,https://cdn-live.dltv.ac.th/dltv08.m3u8
DLTV9,https://cdn-live.dltv.ac.th/dltv09.m3u8
DLTV10,https://cdn-live.dltv.ac.th/dltv10.m3u8
DLTV11,https://cdn-live.dltv.ac.th/dltv11.m3u8
DLTV12,https://cdn-live.dltv.ac.th/dltv12.m3u8
DLTV13,https://cdn-live.dltv.ac.th/dltv13.m3u8
DLTV14,https://cdn-live.dltv.ac.th/dltv14.m3u8
DLTV15,https://cdn-live.dltv.ac.th/dltv15.m3u8
DocuBox,https://dash3.antik.sk/live/test_docubox_medium_atk/playlist.m3u8
Dokusat,https://muc3.iptv-playoutcenter.de/dokusat/dokusat1/playlist.m3u8
DossiersFBI,https://jmp2.uk/plu-5f8edad922b10b000753bc37.m3u8
EBCGeneralEducation,https://iptv.ebc.edu.kh/iptv/channel/1.m3u8
EBS1TV,https://ebsonair.ebs.co.kr/ebs1familypc/familypc1m/playlist.m3u8
EBS2TV,https://ebsonair.ebs.co.kr/ebs2familypc/familypc1m/playlist.m3u8
EBSEnglish,https://ebsonair.ebs.co.kr/plus3familypc/familypc1m/playlist.m3u8
EBSPlus1,https://ebsonair.ebs.co.kr/plus1familypc/familypc1m/playlist.m3u8
EBSPlus2,https://ebsonair.ebs.co.kr/plus2familypc/familypc1m/playlist.m3u8
Ecovision,https://streaming.grupomediosdelnorte.com:19360/ecovision/ecovision.m3u8
EkoTV,https://ext.cdn.nashnet.tv/228.0.1.60/index.m3u8
EnglishClubTV,https://stream8.cinerama.uz/1442/tracks-v1a1/mono.m3u8
FBIFiles,https://jmp2.uk/plu-62bdaa32a1b2fd00076693e8.m3u8
ForensicFiles,https://jmp2.uk/plu-62e92392a3e6270007f562e8.m3u8
Francophonie24,https://5421175365ea3.streamlock.net/live/smil:switch.smil/playlist.m3u8
Futura,http://168.197.104.22/FUTURA/index.m3u8
Get.factual,https://d1nhni5l2n8hjt.cloudfront.net/gf.m3u8
GillettePublicAccessTelevisionChannel189,https://securestream11.champds.com/LIVE/GilletteWYLIVE3/GilletteWYLIVE3.m3u8
GVision,https://videostream.chileservidores.com:8081/tome/index.m3u8
Gyandarshan,https://cdn.pishow.tv/ott/live/14/master.m3u8
GZT,https://gzttv-live.lg.mncdn.com/gzttv/gzttv/playlist.m3u8
HistoriaYVida,https://jmp2.uk/plu-67517f923a61d40008c451f0.m3u8
History2LatinAmerica,http://138.121.15.230:9002/HISTORY-2/index.m3u8
History2LatinAmericaBrazil,http://45.177.114.114/HISTORY_2/index.m3u8
History,http://45.177.114.114/HISTORY/index.m3u8
HistoryHit,https://lds-timeline-rakuten.amagi.tv/playlist.m3u8
HistoryLatinAmerica,http://15.204.246.24:8080/HistoryHD/index.m3u8
HistoryTV18,https://amg01448-amg01448c16-samsung-in-3495.playouts.now.amagi.tv/playlist/amg01448-samsungindia-historychannelenglish-samsungin/playlist.m3u8
ILCECanal15SummaSaberes,https://live-ilce.ovp-vivaro.digital/ovp-origin-abr/ngrp:6359ef999f3fb_all/playlist.m3u8
InkMaster,https://jmp2.uk/plu-60807fd5db701400078219c2.m3u8
InkMasterCA,https://jmp2.uk/plu-655f2d713944b60008bc7e90.m3u8
IntoCrime,https://amg00711-zylo-amg00711c10-rakuten-fr-6731.playouts.now.amagi.tv/playlist.m3u8
INWILD,https://amg00861-terninternation-inwild-samsunguk-w5wic.amagi.tv/playlist/amg00861-terninternation-inwild-samsunguk/playlist.m3u8
InWonder,https://amg00861-terninternation-inwonder-samsungau-1k63k.amagi.tv/playlist/amg00861-terninternation-inwonder-samsungau/playlist.m3u8
南国都市,http://r.jdshipin.com/nWaZO
海峡卫视,http://8.138.7.223/tv/hxws.m3u8
苏州,https://live-auth.51kandianshi.com/szgd/csztv4k_hd.m3u8
河北,https://event.pull.hebtv.com:443/live/live101.m3u8
熊猫直播,https://gcwbndali.v.myalicdn.com/gcwbnd/ipanda1000_2/index.m3u8
CCTV4美洲,http://t.061899.xyz/tl/tl.php?id=cctv4m
CCTV4欧洲,http://t.061899.xyz/tl/tl.php?id=cctv4o
CCTV发现之旅,http://t.061899.xyz/tl/tl.php?id=fxzl
CCTV老故事,http://t.061899.xyz/tl/tl.php?id=lgs
CCTV中学生,http://t.061899.xyz/tl/tl.php?id=zxs
CGTN纪录,http://t.061899.xyz/tl/tl.php?id=cgtnjl
四海钓鱼,http://t.061899.xyz/tl/tl.php?id=shdy
上视纪实人文,http://t.061899.xyz/tl/tl.php?id=shjsrw
法治天地,http://t.061899.xyz/tl/tl.php?id=fztd
劲爆体育,http://t.061899.xyz/tl/tl.php?id=jbty
魅力足球,http://t.061899.xyz/tl/tl.php?id=mlzq
乐游,http://t.061899.xyz/tl/tl.php?id=ly
七彩戏剧,http://t.061899.xyz/tl/tl.php?id=qcxj
游戏风云,http://t.061899.xyz/tl/tl.php?id=yxfy
1905电影网,http://8.138.7.223/tv/1905.php?id=LIVE8J4LTCXPI7QJ5
澳视卫星,http://r.jdshipin.com/QFhCq
美亚C+,http://ottproxy2.ist.ooo/livehls/MOB-U1-NO/03.m3u8
人间卫视,http://61.216.67.119:1935/bltvhd/bltv1/chunklist_w1266569526.m3u
ASTROAOD,http://cdn9.163189.xyz/smt1.1.php?id=Aodhd
AstroAOD,http://php.jdshipin.com/TVOD/iptv.php?id=aod
七台河新闻综合,http://live.qthnews.org.cn:1935/live/live1/800k/tzwj_video.m3u8
万荣综合,http://60.222.246.220:19433/hls1.m3u8
三明新闻综合,https://ls.qingting.fm/live/5022100/64k.m3u8
上虞文化影院,http://l.cztvcloud.com/channels/lantian/SXshangyu2/720p.m3u8
上虞新商都,http://l.cztvcloud.com/channels/lantian/SXshangyu3/720p.m3u8
上虞新闻综合,http://l.cztvcloud.com/channels/lantian/SXshangyu1/720p.m3u8?zzhed=
东丰综合,http://stream3.jlntv.cn:80/aac_dfgb/playlist.m3u8
东莞新闻综合,https://stream.sun0769.com/dgrtv1/mp4tv1_800/index.m3u8
东莞生活资讯,https://stream.sun0769.com/dgrtv1/mp4tv2_800/index.m3u8
中国蓝新闻,http://ali-m-l.cztv.com/channels/lantian/channel009/1080p.m3u8
乐至综合,http://175.155.106.72:89/live1/live1.m3u8?zsicd=
九台综合,http://stream10.jlntv.cn/jiutaitv/sd/live.m3u8
云霄综合,https://live.zzyxxw.com:2443/live/xwzh.m3u8
井研综合,http://tvfile.jyrmt.cn/nmip-media/channellive/channel104452/playlist.m3u8
亳州农村,http://zbbf2.ahbztv.com/live/418.m3u8
仁寿综合,https://play.scrstv.com.cn/DT/live.m3u8?auth_key=%2A%2A%2A
任丘综合,https://jwcdnqx.hebyun.com.cn/live/rqtv1/1500k/tzwj_video.m3u8
伊犁哈萨克,http://110.153.180.106:55555/out_3/index.m3u8
伊犁经济法治,http://110.153.180.106:55555/out_4/index.m3u8
伊犁维吾尔,http://110.153.180.106:55555/out_2/index.m3u8
余杭未来E,http://l.cztvcloud.com/channels/lantian/SXyuhang3/720p.m3u8
六安公共,http://ls.qingting.fm/live/1794199.m3u8
六安新闻综合,http://ls.qingting.fm/live/267.m3u8
兴隆综合,https://jwcdnqx.hebyun.com.cn/live/xlzh/1500k/tzwj_video.m3u8
兵团五师双河新闻综合,http://liveout.btzx.com.cn/62ds9e/4nxdih.m3u8?fbl=
南京教科,http://nklive.nbs.cn/hls/75b3c462-b831-4de7-a34b-5d3221db2069/index.m3u8
南京新闻综合,http://nklive.nbs.cn/hls/d511bc9d-a694-4453-b3a2-4fc842cc97a1/index.m3u8
南宁都市生活,http://615bbf179ba53515dccad7b1da5d1ad9.livehwc3.cn/hls.nntv.cn/nnlive/WLSH_24.m3u8?sub_m3u8=true&edge_slice=true&user_session_id=2598844eaee8a4265e706fc14b3fc11d
双辽综合,http://stream3.jlntv.cn:80/aac_slgb/playlist.m3u8
古县综合,https://l2fpdktp.live.sxmty.com/live/hls/e4c3b363cc4549788e2d983f403e07db/d99ce1eb686e41b9afc888110bd95aa7.m3u8?zshanxd=
句容党建,http://jrlive.jrntv.com/live/_definst_/dangjians/playlist.m3u8?%E5%85%B3%E6%B3%A8%E5%BE%AE%E4%BF%A1%E5%85%AC%E4%BC%97%E5%8F%B7%5B%E6%99%B4%E5%9B%AD%5D=
句容影院,http://jrlive.jrntv.com/live/_definst_/yingshis/chunklist_w1994429382.m3u8?zjiangsd=
句容生活,http://jrlive.jrntv.com/live/_definst_/shenghuos/playlist.m3u8?%E5%85%B3%E6%B3%A8%E5%BE%AE%E4%BF%A1%E5%85%AC%E4%BC%97%E5%8F%B7%5B%E6%99%B4%E5%9B%AD%5D=
可克达拉综合,http://file.loulannews.cn/nmip-media/channellive/channel103824/playlist.m3u8
名山综合,https://m3u8channel-bx.yunxya.com/nmip-media/channellive/channel104666/playlist.m3u8
哈尔滨娱乐,https://stream.hrbtv.net/ylpd/sd/live.m3u8
哈尔滨新闻综合,http://stream.hrbtv.net/xwzh/sd/live.m3u8?zheild=
哈尔滨生活,http://stream.hrbtv.net/shpd/sd/live.m3u8?zheild=
哈尔滨资讯,http://stream.hrbtv.net/zxpd/sd/live.m3u8
哈尔滨都市咨询,http://stream.hrbtv.net/zxpd/sd/live.m3u8?zheild=
嘉兴新闻综合,http://live.zohi.tv/video/s10001-fztv-1/index.m3u8
嘉峪关综合,http://play.kankanlive.com/live/1720583434627241.m3u8
固镇新闻,http://www.guzhenm.com:7001/hls/hd-live.m3u8
大宁综合,http://live.daningtv.com/aac_dngb/playlist.m3u8
天祝综合,https://play.kankanlive.com/live/1656487214793905.m3u8
太谷新闻综合,https://p2.vzan.com/slowlive/596867413819827251/live.m3u8?zbid=1725814272&tpid=1516989100&type=0
奎屯哈萨克语,http://218.84.12.186:8002/hls/main/playlist.m3u8?zxinjd=
安徽导视,http://dspdhls.appcoo.com:8888/live/dspd/index.m3u8
山东生活,http://ls.qingting.fm/live/60260.m3u8
嵊泗综合,http://l.cztvcloud.com/channels/lantian/SXshengsi1/720p.m3u8
平泉综合,https://jwcdnqx.hebyun.com.cn/live/pqzh/1500k/tzwj_video.m3u8
平湖新闻综合,http://l.cztvcloud.com/channels/lantian/SXpinghu1/720p.m3u8?zzhed=
广东民生,http://183.11.239.36:808/hls/18/index.m3u8
广安公共,http://live1.gatv.com.cn:85/live/GGPD_ggpdzm.m3u8
广州综合,http://r.jdshipin.com/iR6Gq
广德生活,https://live.gdtv.ah.cn/live/newsTV.m3u8
广西国际,https://hlscdn.liangtv.cn/live/0234c48e0bc24fe1b41b9999a253e581/1075ee38e04f490690f6a36a16e09c79.m3u8
延边2,http://stream5.jlntv.cn/wq/playlist.m3u8
开化国家公园,http://l.cztvcloud.com/channels/lantian/SXkaihua2/720p.m3u8
开化新闻综合,http://l.cztvcloud.com/channels/lantian/SXkaihua1/720p.m3u8?zzhed=
张掖新闻综合,https://play.kankanlive.com/live/1720583434627241.m3u8
德惠综合,http://stream11.jlntv.cn/dehuitv/sd/live.m3u8
敦化一套,http://stream8.jlntv.cn/dhtv/playlist.m3u8
文成新闻综合,http://l.cztvcloud.com/channels/lantian/SXwencheng1/720p.m3u8
新昌生活,http://l.cztvcloud.com/channels/lantian/SXxinchang2/720p.m3u8
新沂新闻,http://live.xysrmt.cn/xwzh/sd/live.m3u8?zjiangsd%22=
新沂生活,http://live.xysrmt.cn/shpd/sd/live.m3u8?zjiangsd=
新闻综合,https://m3u8channel.yunxya.com/nmip-media/channellive/channel100028/playlist.m3u8
昌黎综合,https://jwcdnqx.hebyun.com.cn/live/clzhpd/1500k/tzwj_video.m3u8
易门综合,https://zb-live.ynurl.com/yimen/3b75a2f9-7941-46b7-992d-a9796fbca5fe.m3u8
晋江电视台,http://stream.jinjiang.tv/1/sd/live.m3u8?zfud=
普陀电视台,https://l.cztvcloud.com/channels/lantian/SXputuo1/720p.m3u8
来宾综合,http://zb.gxlbamc.com:1935/live/lbzh.stream/playlist.m3u8
松潘新闻综合,http://live.spccmc.com:90/live/spxwzh.m3u8
柳河综合,http://stream3.jlntv.cn:80/aac_lhgb/sd/live.m3u8
桦甸综合,http://stream9.jlntv.cn:80/aac_huadiangb/playlist.m3u8
梅河口综合,http://stream3.jlntv.cn:80/aac_mhkgb/playlist.m3u8
梨园,https://dxtx.hntv.tv/live/lypd.m3u8?txSecret=%2A%2A%2A&txTime=7B923E0A&wsSecret=%2A%2A%2A&wsTime=1769313549
武义新闻综合,http://l.cztvcloud.com/channels/lantian/SXwuyi1/720p.m3u8
武汉一台新闻综合,https://ls.qingting.fm/live/20198/64k.m3u8
武进新闻,https://live.wjyanghu.com/live/CH1.m3u8
武进生活,http://live.wjyanghu.com/live/CH2.m3u8
永昌综合,https://play.kankanlive.com/live/1652755738635915.m3u8
江夏新闻综合,http://59.175.226.142:280/gb28181/xwzh.m3u8?zhubd=
汪清综合,http://stream5.jlntv.cn/wq/sd/live.m3u8
汶川新闻综合,http://live.iwcmt.cn:90/live/zhxw.m3u8
河源公共,http://tmpstream.hyrtv.cn/hygg/sd/live.m3u8
河源综合,http://tmpstream.hyrtv.cn/xwzh/sd/live.m3u8
洞头综合,http://l.cztvcloud.com/channels/lantian/SXdongtou1/720p.m3u8
津南一套,http://play.jinnantv.top/live/JNTV1.m3u8?ztianjd=
浙江休闲台,http://ali-m-l.cztv.com/channels/lantian/channel006/720p.m3u8
浙江公共新闻,http://ali-m-l.cztv.com/channels/lantian/channel007/1080p.m3u8
浙江国际,https://ali-m-l.cztv.com/channels/lantian/channel010/1080p.m3u8
浙江教科,http://ali-m-l.cztv.com/channels/lantian/channel004/1080p.m3u8
浙江数码时代,http://ali-m-l.cztv.com/channels/lantian/channel12/720p.m3u8
浙江生活,http://ls.qingting.fm/live/1099.m3u8
浙江经视,http://ali-m-l.cztv.com/channels/lantian/channel003/720p.m3u8
浙江遂昌,http://l.cztvcloud.com/channels/lantian/SXsuichang1/720p.m3u8
海宁新闻综合,https://p2hs.vzan.com/slowlive/317913155078575177/live.m3u8
渭源新闻,http://play.kankanlive.com/live/1720408280309109.m3u8
CCTV5测试,http://119.125.104.183:9901/tsfile/live/1074_1.m3u8?key=%2A%2A%2A&playlive=1&down=1
CCTV9测试,http://119.125.104.183:9901/tsfile/live/1075_1.m3u8?key=%2A%2A%2A&playlive=1&down=1
CCTV世界地理,http://59.32.97.146:9901/tsfile/live/1008_1.m3u8?key=%2A%2A%2A&playlive=1&authid=%2A%2A%2A
CCTV怀旧剧场,http://59.32.97.146:9901/tsfile/live/1006_1.m3u8?key=%2A%2A%2A&playlive=1&authid=%2A%2A%2A
CCTV文化精品,http://59.32.97.146:9901/tsfile/live/1041_1.m3u8?key=%2A%2A%2A&playlive=1&authid=%2A%2A%2A
CCTV第一剧场,http://59.32.97.146:9901/tsfile/live/1040_1.m3u8?key=%2A%2A%2A&playlive=1&authid=%2A%2A%2A
CCTV风云剧场,http://59.32.97.146:9901/tsfile/live/1042_1.m3u8?key=%2A%2A%2A&playlive=1&authid=%2A%2A%2A
北京卫视4K,http://121.19.134.202:808/tsfile/live/0122_1.m3u8?key=%2A%2A%2A&playlive=1&authid=%2A%2A%2A
兵团卫视,http://59.32.97.146:9901/tsfile/live/0115_1.m3u8?key=%2A%2A%2A&playlive=1&authid=%2A%2A%2A
兵团卫视,http://121.19.134.147:808/tsfile/live/0115_1.m3u8?key=%2A%2A%2A&playlive=1&authid=%2A%2A%2A
厦门卫视,http://59.32.97.146:9901/tsfile/live/0129_1.m3u8?key=%2A%2A%2A&playlive=1&authid=%2A%2A%2A
厦门卫视,http://125.93.74.27:9002/tsfile/live/0129_1.m3u8?key=%2A%2A%2A&playlive=1&authid=%2A%2A%2A
厦门卫视,http://125.42.151.95:9901/tsfile/live/0125_1.m3u8?key=%2A%2A%2A&playlive=1&authid=%2A%2A%2A
吉林延边卫视,http://59.32.97.146:9901/tsfile/live/1002_1.m3u8?key=%2A%2A%2A&playlive=1&authid=%2A%2A%2A
大湾区卫视,http://59.32.97.146:9901/tsfile/live/1026_1.m3u8?key=%2A%2A%2A&playlive=1&authid=%2A%2A%2A
CETV1,http://59.32.97.146:9901/tsfile/live/1032_1.m3u8?key=%2A%2A%2A&playlive=1&authid=%2A%2A%2A
CETV1,http://121.19.134.202:808/tsfile/live/1035_1.m3u8?key=%2A%2A%2A&playlive=1&authid=%2A%2A%2A
CETV2,http://59.32.97.146:9901/tsfile/live/1033_1.m3u8?key=%2A%2A%2A&playlive=1&authid=%2A%2A%2A
CETV2,http://121.19.134.202:808/tsfile/live/1038_1.m3u8?key=%2A%2A%2A&playlive=1&authid=%2A%2A%2A
4K超,http://59.32.97.146:9901/tsfile/live/1022_1.m3u8?key=%2A%2A%2A&playlive=1&authid=%2A%2A%2A
CETV4,http://59.32.97.146:9901/tsfile/live/1034_1.m3u8?key=%2A%2A%2A&playlive=1&authid=%2A%2A%2A
CETV早期教育,http://59.32.97.146:9901/tsfile/live/1038_1.m3u8?key=%2A%2A%2A&playlive=1&authid=%2A%2A%2A
CGTN,http://121.19.134.202:808/tsfile/live/1005_1.m3u8?key=%2A%2A%2A&playlive=1&authid=%2A%2A%2A
CGTN今日世界,http://59.32.97.146:9901/tsfile/live/1036_1.m3u8?key=%2A%2A%2A&playlive=1&authid=%2A%2A%2A
CGTN英语,http://59.32.97.146:9901/tsfile/live/1012_1.m3u8?key=%2A%2A%2A&playlive=1&authid=%2A%2A%2A
CGTN西班牙语,http://59.32.97.146:9901/tsfile/live/1015_1.m3u8?key=%2A%2A%2A&playlive=1&authid=%2A%2A%2A
五华台,http://119.125.104.183:9901/tsfile/live/1000_1.m3u8?key=%2A%2A%2A&playlive=1&down=1
保定新闻综合,http://121.19.134.202:808/tsfile/live/1007_1.m3u8?key=%2A%2A%2A&playlive=1&authid=%2A%2A%2A
保定生活健康,http://121.19.134.202:808/tsfile/live/1009_1.m3u8?key=%2A%2A%2A&playlive=1&authid=%2A%2A%2A
兵团卫,http://119.125.104.183:9901/tsfile/live/1062_1.m3u8?key=%2A%2A%2A&playlive=1&down=1
内蒙古,http://59.32.97.146:9901/tsfile/live/1020_1.m3u8?key=%2A%2A%2A&playlive=1&authid=%2A%2A%2A
凤凰资讯,http://119.125.104.183:9901/tsfile/live/1037_1.m3u8?key=%2A%2A%2A&playlive=1&down=1
卡酷动画,http://125.93.74.27:9002/tsfile/live/1005_1.m3u8?key=%2A%2A%2A&playlive=1&authid=%2A%2A%2A
吉视生活,http://119.51.64.185:9901/tsfile/live/1002_1.m3u8?key=%2A%2A%2A&playlive=0&authid=%2A%2A%2A
哈哈炫动,http://59.32.97.146:9901/tsfile/live/1019_1.m3u8?key=%2A%2A%2A&playlive=1&authid=%2A%2A%2A
嘉佳卡通,http://59.32.97.146:9901/tsfile/live/1027_1.m3u8?key=%2A%2A%2A&playlive=1&authid=%2A%2A%2A
嘉佳卡通,http://123.163.21.235:9901/tsfile/live/1009_1.m3u8?key=%2A%2A%2A&playlive=1&authid=%2A%2A%2A
国学,http://59.32.97.146:9901/tsfile/live/1023_1.m3u8?key=%2A%2A%2A&playlive=1&authid=%2A%2A%2A
天映,http://119.125.104.183:9901/tsfile/live/1043_1.m3u8?key=%2A%2A%2A&playlive=1&down=1
客家生活,http://59.32.97.146:9901/tsfile/live/1005_1.m3u8?key=%2A%2A%2A&playlive=1&authid=%2A%2A%2A
山东教育,http://121.19.134.202:808/tsfile/live/1033_1.m3u8?key=%2A%2A%2A&playlive=1&authid=%2A%2A%2A
岭南戏曲,http://59.32.97.146:9901/tsfile/live/1029_1.m3u8?key=%2A%2A%2A&playlive=1&authid=%2A%2A%2A
广东体育,http://59.32.97.146:9901/tsfile/live/1007_1.m3u8?key=%2A%2A%2A&playlive=1&authid=%2A%2A%2A
广东体育,http://125.93.74.27:9002/tsfile/live/0140_1.m3u8?key=%2A%2A%2A&playlive=1&authid=%2A%2A%2A
广东少儿,http://59.32.97.146:9901/tsfile/live/1010_1.m3u8?key=%2A%2A%2A&playlive=1&authid=%2A%2A%2A
广东影视,http://59.32.97.146:9901/tsfile/live/1009_1.m3u8?key=%2A%2A%2A&playlive=1&authid=%2A%2A%2A
广东新闻,http://125.93.74.27:9002/tsfile/live/1001_1.m3u8?key=%2A%2A%2A&playlive=1&authid=%2A%2A%2A
广东珠江,http://119.125.104.183:9901/tsfile/live/1007_1.m3u8?key=%2A%2A%2A&playlive=1&down=1
广东珠江台,http://59.32.97.146:9901/tsfile/live/1003_1.m3u8?key=%2A%2A%2A&playlive=1&authid=%2A%2A%2A
新动漫,http://59.32.97.146:9901/tsfile/live/1052_1.m3u8?key=%2A%2A%2A&playlive=1&authid=%2A%2A%2A
欢腾购物,http://1.198.67.80:9901/tsfile/live/1006_1.m3u8?key=%2A%2A%2A&playlive=1&authid=%2A%2A%2A
武术世界,http://1.197.251.162:9901/tsfile/live/1012_1.m3u8?key=%2A%2A%2A&playlive=1&authid=%2A%2A%2A
河北少儿科教,http://121.19.134.147:808/tsfile/live/1003_1.m3u8?key=%2A%2A%2A&playlive=1&authid=%2A%2A%2A
河北少儿科教,http://121.19.134.202:808/tsfile/live/1003_1.m3u8?key=%2A%2A%2A&playlive=1&authid=%2A%2A%2A
河北影视剧,http://121.19.134.202:808/tsfile/live/1002_1.m3u8?key=%2A%2A%2A&playlive=1&authid=%2A%2A%2A
河北经济生活,http://121.19.134.202:808/tsfile/live/1000_1.m3u8?key=%2A%2A%2A&playlive=1&authid=%2A%2A%2A
河北都市,http://121.19.134.202:808/tsfile/live/1001_1.m3u8?key=%2A%2A%2A&playlive=1&authid=%2A%2A%2A
河南公共,http://123.163.21.235:9901/tsfile/live/1008_1.m3u8?key=%2A%2A%2A&playlive=1&authid=%2A%2A%2A
河南公共,http://1.198.67.80:9901/tsfile/live/1007_1.m3u8?key=%2A%2A%2A&playlive=1&authid=%2A%2A%2A
河南公共,http://1.197.251.162:9901/tsfile/live/1007_1.m3u8?key=%2A%2A%2A&playlive=1&authid=%2A%2A%2A
河南新农村,http://1.198.67.80:9901/tsfile/live/1008_1.m3u8?key=%2A%2A%2A&playlive=1&authid=%2A%2A%2A
河南新闻,http://123.163.21.235:9901/tsfile/live/1007_1.m3u8?key=%2A%2A%2A&playlive=1&authid=%2A%2A%2A
河南新闻,http://1.198.67.80:9901/tsfile/live/1005_1.m3u8?key=%2A%2A%2A&playlive=1&authid=%2A%2A%2A
河南新闻,http://1.197.251.162:9901/tsfile/live/1005_1.m3u8?key=%2A%2A%2A&playlive=1&authid=%2A%2A%2A
河南民生,http://125.43.244.2:9901/tsfile/live/1002_1.m3u8?key=%2A%2A%2A&playlive=1&authid=%2A%2A%2A
河南民生,http://123.163.21.235:9901/tsfile/live/1004_1.m3u8?key=%2A%2A%2A&playlive=1&authid=%2A%2A%2A
河南民生,http://1.197.251.162:9901/tsfile/live/1002_1.m3u8?key=%2A%2A%2A&playlive=1&authid=%2A%2A%2A
河南法制,http://123.163.21.235:9901/tsfile/live/1005_1.m3u8?key=%2A%2A%2A&playlive=1&authid=%2A%2A%2A
河南法制,http://1.198.67.80:9901/tsfile/live/1003_1.m3u8?key=%2A%2A%2A&playlive=1&authid=%2A%2A%2A
河南法制,http://1.197.251.162:9901/tsfile/live/1003_1.m3u8?key=%2A%2A%2A&playlive=1&authid=%2A%2A%2A
河南法制报道,http://182.114.50.112:9901/tsfile/live/1002_1.m3u8?key=%2A%2A%2A&playlive=1&authid=%2A%2A%2A
河南电视剧,http://123.163.21.235:9901/tsfile/live/1006_1.m3u8?key=%2A%2A%2A&playlive=1&authid=%2A%2A%2A
河南电视剧,http://1.198.67.80:9901/tsfile/live/1004_1.m3u8?key=%2A%2A%2A&playlive=1&authid=%2A%2A%2A
河南都市,http://125.43.244.2:9901/tsfile/live/1001_1.m3u8?key=%2A%2A%2A&playlive=1&authid=%2A%2A%2A
河南都市,http://123.163.21.235:9901/tsfile/live/1003_1.m3u8?key=%2A%2A%2A&playlive=1&authid=%2A%2A%2A
河南都市,http://1.198.67.80:9901/tsfile/live/1001_1.m3u8?key=%2A%2A%2A&playlive=1&authid=%2A%2A%2A
涿州新闻,http://121.19.134.147:808/tsfile/live/1010_1.m3u8?key=%2A%2A%2A&playlive=1&authid=%2A%2A%2A
湖南公共,http://124.228.160.112:9901/tsfile/live/0012_1.m3u8?key=%2A%2A%2A&playlive=1&authid=%2A%2A%2A
湖南电影,http://124.228.160.112:9901/tsfile/live/1000_1.m3u8?key=%2A%2A%2A&playlive=1&authid=%2A%2A%2A
湖南都市,http://124.228.160.112:9901/tsfile/live/1044_1.m3u8?key=%2A%2A%2A&playlive=1&authid=%2A%2A%2A
现代教育,http://59.32.97.146:9901/tsfile/live/1014_1.m3u8?key=%2A%2A%2A&playlive=1&authid=%2A%2A%2A
福建东南,http://1.197.251.162:9901/tsfile/live/1018_1.m3u8?key=%2A%2A%2A&playlive=1&authid=%2A%2A%2A
经济科教,http://119.125.104.183:9901/tsfile/live/1069_1.m3u8?key=%2A%2A%2A&playlive=1&down=1
老故事,http://59.32.97.146:9901/tsfile/live/1025_1.m3u8?key=%2A%2A%2A&playlive=1&authid=%2A%2A%2A
财富天下,http://59.32.97.146:9901/tsfile/live/1021_1.m3u8?key=%2A%2A%2A&playlive=1&authid=%2A%2A%2A
金鹰纪实,http://121.19.134.147:808/tsfile/live/1028_1.m3u8?key=%2A%2A%2A&playlive=1&authid=%2A%2A%2A
金鹰纪实,http://121.19.134.202:808/tsfile/live/1037_1.m3u8?key=%2A%2A%2A&playlive=1&authid=%2A%2A%2A
魅力音乐,http://125.43.244.2:9901/tsfile/live/1000_1.m3u8?key=%2A%2A%2A&playlive=1&authid=%2A%2A%2A
Github「使用说明」,https://raw.githubusercontent.com/YanG-1989/m3u/refs/heads/main/hosts.txt
睛彩广场舞「移动」,http://gslbserv.itv.cmvideo.cn/index.m3u8?channel-id=FifastbLive&Contentid=3000000020000011523&livemode=1&stbId=YanG-1989
睛彩青少「移动」,http://gslbserv.itv.cmvideo.cn/index.m3u8?channel-id=FifastbLive&Contentid=3000000020000011525&livemode=1&stbId=YanG-1989
睛彩竞技「移动」,http://gslbserv.itv.cmvideo.cn/index.m3u8?channel-id=FifastbLive&Contentid=3000000020000011528&livemode=1&stbId=YanG-1989
睛彩篮球「移动」,http://gslbserv.itv.cmvideo.cn/index.m3u8?channel-id=FifastbLive&Contentid=3000000020000011529&livemode=1&stbId=YanG-1989
咪咕直播 𝟜𝕂-𝟙「移动」,http://gslbserv.itv.cmvideo.cn/index.m3u8?channel-id=FifastbLive&Contentid=3000000010000005180&livemode=1&stbId=YanG-1989
咪咕直播 𝟜𝕂-𝟚「移动」,http://gslbserv.itv.cmvideo.cn/index.m3u8?channel-id=FifastbLive&Contentid=3000000010000015686&livemode=1&stbId=YanG-1989
咪咕直播 𝟙「移动」,http://gslbserv.itv.cmvideo.cn/index.m3u8?channel-id=FifastbLive&Contentid=3000000001000005308&livemode=1&stbId=YanG-1989
咪咕直播 𝟚「移动」,http://gslbserv.itv.cmvideo.cn/index.m3u8?channel-id=FifastbLive&Contentid=3000000001000005969&livemode=1&stbId=YanG-1989
咪咕直播 𝟛「移动」,http://gslbserv.itv.cmvideo.cn/index.m3u8?channel-id=FifastbLive&Contentid=3000000001000007218&livemode=1&stbId=YanG-1989
咪咕直播 𝟜「移动」,http://gslbserv.itv.cmvideo.cn//index.m3u8?channel-id=FifastbLive&Contentid=3000000001000008001&livemode=1&stbId=YanG-1989
咪咕直播 𝟝「移动」,http://gslbserv.itv.cmvideo.cn/index.m3u8?channel-id=FifastbLive&Contentid=3000000001000008176&livemode=1&stbId=YanG-1989
咪咕直播 𝟞「移动」,http://gslbserv.itv.cmvideo.cn/index.m3u8?channel-id=FifastbLive&Contentid=3000000001000008379&livemode=1&stbId=YanG-1989
咪咕直播 𝟟「移动」,http://gslbserv.itv.cmvideo.cn/index.m3u8?channel-id=FifastbLive&Contentid=3000000001000010129&livemode=1&stbId=YanG-1989
咪咕直播 𝟠「移动」,http://gslbserv.itv.cmvideo.cn/index.m3u8?channel-id=FifastbLive&Contentid=3000000001000010948&livemode=1&stbId=YanG-1989
咪咕直播 𝟡「移动」,http://gslbserv.itv.cmvideo.cn/index.m3u8?channel-id=FifastbLive&Contentid=3000000001000028638&livemode=1&stbId=YanG-1989
咪咕直播 𝟙𝟘「移动」,http://gslbserv.itv.cmvideo.cn/index.m3u8?channel-id=FifastbLive&Contentid=3000000001000031494&livemode=1&stbId=YanG-1989
咪咕直播 𝟙𝟙「移动」,http://gslbserv.itv.cmvideo.cn/index.m3u8?channel-id=FifastbLive&Contentid=3000000010000000097&livemode=1&stbId=YanG-1989
咪咕直播 𝟙𝟚「移动」,http://gslbserv.itv.cmvideo.cn/index.m3u8?channel-id=FifastbLive&Contentid=3000000010000002019&livemode=1&stbId=YanG-1989
咪咕直播 𝟙𝟛「移动」,http://gslbserv.itv.cmvideo.cn/index.m3u8?channel-id=FifastbLive&Contentid=3000000010000002809&livemode=1&stbId=YanG-1989
咪咕直播 𝟙𝟜「移动」,http://gslbserv.itv.cmvideo.cn/index.m3u8?channel-id=FifastbLive&Contentid=3000000010000003915&livemode=1&stbId=YanG-1989
咪咕直播 𝟙𝟝「移动」,http://gslbserv.itv.cmvideo.cn/index.m3u8?channel-id=FifastbLive&Contentid=3000000010000004193&livemode=1&stbId=YanG-1989
咪咕直播 𝟙𝟞「移动」,http://gslbserv.itv.cmvideo.cn/index.m3u8?channel-id=FifastbLive&Contentid=3000000010000005837&livemode=1&stbId=YanG-1989
咪咕直播 𝟙𝟟「移动」,http://gslbserv.itv.cmvideo.cn/index.m3u8?channel-id=FifastbLive&Contentid=3000000010000006077&livemode=1&stbId=YanG-1989
咪咕直播 𝟙𝟠「移动」,http://gslbserv.itv.cmvideo.cn/index.m3u8?channel-id=FifastbLive&Contentid=3000000010000006658&livemode=1&stbId=YanG-1989
咪咕直播 𝟙𝟡「移动」,http://gslbserv.itv.cmvideo.cn/index.m3u8?channel-id=FifastbLive&Contentid=3000000010000009788&livemode=1&stbId=YanG-1989
咪咕直播 𝟚𝟘「移动」,http://gslbserv.itv.cmvideo.cn/index.m3u8?channel-id=FifastbLive&Contentid=3000000010000010833&livemode=1&stbId=YanG-1989
咪咕直播 𝟚𝟙「移动」,http://gslbserv.itv.cmvideo.cn/index.m3u8?channel-id=FifastbLive&Contentid=3000000010000011297&livemode=1&stbId=YanG-1989
咪咕直播 𝟚𝟚「移动」,http://gslbserv.itv.cmvideo.cn/index.m3u8?channel-id=FifastbLive&Contentid=3000000010000011518&livemode=1&stbId=YanG-1989
咪咕直播 𝟚𝟛「移动」,http://gslbserv.itv.cmvideo.cn/index.m3u8?channel-id=FifastbLive&Contentid=3000000010000012558&livemode=1&stbId=YanG-1989
咪咕直播 𝟚𝟜「移动」,http://gslbserv.itv.cmvideo.cn/index.m3u8?channel-id=FifastbLive&Contentid=3000000010000012616&livemode=1&stbId=YanG-1989
咪咕直播 𝟚𝟝「移动」,http://gslbserv.itv.cmvideo.cn/index.m3u8?channel-id=FifastbLive&Contentid=3000000010000015470&livemode=1&stbId=YanG-1989
咪咕直播 𝟚𝟞「移动」,http://gslbserv.itv.cmvideo.cn/index.m3u8?channel-id=FifastbLive&Contentid=3000000010000015560&livemode=1&stbId=YanG-1989
咪咕直播 𝟚𝟟「移动」,http://gslbserv.itv.cmvideo.cn/index.m3u8?channel-id=FifastbLive&Contentid=3000000010000019839&livemode=1&stbId=YanG-1989
咪咕直播 𝟚𝟠「移动」,http://gslbserv.itv.cmvideo.cn/index.m3u8?channel-id=FifastbLive&Contentid=3000000010000021904&livemode=1&stbId=YanG-1989
咪咕直播 𝟚𝟡「移动」,http://gslbserv.itv.cmvideo.cn/index.m3u8?channel-id=FifastbLive&Contentid=3000000010000023434&livemode=1&stbId=YanG-1989
咪咕直播 𝟛𝟘「移动」,http://gslbserv.itv.cmvideo.cn/index.m3u8?channel-id=FifastbLive&Contentid=3000000010000025380&livemode=1&stbId=YanG-1989
咪咕直播 𝟛𝟙「移动」,http://gslbserv.itv.cmvideo.cn/index.m3u8?channel-id=FifastbLive&Contentid=3000000010000027691&livemode=1&stbId=YanG-1989
咪咕直播 𝟛𝟚「移动」,http://gslbserv.itv.cmvideo.cn/index.m3u8?channel-id=FifastbLive&Contentid=3000000020000011518&livemode=1&stbId=YanG-1989
咪咕直播 𝟛𝟛「移动」,http://gslbserv.itv.cmvideo.cn/index.m3u8?channel-id=FifastbLive&Contentid=3000000020000011519&livemode=1&stbId=YanG-1989
咪咕直播 𝟛𝟜「移动」,http://gslbserv.itv.cmvideo.cn/index.m3u8?channel-id=FifastbLive&Contentid=3000000020000011520&livemode=1&stbId=YanG-1989
咪咕直播 𝟛𝟝「移动」,http://gslbserv.itv.cmvideo.cn/index.m3u8?channel-id=FifastbLive&Contentid=3000000020000011521&livemode=1&stbId=YanG-1989
咪咕直播 𝟛𝟞「移动」,http://gslbserv.itv.cmvideo.cn/index.m3u8?channel-id=FifastbLive&Contentid=3000000020000011522&livemode=1&stbId=YanG-1989
千禧经典台,http://cdn3.123.rr.kg/stream/live/tvbc/
八度空间,http://cdn6.123.rr.kg/163189/8tv
CH5,http://cdn6.123.rr.kg/163189/ch5
CH8,http://cdn6.123.rr.kg/163189/ch8
CHU,http://cdn6.123.rr.kg/163189/chu
TVB星河1,http://cdn3.123.rr.kg/stream/live/tvbxh/
TVB星河2,http://cdn6.123.rr.kg/163189/tvbxh
TVB星河3,http://cdn10.123.rr.kg/163189/xinghe/
华丽翡翠台1,http://cdn6.123.rr.kg/163189/hlfct
华丽翡翠台2,http://cdn3.123.rr.kg/stream/live/hlt/
翡翠剧集台,http://cdn6.123.rr.kg/163189/tvbd
天映频道,http://cdn3.123.rr.kg/stream/live/typd/
天映新加坡,http://cdn10.123.rr.kg/163189/typd/
AOD,http://cdn3.123.rr.kg/stream/live/aod/
欢喜台,http://cdn3.123.rr.kg/stream/live/hxt/
爱奇艺,http://cdn3.123.rr.kg/stream/live/iqiyi/
天映经典台2,http://cdn10.123.rr.kg/163189/ccm/
TVB1,http://cdn6.123.rr.kg/163189/tvb1
TVBJ1,http://cdn6.123.rr.kg/163189/j1
TVB Plus(字幕),http://cdn3.123.rr.kg/stream/tvb/tvbp/
无线新闻台1,http://cdn6.123.rr.kg/163189/wxxw
无线新闻台2,http://cdn6.123.rr.kg/163189/wxxwt
TVB娱乐新闻台,http://cdn6.123.rr.kg/163189/ylxw
NOW新闻台,http://cdn.123.rr.kg/163189/now
TVB亚洲武侠,http://cdn6.123.rr.kg/163189/yzwx
ViuTV,http://cdn10.123.rr.kg/163189/viu/
ViuTVsix,http://cdn10.123.rr.kg/163189/viu6/
凤凰资讯,http://cdn6.123.rr.kg/163189/fhzx
HOY TV,http://cdn6.123.rr.kg/163189/hoy
HOY TV,http://cdn.123.rr.kg/163189/hoy
HOY资讯台,http://cdn.123.rr.kg/163189/hoy78
HOY国际财经台,https://cdn11.163189.xyz/163189/hoy76
RTHK31,http://cdn.123.rr.kg/163189/rthk31
RTHK32,http://cdn.123.rr.kg/163189/rthk32
澳视澳门,http://cdn6.123.rr.kg/163189/asam
澳视卫星,http://cdn6.123.rr.kg/163189/as
澳门体育,http://cdn6.123.rr.kg/163189/amty
澳门综艺,http://cdn6.123.rr.kg/163189/amzy
澳门莲花,http://cdn6.123.rr.kg/163189/amlh
Astro AEC,http://cdn3.123.rr.kg/stream/live/aec/
TVB Plus(WebVTT字幕),http://cdn10.123.rr.kg/163189/tvbp/
黄金华剧台(WebVTT字幕),http://cdn10.123.rr.kg/163189/hjhjt/
广东珠江,http://cdn2.123.rr.kg/163189/gdzj
广东体育,http://cdn2.123.rr.kg/163189/gdty
广州综合,http://cdn16.123.rr.kg/163189/gzzh
广州新闻,http://cdn16.123.rr.kg/163189/gzxw
广州南国都市,https://cdn15.163189.xyz/163189/ngds
重温经典1,http://cdn6.123.rr.kg/163189/cwjd
重温经典2,http://cdn16.123.rr.kg/163189/cwjd
海峡卫视1,http://cdn10.123.rr.kg/163189/hxws/
海峡卫视2,http://cdn16.123.rr.kg/163189/hxws
CCTV1@,http://f.123.rr.kg/163189/cctv1
CCTV2@,http://f.123.rr.kg/163189/cctv2
CCTV3@,http://f.123.rr.kg/163189/cctv3
CCTV4@,http://f.123.rr.kg/163189/cctv4
CCTV5@,http://f.123.rr.kg/163189/cctv5
CCTV5+@,http://f.123.rr.kg/163189/cctv5p
CCTV6@,http://f.123.rr.kg/163189/cctv6
CCTV7@,http://f.123.rr.kg/163189/cctv7
CCTV8@,http://f.123.rr.kg/163189/cctv8
CCTV9@,http://f.123.rr.kg/163189/cctv9
CCTV11@,http://f.123.rr.kg/163189/cctv11
CCTV12@,http://f.123.rr.kg/163189/cctv12
CCTV13@,http://f.123.rr.kg/163189/cctv13
CCTV14@,http://f.123.rr.kg/163189/cctv14
CCTV15@,http://f.123.rr.kg/163189/cctv15
CCTV16@,http://f.123.rr.kg/163189/cctv16
CCTV16@,http://f.123.rr.kg/163189/cctv16-2
CCTV17@,http://f.123.rr.kg/163189/cctv17
龙华电影,http://cdn8.123.rr.kg/163189/lhdy
龙华经典,http://cdn8.123.rr.kg/163189/lhjd
龙华偶像,http://cdn8.123.rr.kg/163189/lhox
龙华日韩,http://cdn8.123.rr.kg/163189/lhrh
龙华戏剧,http://cdn8.123.rr.kg/163189/lhxj
龙华洋片,http://cdn8.123.rr.kg/163189/lhyp
龙华卡通,http://cdn8.123.rr.kg/163189/lhkt
八度空间B,https://cdn.qd.je/163189.php?id=8tv
CH8B,https://cdn.qd.je/163189.php?id=ch8
CH5B,https://cdn.qd.je/163189.php?id=ch5
CHUB,https://cdn.qd.je/163189.php?id=chu
亚洲武侠B,https://cdn.qd.je/163189.php?id=yzwx
TVB星河B,https://cdn.qd.je/163189.php?id=xinghe
天映频道(新加坡)B,https://cdn.qd.je/163189.php?id=typd
天映经典B,https://cdn.qd.je/163189.php?id=ccm
华丽翡翠台(硬字幕)B,https://cdn.qd.je/163189.php?id=jade
TVBj1B,https://cdn.qd.je/163189.php?id=j1
翡翠剧集台B,https://cdn.qd.je/163189.php?id=tvbd
翡翠台B,https://cdn.qd.je/163189.php?id=fct
无线新闻台B,https://cdn.qd.je/163189.php?id=wxxw
广东珠江B,https://cdn.qd.je/163189.php?id=gdzj
广东体育B,https://cdn.qd.je/163189.php?id=gdty
凤凰中文B,https://cdn.qd.je/163189.php?id=fhzw
凤凰资讯B,https://cdn.qd.je/163189.php?id=fhzx
凤凰香港B,https://cdn.qd.je/163189.php?id=fhhk
TVB1B,https://cdn.qd.je/163189.php?id=tvb1
HOY TVB,https://cdn.qd.je/163189.php?id=hoy
HOY TVB,https://cdn.qd.je/163189.php?id=hoy2
HOY资讯台B,https://cdn.qd.je/163189.php?id=hoy78
HOY国际财经台B,https://cdn.qd.je/163189.php?id=hoy76
ViuTVB,https://cdn.qd.je/163189.php?id=viu
ViuTVsixB,https://cdn.qd.je/163189.php?id=viu6
NOW新闻台B,https://cdn.qd.je/163189.php?id=now
RTHK31B,https://cdn.qd.je/163189.php?id=rthk31
RTHK32B,https://cdn.qd.je/163189.php?id=rthk32
澳视澳门B,https://cdn.qd.je/163189.php?id=asam
澳视卫星B,https://cdn.qd.je/163189.php?id=as
澳门体育B,https://cdn.qd.je/163189.php?id=amty
澳门综艺B,https://cdn.qd.je/163189.php?id=amzy
澳门莲花B,https://cdn.qd.je/163189.php?id=amlh
重温经典B,https://cdn.qd.je/163189.php?id=cwjd
龙华电影B,https://cdn.qd.je/163189.php?id=lhdy
龙华经典B,https://cdn.qd.je/163189.php?id=lhjd
龙华偶像B,https://cdn.qd.je/163189.php?id=lhox
龙华日韩B,https://cdn.qd.je/163189.php?id=lhrh
龙华戏剧B,https://cdn.qd.je/163189.php?id=lhxj
龙华洋片B,https://cdn.qd.je/163189.php?id=lhyp
龙华卡通B,https://cdn.qd.je/163189.php?id=lhkt
海峡卫视1B,https://cdn.qd.je/163189.php?id=hxws
海峡卫视2B,https://cdn.qd.je/163189.php?id=hxws2
CCTV5B,https://cdn.qd.je/163189.php?id=cctv5
CCTV5B,https://cdn.qd.je/163189.php?id=cctv5-2
CCTV5+B,https://cdn.qd.je/163189.php?id=cctv5p
CCTV5+B,https://cdn.qd.je/163189.php?id=cctv5p-2
CCTV13B,https://cdn.qd.je/163189.php?id=cctv13
CCTV13B,https://cdn.qd.je/163189.php?id=cctv13-2
CCTV16B,https://cdn.qd.je/163189.php?id=cctv16
CCTV16B,https://cdn.qd.je/163189.php?id=cctv16-2
五星体育B,https://cdn.qd.je/163189.php?id=wxty
大湾区卫视(外),http://38.75.136.137:98/gslb/dsdqpub/gdgj.m3u8?auth=%2A%2A%2A
大湾区卫视,http://107.150.60.122/live/nfws.m3u8
RTM Apetito,https://d1sq2slp9afh7o.cloudfront.net/smil:apetito/chunklist_b2596000_slENG.m3u8
RTM Aura,https://d1sq2slp9afh7o.cloudfront.net/smil:aura/chunklist_b2596000_slENG.m3u8
RTM Fitrah,https://d1sq2slp9afh7o.cloudfront.net/smil:fitrah/chunklist_b2596000_slENG.m3u8
RTM Junior,https://d1sq2slp9afh7o.cloudfront.net/smil:jr/chunklist_b2596000_slENG.m3u8
RTM Lead,https://d1sq2slp9afh7o.cloudfront.net/smil:lead/chunklist_b2596000_slENG.m3u8
RTM Roll,https://d1sq2slp9afh7o.cloudfront.net/smil:roll/chunklist_b2596000_slENG.m3u8
RTM Snap,https://d1sq2slp9afh7o.cloudfront.net/smil:snap/chunklist_b2596000_slENG.m3u8
射雕英雄传D,http://129.211.14.102:22223/1354210357
情满四合院D,http://129.211.14.102:22223/1382735541
天龙八部D,http://129.211.14.102:22223/1351814644
新百娘子传奇D,http://129.211.14.102:22223/1354930969
神雕侠侣D,http://129.211.14.102:22223/1351762426
灌篮高手D,http://129.211.14.102:22223/1356243352
凤凰中文D,http://bobohome.ignorelist.com:20247/fengshows?id=2.m3u8
凤凰资讯D,http://bobohome.ignorelist.com:20247/fengshows?id=1.m3u8
凤凰香港D,http://bobohome.ignorelist.com:20247/fengshows?id=3.m3u8
CCTV-1综合D,http://104.152.209.49:8181/720p/cctv1.m3u8
CCTV-2财经D,http://104.152.209.49:8181/720p/cctv2.m3u8
CCTV-3综艺D,http://104.152.209.49:8181/720p/cctv3.m3u8
CCTV-4中文国际D,http://104.152.209.49:8181/720p/cctv4.m3u8
CCTV-5体育D,http://104.152.209.49:8181/720p/cctv5.m3u8
CCTV-6电影D,http://104.152.209.49:8181/720p/cctv6.m3u8
CCTV-7国防军事D,http://104.152.209.49:8181/720p/cctv7.m3u8
CCTV-8电视剧D,http://104.152.209.49:8181/720p/cctv8.m3u8
CCTV-9纪录D,http://104.152.209.49:8181/720p/cctv9.m3u8
CCTV-11戏曲D,http://104.152.209.49:8181/720p/cctv11.m3u8
CCTV-12社会与法D,http://104.152.209.49:8181/720p/cctv12.m3u8
CCTV-13新闻D,http://104.152.209.49:8181/720p/cctv13.m3u8
CCTV-14少儿D,http://104.152.209.49:8181/720p/cctv14.m3u8
CCTV-15音乐D,http://104.152.209.49:8181/720p/cctv15.m3u8
CCTV-16奥林匹克D,http://104.152.209.49:8181/720p/cctv16.m3u8
CCTV-17农业农村D,http://104.152.209.49:8181/720p/cctv17.m3u8
CCTV-5+HDD,http://104.152.209.49:8181/720p/cctv5p.m3u8
CCTV-4K超高清D,http://104.152.209.49:8181/720p/cctv4k.m3u8
CCTV-8K超高清D,http://104.152.209.49:8181/720p/cctv8k.m3u8
CCTV-第一剧场D,http://104.152.209.49:8181/720p/dyjc.m3u8
CCTV-风云剧场D,http://104.152.209.49:8181/720p/fyjc.m3u8
CCTV-怀旧剧场D,http://104.152.209.49:8181/720p/hjjc.m3u8
CCTV-兵器科技D,http://104.152.209.49:8181/720p/gfjs.m3u8
CCTV-女性时尚D,http://104.152.209.49:8181/720p/nxss.m3u8
CCTV-卫生健康D,http://104.152.209.49:8181/720p/wsjk.m3u8
CCTV-央视文化精品D,http://104.152.209.49:8181/720p/ysjp.m3u8
CCTV-风云音乐D,http://104.152.209.49:8181/720p/fyyy.m3u8
CCTV-央视台球D,http://104.152.209.49:8181/720p/ystq.m3u8
CCTV-风云足球D,http://104.152.209.49:8181/720p/fyzq.m3u8
CCTV-高尔夫网球D,http://104.152.209.49:8181/720p/gefwq.m3u8
重温经典D,http://104.152.209.49:8181/720p/cwjd.m3u8
湖南卫视D,http://104.152.209.49:8181/720p/hnws.m3u8
河北卫视D,http://104.152.209.49:8181/720p/hews.m3u8
山东卫视D,http://104.152.209.49:8181/720p/sdws.m3u8
天津卫视D,http://104.152.209.49:8181/720p/tjws.m3u8
安徽卫视D,http://104.152.209.49:8181/720p/ahws.m3u8
北京卫视D,http://104.152.209.49:8181/720p/bjws.m3u8
东方卫视D,http://104.152.209.49:8181/720p/dfws.m3u8
广东卫视D,http://104.152.209.49:8181/720p/gdws.m3u8
河南卫视D,http://104.152.209.49:8181/720p/haws.m3u8
江苏卫视D,http://104.152.209.49:8181/720p/jsws.m3u8
深圳卫视D,http://104.152.209.49:8181/720p/szws.m3u8
浙江卫视D,http://104.152.209.49:8181/720p/zjws.m3u8
翡翠台4K(字幕),https://cdn.qd.je/163189/fct4k
TVB Plus(字幕),https://cdn.qd.je/163189/tvbp
HOY TV,https://cdn.qd.je/163189/hoy
HOY TV,https://cdn.qd.je/163189/hoy2
HOY资讯台,https://cdn.qd.je/163189/hoy78
HOY国际财经台,https://cdn.qd.je/163189/hoy76
ViuTV,https://cdn.qd.je/163189/viu
ViuTVsix,https://cdn.qd.je/163189/viu6
NOW新闻台,https://cdn.qd.je/163189/now
RTHK31,https://cdn.qd.je/163189/rthk31
RTHK32,https://cdn.qd.je/163189/rthk32
澳视澳门,https://cdn.qd.je/163189/asam
澳视卫星,https://cdn.qd.je/163189/as
澳门体育,https://cdn.qd.je/163189/amty
澳门综艺,https://cdn.qd.je/163189/amzy
澳门莲花,https://cdn.qd.je/163189/amlh
重温经典,https://cdn.qd.je/163189/cwjd
凤凰资讯,https://cdn.qd.je/163189/fhzx
TVB1,https://cdn.qd.je/163189/tvb1
TVBJ1,https://cdn.qd.je/163189/j1
翡翠剧集台,https://cdn.qd.je/163189/tvbd
广东珠江,https://cdn.qd.je/163189/gdzj
广东体育,https://cdn.qd.je/163189/gdty
八度空间,https://cdn.qd.je/163189/8tv
CH5,https://cdn.qd.je/163189/ch5
CH8,https://cdn.qd.je/163189/ch8
CHU,https://cdn.qd.je/163189/chu
龙华电影,https://cdn.qd.je/163189/lhdy
龙华经典,https://cdn.qd.je/163189/lhjd
龙华偶像,https://cdn.qd.je/163189/lhox
龙华日韩,https://cdn.qd.je/163189/lhrh
龙华戏剧,https://cdn.qd.je/163189/lhxj
龙华洋片,https://cdn.qd.je/163189/lhyp
龙华卡通,https://cdn.qd.je/163189/lhkt
华丽翡翠台,https://cdn.qd.je/163189/hlfct
TVB亚洲武侠,https://cdn.qd.je/163189/yzwx
TVB娱乐新闻台,https://cdn.qd.je/163189/ylxw
TVB星河,https://cdn.qd.je/163189/tvbxh
海峡卫视,https://cdn.qd.je/163189/hxws
海峡卫视,https://cdn.qd.je/163189/hxws2
TVB星河,https://cdn.qd.je/163189/xinghe
天映新加坡,https://cdn.qd.je/163189/typd
华丽翡翠台,https://cdn.qd.je/163189/hlt
Astro AOD,https://cdn.qd.je/163189/aod
Astro AEC,https://cdn.qd.je/163189/aec
Astro欢喜台,https://cdn.qd.je/163189/hxt
爱奇艺,https://cdn.qd.je/163189/iqiyi
天映频道,https://cdn.qd.je/163189/typd2
TVB星河,https://cdn.qd.je/163189/tvbxh2
千禧经典台,https://cdn.qd.je/163189/tvbc
TVB Plus(WebVTT字幕),https://cdn.qd.je/163189/tvbpvtt
黄金华剧台(WebVTT字幕),https://cdn.qd.je/163189/hjhjt
重温经典,https://cdn.qd.je/163189/cwjd2
广州综合,https://cdn.qd.je/163189/gzzh
广州新闻,https://cdn.qd.je/163189/gzxw
广州南国都市,https://cdn.qd.je/163189/ngds
民视影剧台,https://cdn.qd.je/163189/msyj
公视戏剧,https://cdn.qd.je/163189/gsxj
采昌影剧台,https://cdn.qd.je/163189/ccyj
靖天戏剧台,https://cdn.qd.je/163189/jtxj
靖天电影台,https://cdn.qd.je/163189/jtdy
靖洋戏剧台,https://cdn.qd.je/163189/jyxj
影迷数位电影台,https://cdn.qd.je/163189/ymswdyt
amc电影台,https://cdn.qd.je/163189/amc
CinemaWorld,https://cdn.qd.je/163189/cinemaworld
My Cinema Europe,https://cdn.qd.je/163189/mce
经典电影台,https://cdn.qd.je/163189/jddyt
CMusic,https://cdn.qd.je/163189/cmusic
DreamWorks梦工厂动画,https://cdn.qd.je/163189/dreamworks
精选动漫台,https://cdn.qd.je/163189/jxdmt
金光布袋戏,https://cdn.qd.je/163189/jgbdx2
TVB Plus,https://cdn.qd.je/163189/tvbp2
纬来电影台,https://cdn.qd.je/163189/wldy
纬来戏剧台,https://cdn.qd.je/163189/wlxj
纬来体育台,https://cdn.qd.je/163189/wlty
龙祥时代,https://cdn.qd.je/163189/lxsd
东森电影,https://cdn.qd.je/163189/dsdy
东森戏剧,https://cdn.qd.je/163189/dsxj
2026-09-28 08:58:23,http://kakaxi.indevs.in/LOGO/Disclaimer.mp4
CCTV4欧洲,http://219.156.95.67:4022/rtp/225.1.5.31:1342$河南联通11
CCTV4欧洲,http://106.59.2.196:55555/rtp/239.200.201.180:4220$云南电信11
CCTV4欧洲,http://39.77.23.205:4002/rtp/239.253.254.186:8000$山东联通11
CCTV4欧洲,http://60.4.29.46:8077/rtp/239.253.93.192:6370$河北联通11
CCTV4欧洲,http://39.77.161.56:4002/rtp/239.253.254.186:8000$山东联通21
CCTV4欧洲,http://39.77.26.75:4002/rtp/239.253.254.186:8000$山东联通31
CCTV4美洲,http://219.156.95.67:4022/rtp/225.1.5.32:1343$河南联通11
CCTV4美洲,http://106.59.2.196:55555/rtp/239.200.201.181:4220$云南电信11
CCTV4美洲,http://39.77.23.205:4002/rtp/239.253.254.187:8000$山东联通11
CCTV4美洲,http://60.4.29.46:8077/rtp/239.253.93.193:6371$河北联通11
CCTV4美洲,http://39.77.161.56:4002/rtp/239.253.254.187:8000$山东联通21
CCTV4美洲,http://39.77.26.75:4002/rtp/239.253.254.187:8000$山东联通31
CCTV4K,http://183.236.43.98:4013/udp/239.77.0.194:5146$广东电信11
CCTV4K,http://106.59.2.196:55555/rtp/239.200.200.202:8784$云南电信11
CCTV4K,http://60.4.29.46:8077/rtp/239.253.92.219:6228$河北联通11
CCTV4K,http://183.236.43.98:4013/udp/239.77.0.174:5146$广东电信12
CCTV4K,http://60.4.29.46:8077/rtp/239.253.93.134:6631$河北联通12
兵器科技,http://183.236.43.98:4013/udp/239.253.43.9:5146$广东电信11
兵器科技,http://106.59.2.196:55555/rtp/239.200.200.91:8036$云南电信11
兵器科技,http://60.4.29.46:8077/rtp/239.253.93.47:6435$河北联通11
风云音乐,http://183.236.43.98:4013/udp/239.253.43.6:5146$广东电信11
风云音乐,http://106.59.2.196:55555/rtp/239.200.200.86:8008$云南电信11
风云音乐,http://60.4.29.46:8077/rtp/239.253.93.253:6431$河北联通11
风云足球,http://183.236.43.98:4013/udp/239.253.43.14:5146$广东电信11
风云足球,http://106.59.2.196:55555/rtp/239.200.200.88:8020$云南电信11
风云足球,http://60.4.29.46:8077/rtp/239.253.93.254:6432$河北联通11
风云剧场,http://183.236.43.98:4013/udp/239.253.43.16:5146$广东电信11
风云剧场,http://106.59.2.196:55555/rtp/239.200.200.84:8016$云南电信11
风云剧场,http://60.4.29.46:8077/rtp/239.253.93.251:6429$河北联通11
怀旧剧场,http://183.236.43.98:4013/udp/239.253.43.5:5146$广东电信11
怀旧剧场,http://106.59.2.196:55555/rtp/239.200.200.85:8032$云南电信11
怀旧剧场,http://60.4.29.46:8077/rtp/239.253.93.252:6430$河北联通11
第一剧场,http://183.236.43.98:4013/udp/239.253.43.15:5146$广东电信11
第一剧场,http://106.59.2.196:55555/rtp/239.200.200.82:8004$云南电信11
第一剧场,http://60.4.29.46:8077/rtp/239.253.93.138:6428$河北联通11
女性时尚,http://183.236.43.98:4013/udp/239.253.43.8:5146$广东电信11
女性时尚,http://106.59.2.196:55555/rtp/239.200.200.100:8084$云南电信11
女性时尚,http://60.4.29.46:8077/rtp/239.253.92.144:6114$河北联通11
世界地理,http://183.236.43.98:4013/udp/239.253.43.7:5146$广东电信11
世界地理,http://106.59.2.196:55555/rtp/239.200.200.130:8012$云南电信11
世界地理,http://60.4.29.46:8077/rtp/239.253.92.131:6113$河北联通11
央视台球,http://183.236.43.98:4013/udp/239.253.43.11:5146$广东电信11
央视台球,http://106.59.2.196:55555/rtp/239.200.200.135:8076$云南电信11
央视台球,http://60.4.29.46:8077/rtp/239.253.93.231:6409$河北联通11
高尔夫网球,http://183.236.43.98:4013/udp/239.253.43.12:5146$广东电信11
高尔夫网球,http://106.59.2.196:55555/rtp/239.200.200.89:8024$云南电信11
高尔夫网球,http://60.4.29.46:8077/rtp/239.253.93.122:6465$河北联通11
央视文化精品,http://183.236.43.98:4013/udp/239.253.43.13:5146$广东电信11
央视文化精品,http://106.59.2.196:55555/rtp/239.200.200.92:8028$云南电信11
央视文化精品,http://60.4.29.46:8077/rtp/239.253.93.175:6439$河北联通11
电视指南,http://183.236.43.98:4013/udp/239.253.43.10:5146$广东电信11
电视指南,http://106.59.2.196:55555/rtp/239.200.200.83:8000$云南电信11
电视指南,http://60.4.29.46:8077/rtp/239.253.93.249:6427$河北联通11
兵团卫视,http://219.156.95.67:4022/rtp/225.1.4.97:1126$河南联通11
兵团卫视,http://115.171.216.23:4000/rtp/225.1.8.167:4120$北京电信11
兵团卫视,http://60.4.29.46:8077/rtp/239.253.93.176:6344$河北联通11
兵团卫视,http://115.171.216.32:4000/rtp/225.1.8.167:4120$北京电信21
山东教育卫视,http://219.156.95.67:4022/rtp/225.1.4.164:1205$河南联通11
山东教育卫视,http://115.171.216.23:4000/rtp/225.1.8.190:4120$北京电信11
山东教育卫视,http://106.59.2.196:55555/rtp/239.200.201.77:8132$云南电信11
山东教育卫视,http://39.77.23.205:4002/rtp/239.253.254.59:8000$山东联通11
山东教育卫视,http://60.4.29.46:8077/rtp/239.253.92.106:6135$河北联通11
山东教育卫视,http://115.171.216.32:4000/rtp/225.1.8.190:4120$北京电信21
山东教育卫视,http://39.77.161.56:4002/rtp/239.253.254.59:8000$山东联通21
山东教育卫视,http://39.77.26.75:4002/rtp/239.253.254.59:8000$山东联通31
中国教育1台,http://183.236.43.98:4013/udp/239.77.1.222:5146$广东电信11
中国教育1台,http://219.156.95.67:4022/rtp/225.1.4.173:1712$河南联通11
中国教育1台,http://115.171.216.23:4000/udp/225.1.8.32:8152$北京电信11
中国教育1台,http://1.192.242.239:8188/rtp/239.16.20.78:10780$河南电信11
中国教育1台,http://106.59.2.196:55555/udp/239.200.201.49:8756$云南电信11
中国教育1台,http://39.77.23.205:4002/rtp/239.253.254.110:8000$山东联通11
中国教育1台,http://60.4.29.46:8077/rtp/239.253.92.211:6069$河北联通11
中国教育1台,http://115.171.216.32:4000/udp/225.1.8.32:8152$北京电信21
中国教育1台,http://39.77.161.56:4002/rtp/239.253.254.110:8000$山东联通21
中国教育1台,http://39.77.26.75:4002/rtp/239.253.254.110:8000$山东联通31
中国教育2台,http://219.156.95.67:4022/rtp/225.1.4.165:1206$河南联通11
中国教育2台,http://115.171.216.23:4000/rtp/225.1.8.193:4120$北京电信11
中国教育2台,http://106.59.2.196:55555/rtp/239.200.201.121:8780$云南电信11
中国教育2台,http://60.4.29.46:8077/rtp/239.253.92.108:6136$河北联通11
中国教育2台,http://115.171.216.32:4000/rtp/225.1.8.193:4120$北京电信21
中国教育4台,http://183.236.43.98:4013/udp/239.253.43.40:5146$广东电信11
中国教育4台,http://219.156.95.67:4022/rtp/225.1.4.171:1710$河南联通11
中国教育4台,http://115.171.216.23:4000/rtp/225.1.8.195:4120$北京电信11
中国教育4台,http://106.59.2.196:55555/rtp/239.200.201.122:8784$云南电信11
中国教育4台,http://39.77.23.205:4002/rtp/239.253.254.116:8000$山东联通11
中国教育4台,http://60.4.29.46:8077/rtp/239.253.92.200:6137$河北联通11
中国教育4台,http://115.171.216.32:4000/rtp/225.1.8.195:4120$北京电信21
中国教育4台,http://39.77.161.56:4002/rtp/239.253.254.116:8000$山东联通21
中国教育4台,http://39.77.26.75:4002/rtp/239.253.254.116:8000$山东联通31
早期教育,http://183.236.43.98:4013/udp/239.77.0.180:5146$广东电信11
早期教育,http://60.4.29.46:8077/rtp/239.253.93.164:6440$河北联通11
CHC影迷电影,http://219.156.95.67:4022/rtp/225.1.4.207:1260$河南联通11
CHC影迷电影,http://106.59.2.196:55555/rtp/239.200.201.34:8148$云南电信11
CHC影迷电影,http://39.77.23.205:4002/rtp/239.253.254.154:8000$山东联通11
CHC影迷电影,http://39.77.161.56:4002/rtp/239.253.254.154:8000$山东联通21
CHC影迷电影,http://39.77.26.75:4002/rtp/239.253.254.154:8000$山东联通31
淘电影,http://115.171.216.23:4000/rtp/225.1.8.38:8002$北京电信11
淘电影,http://115.171.216.32:4000/rtp/225.1.8.38:8002$北京电信21
淘剧场,http://115.171.216.23:4000/rtp/225.1.8.37:8002$北京电信11
淘剧场,http://115.171.216.32:4000/rtp/225.1.8.37:8002$北京电信21
淘4K,http://115.171.216.23:4000/rtp/225.1.8.211:8002$北京电信11
淘4K,http://115.171.216.32:4000/rtp/225.1.8.211:8002$北京电信21
淘娱乐,http://115.171.216.23:4000/rtp/225.1.8.61:8002$北京电信11
淘娱乐,http://115.171.216.32:4000/rtp/225.1.8.61:8002$北京电信21
淘BABY,http://115.171.216.23:4000/rtp/225.1.8.36:8002$北京电信11
淘BABY,http://115.171.216.32:4000/rtp/225.1.8.36:8002$北京电信21
淘萌宠,http://115.171.216.23:4000/rtp/225.1.8.63:8002$北京电信11
淘萌宠,http://115.171.216.32:4000/rtp/225.1.8.63:8002$北京电信21
重温经典,http://115.171.216.23:4000/rtp/225.1.8.39:8002$北京电信11
重温经典,http://115.171.216.32:4000/rtp/225.1.8.39:8002$北京电信21
金鹰纪实,http://219.156.95.67:4022/rtp/225.1.4.172:1711$河南联通11
金鹰纪实,http://115.171.216.23:4000/rtp/225.1.8.31:8156$北京电信11
金鹰纪实,http://1.192.242.239:8188/rtp/239.16.20.153:11530$河南电信11
金鹰纪实,http://106.59.2.196:55555/rtp/239.200.201.126:8840$云南电信11
金鹰纪实,http://39.77.23.205:4002/rtp/239.253.254.103:8000$山东联通11
金鹰纪实,http://60.4.29.46:8077/rtp/239.253.92.103:6054$河北联通11
金鹰纪实,http://115.171.216.32:4000/rtp/225.1.8.31:8156$北京电信21
金鹰纪实,http://39.77.161.56:4002/rtp/239.253.254.103:8000$山东联通21
金鹰纪实,http://39.77.26.75:4002/rtp/239.253.254.103:8000$山东联通31
纪实科教,http://115.171.216.23:4000/udp/225.1.8.105:8002$北京电信11
纪实科教,http://106.59.2.196:55555/rtp/239.200.200.147:8728$云南电信11
纪实科教,http://60.4.29.46:8077/rtp/239.253.93.190:6358$河北联通11
纪实科教,http://115.171.216.32:4000/udp/225.1.8.105:8002$北京电信21
睛彩青少,http://183.236.43.98:4013/udp/239.77.1.22:5146$广东电信11
睛彩篮球,http://183.236.43.98:4013/udp/239.77.1.21:5146$广东电信11
魅力足球,http://1.192.242.239:8188/rtp/239.16.20.113:11130$河南电信11
魅力足球,http://39.77.23.205:4002/rtp/239.253.254.100:8000$山东联通11
魅力足球,http://39.77.161.56:4002/rtp/239.253.254.100:8000$山东联通21
魅力足球,http://39.77.26.75:4002/rtp/239.253.254.100:8000$山东联通31
快乐垂钓,http://115.171.216.23:4000/rtp/225.1.8.71:8002$北京电信11
快乐垂钓,http://1.192.242.239:8188/rtp/239.16.20.67:10670$河南电信11
快乐垂钓,http://106.59.2.196:55555/rtp/239.200.200.103:8400$云南电信11
快乐垂钓,http://39.77.23.205:4002/rtp/239.253.254.144:8000$山东联通11
快乐垂钓,http://60.4.29.46:8077/rtp/239.253.93.213:6391$河北联通11
快乐垂钓,http://115.171.216.32:4000/rtp/225.1.8.71:8002$北京电信21
快乐垂钓,http://39.77.161.56:4002/rtp/239.253.254.144:8000$山东联通21
快乐垂钓,http://39.77.26.75:4002/rtp/239.253.254.144:8000$山东联通31
茶频道,http://115.171.216.23:4000/rtp/225.1.8.72:8002$北京电信11
茶频道,http://1.192.242.239:8188/rtp/239.16.20.68:10680$河南电信11
茶频道,http://106.59.2.196:55555/rtp/239.200.201.36:8404$云南电信11
茶频道,http://39.77.23.205:4002/rtp/239.253.254.143:8000$山东联通11
茶频道,http://60.4.29.46:8077/rtp/239.253.93.212:6390$河北联通11
茶频道,http://115.171.216.32:4000/rtp/225.1.8.72:8002$北京电信21
茶频道,http://39.77.161.56:4002/rtp/239.253.254.143:8000$山东联通21
茶频道,http://39.77.26.75:4002/rtp/239.253.254.143:8000$山东联通31
先锋乒羽,http://106.59.2.196:55555/rtp/239.200.201.33:4120$云南电信11
天元围棋,http://60.4.29.46:8077/rtp/239.253.93.211:6389$河北联通11
汽摩,http://106.59.2.196:55555/rtp/239.200.200.98:8052$云南电信11
梨园频道,http://106.59.2.196:55555/rtp/239.200.200.101:8048$云南电信11
梨园频道,http://39.77.23.205:4002/rtp/239.253.254.139:8000$山东联通11
梨园频道,http://60.4.29.46:8077/rtp/239.253.93.133:6441$河北联通11
梨园频道,http://39.77.161.56:4002/rtp/239.253.254.139:8000$山东联通21
梨园频道,http://39.77.26.75:4002/rtp/239.253.254.139:8000$山东联通31
文物宝库,http://106.59.2.196:55555/rtp/239.200.200.96:8112$云南电信11
文物宝库,http://39.77.23.205:4002/rtp/239.253.254.141:8000$山东联通11
文物宝库,http://60.4.29.46:8077/rtp/239.253.93.180:6437$河北联通11
文物宝库,http://39.77.161.56:4002/rtp/239.253.254.141:8000$山东联通21
文物宝库,http://39.77.26.75:4002/rtp/239.253.254.141:8000$山东联通31
武术世界,http://106.59.2.196:55555/rtp/239.200.200.90:8064$云南电信11
武术世界,http://39.77.23.205:4002/rtp/239.253.254.140:8000$山东联通11
武术世界,http://60.4.29.46:8077/rtp/239.253.93.46:6434$河北联通11
武术世界,http://39.77.161.56:4002/rtp/239.253.254.140:8000$山东联通21
武术世界,http://39.77.26.75:4002/rtp/239.253.254.140:8000$山东联通31
乐游,http://1.192.242.239:8188/rtp/239.16.20.111:11110$河南电信11
生活时尚,http://1.192.242.239:8188/rtp/239.16.20.114:11140$河南电信11
生活时尚,http://39.77.23.205:4002/rtp/239.253.254.99:8000$山东联通11
生活时尚,http://39.77.161.56:4002/rtp/239.253.254.99:8000$山东联通21
生活时尚,http://39.77.26.75:4002/rtp/239.253.254.99:8000$山东联通31
都市剧场,http://1.192.242.239:8188/rtp/239.16.20.38:10380$河南电信11
都市剧场,http://39.77.23.205:4002/rtp/239.253.254.98:8000$山东联通11
都市剧场,http://39.77.161.56:4002/rtp/239.253.254.98:8000$山东联通21
都市剧场,http://39.77.26.75:4002/rtp/239.253.254.98:8000$山东联通31
欢笑剧场,http://1.192.242.239:8188/rtp/239.16.20.39:10390$河南电信11
游戏风云,http://1.192.242.239:8188/rtp/239.16.20.112:11120$河南电信11
游戏风云,http://39.77.23.205:4002/rtp/239.253.254.95:8000$山东联通11
游戏风云,http://39.77.161.56:4002/rtp/239.253.254.95:8000$山东联通21
游戏风云,http://39.77.26.75:4002/rtp/239.253.254.95:8000$山东联通31
金色学堂,http://1.192.242.239:8188/rtp/239.16.20.115:11150$河南电信11
金色学堂,http://39.77.23.205:4002/rtp/239.253.254.101:8000$山东联通11
金色学堂,http://39.77.161.56:4002/rtp/239.253.254.101:8000$山东联通21
金色学堂,http://39.77.26.75:4002/rtp/239.253.254.101:8000$山东联通31
动漫秀场,http://1.192.242.239:8188/rtp/239.16.20.40:10400$河南电信11
动漫秀场,http://39.77.23.205:4002/rtp/239.253.254.115:8000$山东联通11
动漫秀场,http://39.77.161.56:4002/rtp/239.253.254.115:8000$山东联通21
动漫秀场,http://39.77.26.75:4002/rtp/239.253.254.115:8000$山东联通31
新动漫,http://219.156.95.67:4022/rtp/225.1.4.212:1265$河南联通11
新动漫,http://106.59.2.196:55555/rtp/239.200.201.32:4120$云南电信11
优漫卡通,http://60.4.29.46:8077/rtp/239.253.93.204:6382$河北联通11
嘉佳卡通,http://219.156.95.67:4022/rtp/225.1.4.92:1121$河南联通11
嘉佳卡通,http://115.171.216.23:4000/rtp/225.1.8.170:9268$北京电信11
嘉佳卡通,http://60.4.29.46:8077/rtp/239.253.93.203:6381$河北联通11
嘉佳卡通,http://115.171.216.32:4000/rtp/225.1.8.170:9268$北京电信21
中国交通,http://106.59.2.196:55555/udp/239.200.201.138:8556$云南电信11
中国交通,http://39.77.23.205:4002/rtp/239.253.254.177:8000$山东联通11
中国交通,http://60.4.29.46:8077/rtp/239.253.93.189:6357$河北联通11
中国交通,http://39.77.161.56:4002/rtp/239.253.254.177:8000$山东联通21
中国交通,http://39.77.26.75:4002/rtp/239.253.254.177:8000$山东联通31
华数4K,http://115.171.216.23:4000/rtp/225.1.8.80:2000$北京电信11
华数4K,http://115.171.216.32:4000/rtp/225.1.8.80:2000$北京电信21
华数星影,http://115.171.216.23:4000/rtp/225.1.8.254:4120$北京电信11
华数星影,http://115.171.216.32:4000/rtp/225.1.8.254:4120$北京电信21
华数动作影院,http://115.171.216.23:4000/rtp/225.1.8.252:4120$北京电信11
华数动作影院,http://115.171.216.32:4000/rtp/225.1.8.252:4120$北京电信21
华数喜剧影院,http://115.171.216.23:4000/rtp/225.1.8.251:4120$北京电信11
华数喜剧影院,http://115.171.216.32:4000/rtp/225.1.8.251:4120$北京电信21
华数家庭影院,http://115.171.216.23:4000/rtp/225.1.8.253:4120$北京电信11
华数家庭影院,http://115.171.216.32:4000/rtp/225.1.8.253:4120$北京电信21
华数经典电影,http://219.156.95.67:4022/rtp/225.1.4.175:1233$河南联通11
华数经典电影,http://115.171.216.23:4000/rtp/225.1.8.203:9024$北京电信11
华数经典电影,http://115.171.216.32:4000/rtp/225.1.8.203:9024$北京电信21
华数热播剧场,http://219.156.95.67:4022/rtp/225.1.4.190:1239$河南联通11
华数热播剧场,http://115.171.216.23:4000/rtp/225.1.8.202:9020$北京电信11
华数热播剧场,http://115.171.216.32:4000/rtp/225.1.8.202:9020$北京电信21
华数军旅剧场,http://115.171.216.23:4000/rtp/225.1.8.228:4120$北京电信11
华数军旅剧场,http://115.171.216.32:4000/rtp/225.1.8.228:4120$北京电信21
华数城市剧场,http://115.171.216.23:4000/rtp/225.1.8.227:4120$北京电信11
华数城市剧场,http://115.171.216.32:4000/rtp/225.1.8.227:4120$北京电信21
华数古装剧场,http://115.171.216.23:4000/rtp/225.1.8.229:4120$北京电信11
华数古装剧场,http://115.171.216.32:4000/rtp/225.1.8.229:4120$北京电信21
华数魅力时尚,http://219.156.95.67:4022/rtp/225.1.4.205:1253$河南联通11
华数魅力时尚,http://115.171.216.23:4000/rtp/225.1.8.204:9012$北京电信11
华数魅力时尚,http://115.171.216.32:4000/rtp/225.1.8.204:9012$北京电信21
华数少儿动画,http://219.156.95.67:4022/rtp/225.1.4.189:1238$河南联通11
华数少儿动画,http://115.171.216.23:4000/rtp/225.1.8.207:9000$北京电信11
华数少儿动画,http://115.171.216.32:4000/rtp/225.1.8.207:9000$北京电信21
华数动画,http://115.171.216.23:4000/rtp/225.1.8.240:4120$北京电信11
华数动画,http://115.171.216.32:4000/rtp/225.1.8.240:4120$北京电信21
CCTV4欧洲,http://t.061899.xyz/tl/tl.php?id=cctv4o
CCTV4美洲,http://t.061899.xyz/tl/tl.php?id=cctv4m
CCTV-4K 高清,https://live-play-hls.cctvnews.cctv.com/CCTVChannel/channel_cctv4k_mbd.m3u8?auth_key=%2A%2A%2A&yid=b59134a2ead43d7f783f943c8f535e7bb80c5169575b2e8efcd5b3ddea21b41c
CCTV中学生,http://t.061899.xyz/tl/tl.php?id=zxs
CCTV发现之旅,http://t.061899.xyz/tl/tl.php?id=fxzl
CCTV怀旧剧场,https://live.264788.xyz/channel/huaijiujuchang?streamid=7e5d1abdddde08f588234f3f640f75ff&livekey=01WgOR41rriMmMkzNsd0UoaxJRwetZdxIvtVk
CCTV文化精品,https://live.264788.xyz/channel/yangshiwenhuajingpin?streamid=bc185d1ef1e528922e83efd845006277&livekey=01WgOR41rriMmMkzNsd0UoaxJRwetZdxIvtVk
CCTV第一剧场,https://live.264788.xyz/channel/diyijuchang?streamid=e9b0fb1ca135a4aeae12944494883794&livekey=01WgOR41rriMmMkzNsd0UoaxJRwetZdxIvtVk
CCTV老故事,http://t.061899.xyz/tl/tl.php?id=lgs
CETV-1,http://38.75.136.137:98/gslb/dsdqpub/cetv1hd.m3u8?auth=%2A%2A%2A
CETV-3,http://107.150.60.122/live/cetv3.m3u8
CGTN,http://t.061899.xyz/tl/tl.php?id=cgtn
CGTN俄语,https://0472.org/hls/cgtne.m3u8
CGTN法语,https://0472.org/hls/cgtnf.m3u8
CGTN西语,http://espanol-liveali.cgtn.com/hls/LSveOGBaBw41Ea7ukkVAUdKQ220802LSTexu6xAuFH8VZNBLE1ZNEa220802cd.m3u8
CGTN记录,https://english-livetx.cgtn.com/hls/yypdjlctzb_hd.m3u8
CGTN阿语,http://espanol-liveali.cgtn.com/hls/LSveOGBaBw41Ea7ukkVAUdKQ220802LSTexu6xAuFH8VZNBLE1ZNEa220802cd.m3u8
上海第一财经,http://t.061899.xyz/tl/tl.php?id=dycj
上视纪实人文,http://t.061899.xyz/tl/tl.php?id=shjsrw
世界地理,http://38.75.136.137:98/gslb/dsdqpub/sjdl.m3u8?auth=%2A%2A%2A
东方影视,http://t.061899.xyz/tl/tl.php?id=dfys
中国交通,http://drive.mxmy.net:8888/udp/239.3.1.188:8001
乐游,http://t.061899.xyz/tl/tl.php?id=ly
兵器科技,http://38.75.136.137:98/gslb/dsdqpub/gfjs.m3u8?auth=%2A%2A%2A
央视台球,http://38.75.136.137:98/gslb/dsdqpub/ystq.m3u8?auth=%2A%2A%2A
女性时尚,http://38.75.136.137:98/gslb/dsdqpub/nxss.m3u8?auth=%2A%2A%2A
怀旧剧场,http://38.75.136.137:98/gslb/dsdqpub/hjjc.m3u8?auth=%2A%2A%2A
支持作者,https://vd2.bdstatic.com/mda-sctj0f96cn79js4n/1080p/cae_h264/1774710384405617311/mda-sctj0f96cn79js4n.mp4
文化精品,http://107.150.60.122/live/ysjp.m3u8
法治天地,http://t.061899.xyz/tl/tl.php?id=fztd
游戏风云,http://t.061899.xyz/tl/tl.php?id=yxfy
熊猫直播,https://gcwbndali.v.myalicdn.com/gcwbnd/ipanda1000_2/index.m3u8
电视指南,http://63.141.230.178:82/gslb/zbdq5.m3u8?id=dszn
第一剧场,http://38.75.136.137:98/gslb/dsdqpub/dyjc.m3u8?auth=%2A%2A%2A
风云剧场,http://38.75.136.137:98/gslb/dsdqpub/fyjc.m3u8?auth=%2A%2A%2A
风云足球,http://38.75.136.137:98/gslb/dsdqpub/fyzq.m3u8?auth=%2A%2A%2A
风云音乐,http://38.75.136.137:98/gslb/dsdqpub/fyyy.m3u8?auth=%2A%2A%2A
高尔夫网球,http://38.75.136.137:98/gslb/dsdqpub/gefwq.m3u8?auth=%2A%2A%2A
魅力足球,http://t.061899.xyz/tl/tl.php?id=mlzq
tvg-id="宁夏卫视" tvg-name="宁夏卫视" tvg-logo="https://gitee.com/suxuang/logo/raw/master/mylogo/宁夏卫视.png" group-title="卫视频道",宁夏卫视,http://120.76.248.139/live/bfgd/4200000118.m3u8
tvg-id="河北卫视" tvg-name="河北卫视" tvg-logo="https://gitee.com/suxuang/logo/raw/master/mylogo/河北卫视.png" group-title="卫视频道",河北卫视,http://120.76.248.139/live/bfgd/4200000108.m3u8
东方卫视4K,http://bp-resource-dfl.bestv.cn/148/3/video.m3u8
人间卫视,http://61.216.67.119:1935/bltvhd/bltv1/chunklist_w1266569526.m3u
农林卫视,http://120.76.248.139/live/bfgd/4200000122.m3u8
凤凰卫视,https://7612-5516-affc-d88b.kylintv.tv/live/pxinhd_iphone.m3u8
凤凰卫视台,http://php.jdshipin.com/TVOD/iptv.php?id=fhzw
厦门卫视,http://192.151.150.154/live/xmws.m3u8
大湾区卫视,http://38.75.136.137:98/gslb/dsdqpub/nfws.m3u8?auth=%2A%2A%2A
安多卫视,https://liveout.xntv.tv/a65jur/96iln2.m3u8
延边卫视,http://120.76.248.139/live/bfgd/4200000117.m3u8
江苏卫视4K,http://8.138.7.223/tv/jsws4k.php
海峡卫视,http://8.138.7.223/tv/hxws.m3u8
深圳卫视4K,http://nn.7x9d.cn/深圳最新.php?id=szws4k
澳门卫视,http://php.jdshipin.com:8880/TVOD/iptv.php?id=as
福建海峡卫视,http://38.64.72.148:80/hls/modn/list/4009/playlist.m3u8
HOY78,http://cdn.163189.xyz/live/hoy/stream.m3u8
HOY TV,http://php.jdshipin.com/TVOD/iptv.php?id=hoytv
TVBS-Asia,http://38.64.72.148/hls/modn/list/4005/playlist.m3u8
TVBS新闻台,http://61.221.215.25:8800/hls/9/index.m3u8
Viutv,http://r.jdshipin.com/TcKr2
三立戏剧,http://61.221.215.25:8800/hls/41/index.m3u8
三立新闻,https://raw.githubusercontent.com/ChiSheng9/iptv/master/TV32.m3u8
东森财经新闻,https://raw.githubusercontent.com/ChiSheng9/iptv/master/TV03.m3u8
八大戏剧台,http://61.221.215.25:8800/hls/39/index.m3u8
凤凰资讯,http://r.jdshipin.com/0Rp07
凤凰资讯台,http://php.jdshipin.com/TVOD/iptv.php?id=fhzx
华丽翡翠台,http://r.jdshipin.com/thuYX
华视HD,https://raw.githubusercontent.com/ChiSheng9/iptv/master/TV12.m3u8
台视新闻,http://38.64.72.148/hls/modn/list/4013/chunklist1.m3u8
寰宇新闻台,https://raw.githubusercontent.com/ChiSheng9/iptv/master/TV02.m3u8
民视新闻HD,https://raw.githubusercontent.com/ChiSheng9/iptv/master/TV17.m3u8
纬来体育,https://epg.pw/stream/ab6df63b64d0cc44a1f4f029ed847a26fa54a7aebd455578fb05a63f02c22f4b.m3u8
纬来精采,http://61.221.215.25:8800/hls/48/index.m3u8
翡翠台4K,http://cdn6.163189.xyz/163189/fct4k
翡翠台北美版,http://php.jdshipin.com:8880/TVOD/iptv.php?id=j1
TVB星河,http://r.jdshipin.com/sXuuD
丽江古城万古楼遥望玉龙雪山,https://gcalic.v.myalicdn.com/gc/ljgcwglytylxs_1/index.m3u8
丽江古城大水车,https://gcalic.v.myalicdn.com/gc/ljgcdsc_1/index.m3u8
丽江古城大研花巷观景,https://gcalic.v.myalicdn.com/gc/ljgcdyhxgjt_1/index.m3u8
乌镇全景,https://gcalic.v.myalicdn.com/gc/zjwzblt_1/index.m3u8
乌镇蓝印花布,https://gcalic.v.myalicdn.com/gc/zjwzlyhb_1/index.m3u8
乌镇西市河,https://gcalic.v.myalicdn.com/gc/zjwzbblh_1/index.m3u8
乌镇龙形田,https://gcalic.v.myalicdn.com/gc/zjwzlxt_1/index.m3u8
乐山大佛全景,https://gcalic.v.myalicdn.com/gc/lsdfgfl_1/index.m3u8
云南丽江玉龙雪山,https://gcalic.v.myalicdn.com/gc/ylxs11_1/index.m3u8
云南丽江玉龙雪山草甸,https://gcalic.v.myalicdn.com/gc/hkylxs06_1/index.m3u8
云南白沙远眺玉龙雪山,https://gcalic.v.myalicdn.com/gc/hkylxs03_1/index.m3u8
五彩池,https://gcalic.v.myalicdn.com/gc/hlwcc_1/index.m3u8
任丘综合,https://jwcdnqx.hebyun.com.cn/live/rqtv1/1500k/tzwj_video.m3u8
八里沟风景区天界山玻璃栈道,https://gcalic.v.myalicdn.com/gc/blg03_1/index.m3u8
八里沟风景区桃花湾瀑布,https://gcalic.v.myalicdn.com/gc/blg05_1/index.m3u8
六盘山红军长征景区,https://gcalic.v.myalicdn.com/gc/lpsgmjng01_1/index.m3u8
兴隆综合,https://jwcdnqx.hebyun.com.cn/live/xlzh/1500k/tzwj_video.m3u8
南京玄武湖公园,https://gcalic.v.myalicdn.com/gc/xwh01_1/index.m3u8
四川四姑娘山隆珠措,https://gcalic.v.myalicdn.com/gc/sgns02_1/index.m3u8
四川峨眉山云海日出,https://gcalic.v.myalicdn.com/gc/emsarm_1/index.m3u8
四川峨眉山普贤菩萨铜像,https://gcalic.v.myalicdn.com/gc/emspxps_1/index.m3u8
四川峨眉山远眺万佛顶,https://gcalic.v.myalicdn.com/gc/emswfs_1/index.m3u8
四川峨眉山远眺贡嘎雪山,https://gcalic.v.myalicdn.com/gc/emsyh_1/index.m3u8
太谷新闻综合,https://p2.vzan.com/slowlive/596867413819827251/live.m3u8?zbid=1725814272&tpid=1516989100&type=0
安徽池州九华山风景区九华山,https://gcalic.v.myalicdn.com/gc/jhs05_1/index.m3u8
定襄综合,http://lbyzztfe.live.sxmty.com/live/hls/645ff4c60e0a49f0a203abbd73dd8be9/0720e665f10f48e98c9639f4f492fb4a-1.m3u8?zshanxd=
山东教育,https://test1.live.sdetv.com.cn/live/dianshizhibo/playlist.m3u8
平泉综合,https://jwcdnqx.hebyun.com.cn/live/pqzh/1500k/tzwj_video.m3u8
平湖民生休闲,http://l.cztvcloud.com/channels/lantian/SXpinghu2/720p.m3u8?zzhed=
广西桂林漓江景区,https://gcalic.v.myalicdn.com/gc/gllj01_1/index.m3u8
广西玉林大容山莲花山顶,https://gcalic.v.myalicdn.com/gc/drs01_1/index.m3u8
开化国家公园,http://l.cztvcloud.com/channels/lantian/SXkaihua2/720p.m3u8?zzhed=
恒山悬空寺全景,https://gcalic.v.myalicdn.com/gc/hsxksqj_1/index.m3u8
昌黎综合,https://jwcdnqx.hebyun.com.cn/live/clzhpd/1500k/tzwj_video.m3u8
普陀山,https://gcalic.v.myalicdn.com/gc/pts01_1/index.m3u8
梨园,https://dxtx.hntv.tv/live/lypd.m3u8?txSecret=%2A%2A%2A&txTime=7B923E0A&wsSecret=%2A%2A%2A&wsTime=1769313549
武乡新闻综合,http://uzoiczhh.live.sxmty.com/live/hls/0d41f1480c4042d49927858f01fde707/53130407737b417b9a6259b57246bae3.m3u8?zshanxd=
武汉一台新闻综合,https://ls.qingting.fm/live/20198/64k.m3u8
武汉文体,http://www.hiliu.myds.me:18088/rtp/239.69.1.147:10518
江苏南京牛首山,https://gcalic.v.myalicdn.com/gc/nss01_1/index.m3u8
江苏徐州云龙湖风景区云龙山观景台西,https://gcalic.v.myalicdn.com/gc/ylh04_1/index.m3u8
汾西综合,https://qmmqvzoz.live.sxmty.com/live/hls/f24f8a390c084386a564074c9260100c/be3fdf07606145739ab2c4b80fe0136a.m3u8?zshanxd=
河北4K,https://event.pull.hebtv.com:443/live/live101.m3u8
河北公共,http://1.94.31.214/php/hebei.php?id=hbgg
河北农民,http://ls.qingting.fm/live/1650.m3u8
河北少儿,http://1.94.31.214/php/hebei.php?id=sekj
河北影视,http://1.94.31.214/php/hebei.php?id=hbys
河北经济,http://1.94.31.214/php/hebei.php?id=jjsh
河北都市,http://1.94.31.214/php/hebei.php?id=hbds
河南民生,http://www.lwfz.fun:8800/rtp/239.16.20.165:11650
泰山主峰,https://gcalic.v.myalicdn.com/gc/taishan01_1/index.m3u8
泰山十八盘,https://gcalic.v.myalicdn.com/gc/taishan05_1/index.m3u8
泰山南天门,https://gcalic.v.myalicdn.com/gc/hkts07_1/index.m3u8
泰山大观峰,https://gcalic.v.myalicdn.com/gc/taishan03_1/index.m3u8
泰山太平岭,https://gcalic.v.myalicdn.com/gc/hkts09_1/index.m3u8
泰山望人松,https://gcalic.v.myalicdn.com/gc/taishan02_1/index.m3u8
泰山玉皇顶,https://gcalic.v.myalicdn.com/gc/taishan06_1/index.m3u8
泰山白云亭悬崖,https://gcalic.v.myalicdn.com/gc/hkts02_1/index.m3u8
泰山碧霞祠,https://gcalic.v.myalicdn.com/gc/hkts03_1/index.m3u8
浙江舟山东极岛,https://gcalic.v.myalicdn.com/gc/djd01_1/index.m3u8
清河经济综艺,https://jwcdnqx.hebyun.com.cn/live/qinghe1/1500k/tzwj_video.m3u8
湖南张家界天门山西线玻璃栈道,https://gcalic.v.myalicdn.com/gc/tms05_1/index.m3u8
湖南张家界宝峰湖,https://gcalic.v.myalicdn.com/gc/zjjbfh_1/index.m3u8
湖南张家界御笔峰,https://gcalic.v.myalicdn.com/gc/zjjybf_1/index.m3u8
湖南张家界水绕四门,https://gcalic.v.myalicdn.com/gc/zjjsrsm_1/index.m3u8
湖南电影,http://php.jdshipin.com:8880/iptv.php
湖州文化娱乐,http://hzcm-live.media.hugd.com/613c47f0ab0d4eaa98b21378d0db6ded/0051d31c9dd543a7825eea4e49675b2a.m3u8?auth_key=%2A%2A%2A
滦平新闻,http://jwplay.hebyun.com.cn/live/LPTV001/1500k/tzwj_video.m3u8
狮子山鸟瞰丽江古城,https://gcalic.v.myalicdn.com/gc/ljgcszsnkgc_1/index.m3u8
福建武夷山玉女峰,https://gcalic.v.myalicdn.com/gc/wysynf_1/index.m3u8
茶友频道,http://drive.mxmy.net:8888/udp/239.3.1.165:8001
荆门新闻综合,http://stream.jmtv.com.cn/xwzh/sd/live.m3u8
营山电视台,http://file.ysxtv.cn/cms/videos/nmip-media/channellive/channel4/playlist.m3u8?zsicd=#http://file.ysxtv.cn/cms/videos/nmip-media/channellive/channel4/playlist.m3u8
衡水公共,http://ls.qingting.fm/live/2810.m3u8
邢台综合,https://jwplay.hebyun.com.cn:443/live/xtsrmtzs/1500k/tzwj_video.m3u8
邯郸公共,https://jwcdnqx.hebyun.com.cn/live/hdgg/1500k/tzwj_video.m3u8
邯郸新闻,https://jwcdnqx.hebyun.com.cn/live/hdxwzh/1500k/tzwj_video.m3u8
邯郸科技教育,https://jwcdnqx.hebyun.com.cn/live/hdkj/1500k/tzwj_video.m3u8
邯郸科教,https://jwcdnqx.hebyun.com.cn/live/hdkj/1500k/tzwj_video.m3u8
长沙新闻,http://ls.qingting.fm/live/4877.m3u8
长沙新闻综合,http://ls.qingting.fm/live/4877.m3u8
长白山电视台,http://stream8.jlntv.cn/cbstv/sd/live.m3u8?zjild=
青岛崂山八水河,https://gcalic.v.myalicdn.com/gc/qdls02_1/index.m3u8
青岛崂山双福,https://gcalic.v.myalicdn.com/gc/qdls03_1/index.m3u8
青田电视台,http://l.cztvcloud.com/channels/lantian/SXqingtian1/720p.m3u8
鸣沙山,https://gcalic.v.myalicdn.com/gc/dhyyqst_1/index.m3u8
黄山,https://gcalic.v.myalicdn.com/gc/ahhs01_1/index.m3u8
黄山始信新道,https://gcalic.v.myalicdn.com/gc/hsyg_1/index.m3u8
黄山排云亭,https://gcalic.v.myalicdn.com/gc/hspyt_1/index.m3u8
黄山飞来石,https://gcalic.v.myalicdn.com/gc/hsptgy_1/index.m3u8
TVB娱乐新闻台,http://php.jdshipin.com/TVOD/iptv.php?id=tvbylxw
七台河新闻综合,http://live.qthnews.org.cn:1935/live/live1/800k/tzwj_video.m3u8
三明新闻综合,https://ls.qingting.fm/live/5022100/64k.m3u8
上海新闻综合,http://t.061899.xyz/tl/tl.php?id=shxwzh
上虞新闻综合,http://l.cztvcloud.com/channels/lantian/SXshangyu1/720p.m3u8?zzhed=
东莞新闻综合,https://stream.sun0769.com/dgrtv1/mp4tv1_800/index.m3u8
东莞生活资讯,https://stream.sun0769.com/dgrtv1/mp4tv2_800/index.m3u8
中国蓝新闻,http://ali-m-l.cztv.com/channels/lantian/channel009/1080p.m3u8
中视新闻,https://raw.githubusercontent.com/ChiSheng9/iptv/master/TV09.m3u8
云和新闻综合,http://l.cztvcloud.com/channels/lantian/SXyunhe1/720p.m3u8
亳州新闻,http://zbbf2.ahbztv.com/live/416.m3u8?zanhd=
余姚新闻综合,http://l.cztvcloud.com/channels/lantian/SXyuyao1/720p.m3u8?cWlkPSZzPTg3OWMwYmMyZDMzYTFhZGY3NDQxMjgyYTg1MmUzNTY0JmVzPTE3MDY2Nzc4NzMmdXVpZD0yMjdiY2MzNGNiNGY0MThlYjRiY2IxYzcwNmZjODNkMS02NzQ3NDY2NyZ2PTImYXM9MCZjZG5leF9pZD10eF9waG9uZV9saXZl=
六安新闻综合,http://ls.qingting.fm/live/267.m3u8
兰溪新闻综合,http://l.cztvcloud.com/channels/lantian/SXlanxi1/720p.m3u8
兵团五师双河新闻综合,http://liveout.btzx.com.cn/62ds9e/4nxdih.m3u8?fbl=
北京新闻,https://satellitepull.cnr.cn/live/wxbjxwgb/playlist.m3u8
南京新闻综合,http://nklive.nbs.cn/hls/d511bc9d-a694-4453-b3a2-4fc842cc97a1/index.m3u8
哈尔滨新闻综合,http://stream.hrbtv.net/xwzh/sd/live.m3u8?zheild=
哈尔滨资讯,http://stream.hrbtv.net/zxpd/sd/live.m3u8
嘉兴新闻综合,http://live.zohi.tv/video/s10001-fztv-1/index.m3u8
固镇新闻,http://www.guzhenm.com:7001/hls/hd-live.m3u8
安顺新闻,https://hplayer1.juyun.tv/camera/154379194.m3u8
嵊州新闻综合,http://l.cztvcloud.com/channels/lantian/SXshengzhou1/720p.m3u8?zzhed=#http://l.cztvcloud.com/channels/lantian/SXshengzhou1/720p.m3u8
平湖新闻综合,http://l.cztvcloud.com/channels/lantian/SXpinghu1/720p.m3u8?zzhed=
平遥新闻综合,https://tntgjhjb.live.sxmty.com/live/hls/3a4585ac11ec4e1bb07b419101b370c3/baf63e2b313440c2a25d7859f9b73b05-1.m3u8?zshanxd=
广东新闻,http://38.75.136.137:98/gslb/dsdqpub/gdxw.m3u8?auth=%2A%2A%2A
广州新闻,http://tencentplay.gztv.com/live/xinwen.m3u8?txSecret=%2A%2A%2A&txTime=18d57929bd3
广西新闻,http://38.75.136.137:98/gslb/dsdqpub/gxxw.m3u8?auth=%2A%2A%2A
庆元新闻综合,http://l.cztvcloud.com/channels/lantian/SXqingyuan1/720p.m3u8?fbl=
开化新闻综合,http://l.cztvcloud.com/channels/lantian/SXkaihua1/720p.m3u8?zzhed=
张掖新闻综合,https://play.kankanlive.com/live/1720583434627241.m3u8
文成新闻综合,http://l.cztvcloud.com/channels/lantian/SXwencheng1/720p.m3u8
新昌新闻综合,https://l.cztvcloud.com/channels/lantian/SXxinchang1/720p.m3u8
新沂新闻,http://live.xysrmt.cn/xwzh/sd/live.m3u8?zjiangsd%22=
新闻咨询,http://112.46.105.20:8009/hls/18/index.m3u8
新闻综合,https://m3u8channel.yunxya.com/nmip-media/channellive/channel100028/playlist.m3u8
旺苍新闻综合,http://live.spccmc.com:90/live/spxwzh.m3u8?%E5%85%B3%E6%B3%A8%E5%BE%AE%E4%BF%A1%E5%85%AC%E4%BC%97%E5%8F%B7%5B%E6%99%B4%E5%9B%AD%5D=
普陀新闻综合,http://l.cztvcloud.com/channels/lantian/SXputuo1/720p.m3u8
朝阳新闻综合,http://120.76.248.139/live/bfgd/4200000282.m3u8
松潘新闻综合,http://live.spccmc.com:90/live/spxwzh.m3u8
武义新闻综合,http://l.cztvcloud.com/channels/lantian/SXwuyi1/720p.m3u8?zzhed=
武进新闻,https://live.wjyanghu.com/live/CH1.m3u8
永嘉新闻综合,http://l.cztvcloud.com/channels/lantian/SXyongjia1/720p.m3u8
江夏新闻综合,http://59.175.226.142:280/gb28181/xwzh.m3u8?zhubd=
汶川新闻综合,http://live.iwcmt.cn:90/live/zhxw.m3u8
泸县新闻综合,https://m3u8channel.ganzitv.com/nmip-media/channellive/channel1/playlist.m3u8
浙江公共新闻,http://ali-m-l.cztv.com/channels/lantian/channel07/1080p.m3u8
浙江新闻,https://ali-m-l.cztv.com/channels/lantian/channel007/1080p.m3u8
海南新闻,http://ls.qingting.fm/live/1861.m3u8
海宁新闻综合,https://p2hs.vzan.com/slowlive/317913155078575177/live.m3u8
渭源新闻,http://play.kankanlive.com/live/1720408280309109.m3u8
湖州新闻综合,http://hzcm-live.media.hugd.com/3f5fa7d64c7c46a38c6bd8ad35e836cc/65128273761b4731ae53729ea6dcf932.m3u8?auth_key=%2A%2A%2A
灌阳新闻综合,https://ls.qingting.fm/live/5043/64k.m3u8
福建新闻,http://satellitepull.cnr.cn/live/wx32fjxwgb/playlist.m3u8
缙云新闻综合,http://l.cztvcloud.com/channels/lantian/SXjinyun1/720p.m3u8
舒兰新闻综合,http://stream8.jlntv.cn/shulan/sd/live.m3u8?_upt=332db6421699196585
苍南新闻综合,https://l.cztvcloud.com/channels/lantian/SXcangnan1/720p.m3u8
苏州新闻综合,https://live-auth.51kandianshi.com/szgd/csztv1.m3u8
苏州生活资讯,https://live-auth.51kandianshi.com/szgd/csztv5.m3u8
萧山新闻综合,https://l.cztvcloud.com/channels/lantian/SXxiaoshan1/720p.m3u8
衡阳新闻综合,https://liveplay-srs.voc.com.cn/hls/tv/183_554704.m3u8
衢江新闻综合,http://l.cztvcloud.com/channels/lantian/SXqujiang1/720p.m3u8?zzhed=
西宁新闻综合,https://liveout.xntv.tv/a65jur/96iln2.m3u8?zqinghd=
西安新闻,http://112.46.105.20:8009/hls/28/index.m3u8
诸暨新闻综合,http://l.cztvcloud.com/channels/lantian/SXzhuji3/720p.m3u8?zzhed=
象山新闻综合,http://l.cztvcloud.com/channels/lantian/SXxiangshan1/720p.m3u8
辉南新闻综合,http://stream5.jlntv.cn/hn/sd/live.m3u8
重庆新闻,http://38.75.136.137:98/gslb/dsdqpub/cqxw.m3u8?auth=%2A%2A%2A
金川新闻综合,http://139.203.180.9:90/live/zhxw.m3u8
铜陵新闻综合,https://ls.qingting.fm/live/21303/64k.m3u8
镇江新闻综合,http://cm-wshls.homecdn.com/live/2aa50.m3u8
陕西新闻咨询,http://112.46.105.20:8009/hls/18/index.m3u8
雅安新闻综合,https://play.yunxya.com/channellive/xinwen.m3u8
靖江新闻综合,http://ls.qingting.fm/live/23797.m3u8
黄山新闻综合,http://hslive.hsnewsnet.com/lsdream/hve9Wjs/1000/live.m3u8?zanhd=
黑龙江新闻,https://ls.qingting.fm/live/4974/64k.m3u8
龙泉新闻综合,http://l.cztvcloud.com/channels/lantian/SXlongquan1/720p.m3u8
龙游新闻综合,https://l.cztvcloud.com/channels/lantian/SXlongyou1/720p.m3u8
劲爆体育,http://t.061899.xyz/tl/tl.php?id=jbty
天元围棋,http://204.12.221.218:8181/3m1080p/gztywq.m3u8
天津体育,http://38.75.136.137:98/gslb/dsdqpub/tjtv5.m3u8?auth=%2A%2A%2A
广东体育,http://cdn2.163189.xyz/live/gdty/stream.m3u8
澳门体育,http://cdn6.163189.xyz/163189/amty
精品体育,https://epg.pw/stream/866a097a0907c9832440f8df38272dd555abf05200dfbafcc137e214c9b30ca7.m3u8
足球频道,https://epg.pw/stream/c7df950876e6a1ceb8be74ee86f9f702cebbbae29f1d15124ef8f86fd43161cf.m3u8
辽宁体育,http://dassby.qqff.top:99/live/辽宁体育/index.m3u8
1905电影网,http://8.138.7.223/tv/1905.php?id=LIVE8J4LTCXPI7QJ5
1905电影网（国内）,http://8.138.7.223/tv/1905.php?id=LIVEOYY31H24H48NE
CHC电影,http://183.237.95.108:9901/tsfile/live/1008_1.m3u8?key=%2A%2A%2A&playlive=0&authid=%2A%2A%2A
三国演义,https://live.ottiptv.cc/huya/11602081
上虞文化影院,http://l.cztvcloud.com/channels/lantian/SXshangyu2/720p.m3u8
与凤行,https://live.ottiptv.cc/huya/26355866
东阳影视生活,http://l.cztvcloud.com/channels/lantian/SXdongyang1/720p.m3u8
乌龙闯情关,https://live.ottiptv.cc/huya/26355767
亮剑,https://live.ottiptv.cc/huya/30080238
仙剑奇侠传,https://live.ottiptv.cc/yy/1382749903
伪装者,https://live.ottiptv.cc/yy/1354936244
倚天屠龙记,https://live.ottiptv.cc/huya/11342403
倩女幽魂人间道,http://jsmov2.a.yximgs.com/bs3/video-hls/5250634317044855747_hlsb.m3u8
倩女幽魂妖魔道,http://jsmov2.a.yximgs.com/bs3/video-hls/5232901391302199073_hlsb.m3u8
倩女幽魂道道道,http://jsmov2.a.yximgs.com/bs3/video-hls/5216294367991385255_hlsb.m3u8
冰冰影剧,http://www.goodiptv.club/douyu/74374
刀刀影院,http://www.goodiptv.club/douyu/747764
刑事侦缉档案,https://live.metshop.top/huya/29465856
刘德华电影,https://live.metshop.top/huya/11342424
创世纪,https://live.metshop.top/huya/29465852
功夫电影,https://live.metshop.top/huya/11352941
华语影视,http://www.goodiptv.club/douyu/3928
南宁影视娱乐,http://hls.nntv.cn/nnlive/YSYL_244.m3u8
古天乐电影,https://live.metshop.top/huya/29982675
古装武侠,http://www.goodiptv.club/douyu/2793084
句容影院,http://jrlive.jrntv.com/live/_definst_/yingshis/chunklist_w1994429382.m3u8?zjiangsd=
周星驰电影,https://live.metshop.top/huya/11342412
哈尔滨影视,http://stream.hrbtv.net/yspd/sd/live.m3u8?zheild=
唐诡之西行,https://live.ottiptv.cc/huya/26355763
士兵突击,https://live.ottiptv.cc/huya/11342430
大唐双龙传,https://live.metshop.top/huya/29465850
大时代,https://live.metshop.top/huya/23865161
大秦赋,https://live.ottiptv.cc/huya/23903130
天龙八部,https://live.ottiptv.cc/huya/20985816
如懿传,https://live.ottiptv.cc/huya/29465868
妙手仁心,https://live.metshop.top/huya/29465853
宇宙科幻合集,https://live.metshop.top/huya/11342428
寻秦记,https://live.metshop.top/huya/29465848
封神榜,https://live.ottiptv.cc/huya/29465849
射雕英雄传,https://live.ottiptv.cc/huya/23824164
少年包青天第一部,https://live.ottiptv.cc/huya/11352958
少年包青天第三部,https://live.ottiptv.cc/yy/1382736814
少年包青天第二部,https://live.ottiptv.cc/huya/11342425
庆余年,https://live.ottiptv.cc/huya/11352960
康熙微服私访记,https://live.ottiptv.cc/huya/11342418
康熙王朝,https://live.ottiptv.cc/huya/11352940
延禧攻略,https://live.ottiptv.cc/huya/26355864
强森电影,https://live.metshop.top/huya/21059581
怪兽电影,https://live.metshop.top/huya/21059577
成龙电影,https://live.metshop.top/huya/11342386
战争电影,https://live.metshop.top/huya/21059574
扫黄先锋,https://live.metshop.top/huya/29465855
斗鱼港剧,http://www.goodiptv.club/douyu/5061550
新三国,https://live.ottiptv.cc/huya/11352944
新三国（斗鱼）,https://live.ottiptv.cc/douyu/5908256
新水浒传,https://live.ottiptv.cc/huya/11342384
新白娘子传奇,https://live.ottiptv.cc/yy/1354490667
无心法师,https://live.metshop.top/huya/30080233
无线星河,http://r.jdshipin.com/Voac4
末日电影合集,https://live.ottiptv.cc/yy/1354889019
李连杰电影,https://live.metshop.top/huya/11342390
林正英电影,https://live.metshop.top/huya/11342421
枪战电影,https://live.metshop.top/huya/21059579
柳舟计,https://live.ottiptv.cc/huya/23860039
梦中的那片海,https://live.ottiptv.cc/huya/26355765
楚汉骄雄,https://live.metshop.top/huya/29465854
橙记港剧,http://www.goodiptv.club/douyu/4549169
欢乐颂,https://live.ottiptv.cc/yy/1382735624
欢笑剧场,http://38.75.136.137:98/gslb/dsdqpub/hxjchd.m3u8?auth=%2A%2A%2A
武侠电影,https://live.metshop.top/huya/11342427
水浒传,http://173.208.234.146/live/vlshz.m3u8
永夜星河,https://live.ottiptv.cc/huya/23734169
沈腾电影,https://live.metshop.top/huya/11601968
法政先锋,https://live.metshop.top/huya/23863804
洗冤录,https://live.metshop.top/huya/29465851
活佛济公3,https://live.metshop.top/huya/23903123
流水迢迢,https://live.ottiptv.cc/huya/23865036
浙江教科影视,http://ali-m-l.cztv.com/channels/lantian/channel04/1080p.m3u8
浙江教科影院,http://ali-m-l.cztv.com/channels/lantian/channel004/1080p.m3u8
热门港剧,http://www.goodiptv.club/douyu/5522351
爱情公寓,https://live.ottiptv.cc/huya/11336726
爱情公寓（斗鱼）,https://live.ottiptv.cc/douyu/4105989
父母爱情,https://live.ottiptv.cc/yy/1354926650
特种兵之火凤凰,https://live.ottiptv.cc/huya/29982636
狄仁杰电影,https://live.metshop.top/huya/30080229
玄幻电影,https://live.metshop.top/huya/11342414
王晶电影,https://live.metshop.top/huya/11602058
玫瑰的故事,https://live.ottiptv.cc/huya/23865142
甄子丹电影,https://live.metshop.top/huya/11352935
电影丧尸片,http://live.metshop.top/huya/21059578?cdn=alicdn
电影八点档,http://live.metshop.top/huya/880261?cdn=alicdn
电影刘德华,http://live.metshop.top/huya/11342424?cdn=alicdn
电影功夫片,http://live.metshop.top/huya/11352941?cdn=alicdn
电影动作电影,http://live.metshop.top/huya/11602077?cdn=alicdn
电影周星星,http://live.metshop.top/huya/11336587?cdn=alicdn
电影喜剧专场,http://live.metshop.top/huya/11602044?cdn=alicdn
电影嫣然影厅,http://live.metshop.top/huya/11601977?cdn=alicdn
电影战争片,http://live.metshop.top/huya/21059574?cdn=alicdn
电影搞笑喜剧,http://live.metshop.top/huya/11342423?cdn=alicdn
电影梁家辉,http://live.metshop.top/huya/11342429?cdn=alicdn
电影犯罪片,http://live.metshop.top/huya/11352974?cdn=alicdn
电影蜘蛛侠,http://live.metshop.top/huya/21059599?cdn=alicdn
电影谍战,http://live.metshop.top/huya/21059585?cdn=alicdn
电影谍战片,http://live.metshop.top/huya/21059587?cdn=alicdn
电影贺岁,http://live.metshop.top/huya/11601971?cdn=alicdn
电影高分动作,http://live.metshop.top/huya/11352884?cdn=alicdn
知否知否,https://live.ottiptv.cc/yy/21881901
神探狄仁杰第一部,https://live.ottiptv.cc/yy/1354930934
神探狄仁杰第三部,https://live.ottiptv.cc/douyu/6027991
神探狄仁杰第二部,https://live.ottiptv.cc/douyu/12655359
神雕侠侣,https://live.ottiptv.cc/huya/11352964
笑傲江湖,https://live.ottiptv.cc/huya/26355790
经典剧集,http://www.goodiptv.club/douyu/6863367
经典电影,https://txmov2.a.kwimgs.com/bs3/video-hls/5211790793651941963_hlsb.m3u8
罪犯电影,https://live.metshop.top/huya/11352962
芈月传,https://live.ottiptv.cc/huya/11352975
西游记,http://173.208.234.146/live/vlxyj.m3u8
西游记2,https://live.metshop.top/huya/29465859
西游记后传,https://live.ottiptv.cc/yy/1353392400
西游记续集,https://live.ottiptv.cc/douyu/3113309
谍战电影,https://live.metshop.top/huya/21059585
贝爷求生,http://www.goodiptv.club/douyu/9661369
贺岁电影,https://live.metshop.top/huya/11601986
辽宁影视剧,http://120.76.248.139/live/bfgd/4200000070.m3u8
邵氏影院,http://www.goodiptv.club/douyu/4246519
都市剧场,http://38.75.136.137:98/gslb/dsdqpub/dsjchd.m3u8?auth=%2A%2A%2A
野蛮亲家,https://live.metshop.top/huya/23863796
金庸武侠,https://live.metshop.top/huya/11342435
金枝欲孽,https://live.metshop.top/huya/29465847
鉴证实录,https://live.metshop.top/huya/23903183
铁齿铜牙纪晓岚,https://live.ottiptv.cc/huya/11342396
闯关东,http://173.208.234.146/live/lbchuangguandong.m3u8
陀枪师姐,https://live.metshop.top/huya/29465857
陈情令,https://live.ottiptv.cc/huya/29465862
隋唐英雄传,https://live.ottiptv.cc/yy/1352475619
雪豹,https://live.ottiptv.cc/huya/29580970
韩国电影1,https://stream.ads.ottera.tv/playlist.m3u8?network_id=595
韩国电影2,https://stream.ads.ottera.tv/playlist.m3u8?network_id=743
鬼吹灯之云南虫谷,https://live.ottiptv.cc/huya/11352898
鬼吹灯之怒晴湘西,https://live.ottiptv.cc/huya/11602075
鬼吹灯之精绝古城,https://live.ottiptv.cc/huya/11352871
鬼吹灯之龙岭迷窟,https://live.ottiptv.cc/huya/29465863
鹿鼎记,https://live.ottiptv.cc/yy/28265277
黄渤电影,https://live.metshop.top/huya/11352876
黑莓电影,https://epg.pw/stream/ffcb6572863f0745a7369fbd9d901f1dfd0ab8fab8bad8bebb4e01c90b303c47.m3u8
龙华电影,https://cdn8.163189.xyz/live/lhdy/stream.m3u8
龙门飞甲,http://jsmov2.a.yximgs.com/bs3/video-hls/5203346449046555193_hlsb.m3u8
七龙珠,https://live.metshop.top/huya/11601966
中华小当家,https://live.ottiptv.cc/huya/11342413
优漫卡通,http://t.061899.xyz/tl/tl.php?id=ymkt
南京少儿,http://nklive.nbs.cn/hls/e0981f3f-1a20-4a59-b8d1-17feb83a4610/index.m3u8
名侦探柯南,https://live.ottiptv.cc/huya/30080236
哆啦A梦,https://live.ottiptv.cc/huya/11601963
喜羊羊与灰太狼,https://live.ottiptv.cc/huya/23865080
浙江少儿,http://ali-m-l.cztv.com/channels/lantian/channel008/1080p.m3u8
海南少儿,http://nn.7x9d.cn/地方台8563/海南.php?id=sepd
海绵宝宝,https://live.metshop.top/douyu/3949681
漫画解说,https://www.goodiptv.club/douyu/5907076
灌篮高手,https://live.ottiptv.cc/yy/1382735626
猫和老鼠,https://live.ottiptv.cc/huya/11352879
福州少儿,http://live.zohi.tv/video/s10001-fztv-4/index.m3u8
精灵宝可梦,https://live.ottiptv.cc/huya/23749096
韩国EBS少儿,http://ebsonairios.ebs.co.kr/ebsutablet500k/tablet500k/playlist.m3u8
黑龙江少儿,https://ls.qingting.fm/live/4972/64k.m3u8
BRTV纪实科教,http://120.76.248.139/live/bfgd/4200000113.m3u8
CGTN纪录,https://0472.org/hls/cgtnd.m3u8
RT Doc-Русский（俄语纪录）,https://rt-doc.rttv.com/dvr/rtdru/rtdru1080.m3u8
RT Documentary（英语纪录）,https://rt-rtd.rttv.com/dvr/rtdoc/playlist_4500Kb.m3u8
东丰,http://stream5.jlntv.cn/df/sd/live.m3u8?zjild=
中国村庄,http://newcntv.qcloudcdn.com/asp/hls/4000/0303000a/3/default/93fc12dbf14241c18c23da104fbade23/4000.m3u8
之江纪录,http://ali-m-l.cztv.com/channels/lantian/channel012/1080p.m3u8
九台,http://stream10.jlntv.cn/jiutaitv/sd/live.m3u8?zjild=
人与自然,http://newcntv.qcloudcdn.com/asp/hls/1200/0303000a/3/default/1425e1d505654cb48ba82b807b221193/1200.m3u8
兵团五师双河影,https://liveout.btzx.com.cn/62ds9e/6o77s4.m3u8?zxinjd=
双辽,http://stream5.jlntv.cn/sl/sd/live.m3u8?zjild=
地理中国,http://newcntv.qcloudcdn.com/asp/hls/1200/0303000a/3/default/c6baf6f74bb944aeacee1065ea72c798/1200.m3u8
奎屯汉语,http://218.84.12.186:8001/hls/main/playlist.m3u8?zxinjd=
敦化一套,http://stream8.jlntv.cn/dhtv/playlist.m3u8?zjild=
柳河,http://stream5.jlntv.cn/lh/sd/live.m3u8?zjild=
桦甸,http://stream10.jlntv.cn/huadian/sd/live.m3u8?zjild=
江津新闻,http://222.179.155.21:1935/ch1.m3u8?zzhongqd=
汪清,http://stream5.jlntv.cn/wq/sd/live.m3u8?zjild=
玛纳斯,http://218.84.127.245:1026/hls/main1/playlist.m3u8?zxinjd=
珲春新闻,http://stream8.jlntv.cn/hctv/sd/live.m3u8?zjild=
白山公共,http://stream8.jlntv.cn/baishan2/playlist.m3u8?zjild=
磐石,http://stream5.jlntv.cn/ps/sd/live.m3u8?zjild=
纪实人文,http://8.138.7.223/tv/shtv.php?id=xjs
纪实科教,http://120.76.248.139/live/bfgd/4200000113.m3u8
舒兰新闻,http://stream8.jlntv.cn/shulan/sd/live.m3u8?zjild=
航拍中国第二季,http://newcntv.qcloudcdn.com/asp/hls/4000/0303000a/3/default/2bdfdad540b342f592f9817cb7f3b79a/4000.m3u8
辉南新闻,http://stream5.jlntv.cn/hn/sd/live.m3u8?zjild=
通化县,http://stream5.jlntv.cn/thx/sd/live.m3u8?zjild=
靖宇,http://stream8.jlntv.cn/jytv/sd/live.m3u8?zjild=
飞碟之谜01,https://hls.cntv.lxdns.com/asp/hls/2000/0303000a/3/default/f0a47e155d32450daa1d36a04fd7d262/2000.m3u8
飞碟之谜02,https://newcntv.qcloudcdn.com/asp/hls/2000/0303000a/3/default/d2454bbb542d4613a9db478dab2addfd/2000.m3u8
龙井,http://stream8.jlntv.cn/ljtv/sd/live.m3u8?zjild=
音乐欣赏,http://61.221.215.25:8800/hls/49/index.m3u8
音乐现场,https://satellitepull.cnr.cn/live/wx32nmgyygb/playlist.m3u8
七彩戏剧,http://t.061899.xyz/tl/tl.php?id=qcxj
澳门综艺,http://cdn6.163189.xyz/163189/amzy
龙华戏剧,https://cdn8.163189.xyz/live/lhxj/stream.m3u8
南京教科,http://nklive.nbs.cn/hls/75b3c462-b831-4de7-a34b-5d3221db2069/index.m3u8
句容党建,http://jrlive.jrntv.com/live/_definst_/dangjians/playlist.m3u8?%E5%85%B3%E6%B3%A8%E5%BE%AE%E4%BF%A1%E5%85%AC%E4%BC%97%E5%8F%B7%5B%E6%99%B4%E5%9B%AD%5D=
浙江教科,http://ali-m-l.cztv.com/channels/lantian/channel004/1080p.m3u8
浙江教育,http://ali-m-l.cztv.com/channels/lantian/channel04/720p.m3u8
浙江留学,http://ali-vl.cztv.com/channels/lantian/channel009/360p.m3u8
辽宁教育青少,http://120.76.248.139/live/bfgd/4200000075.m3u8
1987年春晚,https://txmov2.a.kwimgs.com/bs3/video-hls/5195746663405928031_hlsb.m3u8
1988年春晚,https://txmov2.a.kwimgs.com/bs3/video-hls/5216575810935394655_hlsb.m3u8
1989年春晚,https://txmov2.a.kwimgs.com/bs3/video-hls/5194620763762726260_hlsb.m3u8
1993年春晚,https://alimov2.a.kwimgs.com/upic/2023/01/13/22/BMjAyMzAxMTMyMjEwMDNfNDAzMDAxOTlfOTM1MTIzMzYwODJfMF8z_b_B647d10e431b4cc5e48e6c77347d69021.mp4
1994年春晚,https://alimov2.a.kwimgs.com/upic/2023/01/13/22/BMjAyMzAxMTMyMjEwMDNfNDAzMDAxOTlfOTM1MTIzMzYxMjNfMF8z_b_B3dde97f36273f04403d4dc5eec611a35.mp4
1995年春晚,https://alimov2.a.kwimgs.com/upic/2023/01/13/20/BMjAyMzAxMTMyMDA5MjJfNDAzMDAxOTlfOTM0OTkwNDQwNzVfMF8z_b_B811c0dec6b9a3d3074a18522c185010a.mp4
1996年春晚,https://alimov2.a.kwimgs.com/upic/2023/01/13/22/BMjAyMzAxMTMyMjEwMDNfNDAzMDAxOTlfOTM1MTIzMzYxNTJfMF8z_b_Bd841eae10ab1c9955ef55fbedfae6c45.mp4
2000年春晚,https://alimov2.a.kwimgs.com/upic/2023/01/13/21/BMjAyMzAxMTMyMTE4MzRfNDAzMDAxOTlfOTM1MDY4ODIxMTNfMF8z_b_Bdddf4e7ef0ff6cfd477857bb40e78419.mp4
2001年春晚,https://alimov2.a.kwimgs.com/upic/2023/01/13/20/BMjAyMzAxMTMyMDA5MjJfNDAzMDAxOTlfOTM0OTkwNDQyMDFfMF8z_b_B70592cb7c4054e9cabb675e849bbf4bd.mp4
2002年春晚,https://alimov2.a.kwimgs.com/upic/2023/01/13/21/BMjAyMzAxMTMyMTE4MzRfNDAzMDAxOTlfOTM1MDY4ODIxNDdfMF8z_b_Ba6271d10b7e6cfae83759033a091f257.mp4
2003年春晚,https://alimov2.a.kwimgs.com/upic/2023/01/14/23/BMjAyMzAxMTQyMzQxNDdfNDAzMDAxOTlfOTM2MTU0MTk1NDFfMF8z_b_B182749d2cd2ea9323639254af385f24b.mp4
2004年春晚,https://alimov2.a.kwimgs.com/upic/2023/01/13/21/BMjAyMzAxMTMyMTE4MzRfNDAzMDAxOTlfOTM1MDY4ODIxOTVfMF8z_b_B86c4430b82ff5a7f4e8132f6ee558536.mp4
2005年春晚,https://alimov2.a.kwimgs.com/upic/2023/01/13/20/BMjAyMzAxMTMyMDA5MjJfNDAzMDAxOTlfOTM0OTkwNDQyMzhfMF8z_b_B35ad7cc86aec8fc9e5ddfb31fc7bed63.mp4
2006年春晚,https://alimov2.a.kwimgs.com/upic/2023/01/13/20/BMjAyMzAxMTMyMDA5MjJfNDAzMDAxOTlfOTM0OTkwNDQyNzlfMF8z_b_Bbc3703fc331dc994c50859c19aad28ff.mp4
2007年春晚,https://alimov2.a.kwimgs.com/upic/2023/01/13/20/BMjAyMzAxMTMyMDA5MjJfNDAzMDAxOTlfOTM0OTkwNDQzMjNfMF8z_b_B00b069c7899976459ceeaa99353dfefe.mp4
2009年春晚,https://alimov2.a.kwimgs.com/upic/2023/01/13/20/BMjAyMzAxMTMyMDA5MjJfNDAzMDAxOTlfOTM0OTkwNDQzOTBfMF8z_b_B29a36a85e0277f6c2a1f033ef7c10708.mp4
2010年春晚,https://alimov2.a.kwimgs.com/upic/2023/01/13/20/BMjAyMzAxMTMyMDA5MjJfNDAzMDAxOTlfOTM0OTkwNDQ0MjlfMF8z_b_B8818807a00eed329a69fb494f405bd43.mp4
2013年春晚,https://alimov2.a.kwimgs.com/upic/2023/01/13/20/BMjAyMzAxMTMyMDA5MjJfNDAzMDAxOTlfOTM0OTkwNDQ1NjNfMF8z_b_B4fea55408dca4471a68a963ae096be59.mp4
2014年春晚,https://alimov2.a.kwimgs.com/upic/2023/01/06/16/BMjAyMzAxMDYxNjMxMTNfNDAzMDAxOTlfOTI4OTY2ODAzNjlfMF8z_b_Bdee65c77f9e7b2120a185c919dad81d2.mp4
2018年春晚,https://alimov2.a.kwimgs.com/upic/2023/01/06/16/BMjAyMzAxMDYxNjMxMTRfNDAzMDAxOTlfOTI4OTY2ODE2MTBfMF8z_b_B11a778e34390a21de42d407e94f45b91.mp4
2019年春晚,https://alimov2.a.kwimgs.com/upic/2023/01/06/16/BMjAyMzAxMDYxNjMxMTRfNDAzMDAxOTlfOTI4OTY2ODE2MTBfMF8z_b_B11a778e34390a21de42d407e94f45b91.mp4
2024年春晚,https://p2.bdstatic.com/rtmp.liveshow.lss-user.baidubce.com/live/stream_bduid_6488563992_8982723413/merged_1707497046297_88536_25144_41936.m3u8
ABC News Live,https://d4ybyqrhce41r.cloudfront.net/v1/master/3fec3e5cac39a52b2132f9c66c83dae043dc17d4/prod-xumo-linear-nbcu-hlsv3/master.m3u8?ads.channelId=99991626
Arirang,https://amdlive-ch01-ctnd-com.akamaized.net/arirang_1ch/smil:arirang_1ch.smil/chunklist_b3256000_sleng.m3u8
Astro AOD,http://php.jdshipin.com/TVOD/iptv.php?id=aod
Beautiful Life TV,https://5ddce30eb4b55.streamlock.net/bltvhd/bltv1/playlist.m3u8
Bloomberg Asia,https://epg.pw/stream/d2edf469b9079064a283f4b0811cbf6f2597ebbb3d08dcf77036a4b5a791b7cf.m3u8
CBC News,https://dbrb49pjoymg4.cloudfront.net/v1/master/3fec3e5cac39a52b2132f9c66c83dae043dc17d4/prod_default_xumo-ams-aws/master.m3u8?ads.xumo_channelId=99991276
CGTN英语,https://0472.org/hls/cgtn.m3u8
CH5,https://cdn6.163189.xyz/163189/ch5
CH8,https://cdn6.163189.xyz/163189/ch8
CHU,https://cdn6.163189.xyz/163189/chu
CNA,https://d2e1asnsl7br7b.cloudfront.net/7782e205e72f43aeb4a48ec97f66ebbe/index_5.m3u8
CTi News,https://raw.githubusercontent.com/ChiSheng9/iptv/master/TV28.m3u8
Dali TV,http://www.dalitv.com.tw:4568/live/dali/index.m3u8
DW,https://raw.githubusercontent.com/ChiSheng9/iptv/master/TV08.m3u8
ET Mall 60,https://raw.githubusercontent.com/ChiSheng9/iptv/master/TV18.m3u8
Genius Go Go Go,https://raw.githubusercontent.com/ChiSheng9/iptv/master/TV26.m3u8
Global News,https://raw.githubusercontent.com/ChiSheng9/iptv/master/TV02.m3u8
Good,https://live.streamingfast.net/osmflivech1.m3u8
Good 2,https://live.streamingfast.net/osmflivech2.m3u8
JP1,https://raw.githubusercontent.com/ChiSheng9/iptv/master/TV15.m3u8
KPop,https://raw.githubusercontent.com/ChiSheng9/iptv/master/TV16.m3u8
mnews,https://ythls.armelin.one/channel/UC4LjkybVKXCDlneVXlKAbmw.m3u8
Momo 1,https://raw.githubusercontent.com/ChiSheng9/iptv/master/TV04.m3u8
Momo 2,https://raw.githubusercontent.com/ChiSheng9/iptv/master/TV05.m3u8
Newsmax,http://nmxlive.akamaized.net/hls/live/529965/Live_1/index.m3u8
NOW NEWS,http://cdn.163189.xyz/163189/now
NU,https://raw.githubusercontent.com/ChiSheng9/iptv/master/TV10.m3u8
NU2,https://raw.githubusercontent.com/ChiSheng9/iptv/master/TV14.m3u8
Pet Club TV,https://cdn-apse1-prod.tsv2.amagi.tv/linear/amg01076-lightningintern-petclub-samsungnz/playlist.m3u8
RT Arabic（阿语）,https://rt-arb.rttv.com/dvr/rtarab/playlist_4500Kb.m3u8
RT Balkan （塞尔维亚语）,https://rt-srb.rttv.com/dvr/rtbalkan/playlist_4500Kb.m3u8
RT DE（德语）,https://rt-ger.rttv.com/dvr/rtdeutsch/playlist_4500Kb.m3u8
RT Español（西语）,https://rt-esp.rttv.com/dvr/rtesp/playlist_4500Kb.m3u8
RT Français（法语）,https://rt-fra.rttv.com/dvr/rtfrance/playlist_4500Kb.m3u8
RT News（英语国际）,https://rt-glb.rttv.com/dvr/rtnews/playlist_4500Kb.m3u8
RTHK31,http://php.jdshipin.com:8880/TVOD/iptv.php?id=rthk31
RTHK32,http://php.jdshipin.com:8880/TVOD/iptv.php?id=rthk32
Supreme Master TV,https://lbs-us1.suprememastertv.com/720p.m3u8
Taiwan Plus TV,https://raw.githubusercontent.com/ChiSheng9/iptv/master/TV78.m3u8
Trace Sports,https://lightning-tracesport-samsungau.amagi.tv/playlist1080p.m3u8
TVB News,http://r.jdshipin.com/CkuBd
TVB Plus,http://r.jdshipin.com/ndGgS
Wild Earth,https://wildearth-plex.amagi.tv/masterR1080p.m3u8
WionNews,https://d7x8z4yuq42qn.cloudfront.net/index_7.m3u8
万荣综合,http://60.222.246.220:19433/hls1.m3u8
上海外语,http://t.061899.xyz/tl/tl.php?id=shics
上虞新商都,http://l.cztvcloud.com/channels/lantian/SXshangyu3/720p.m3u8?zzhed=
东丰综合,http://stream3.jlntv.cn:80/aac_dfgb/playlist.m3u8
中华特产,http://120.76.248.139/live/bfgd/4200000158.m3u8
中央电视塔东,https://gcalic.v.myalicdn.com/gc/ztd_1/index.m3u8
中央电视塔南,https://gcalic.v.myalicdn.com/gc/ztn_1/index.m3u8
乐游频道,http://8.138.7.223/tv/shtv.php?id=ly
乐至综合,http://175.155.106.72:89/live1/live1.m3u8?zsicd=
九台综合,http://stream10.jlntv.cn/jiutaitv/sd/live.m3u8
云南丽江冰川,https://gcalic.v.myalicdn.com/gc/hkylxs05_1/index.m3u8
云南丽江印象实景,https://gcalic.v.myalicdn.com/gc/hkylxs01_1/index.m3u8
云南丽江蓝月谷,https://gcalic.v.myalicdn.com/gc/ylxs12_1/index.m3u8
云南大理崇圣寺三塔中景,https://gcalic.v.myalicdn.com/gc/dlst03_1/index.m3u8
云南大理崇圣寺三塔远景,https://gcalic.v.myalicdn.com/gc/dlst01_1/index.m3u8
云霄综合,http://live.zzyxxw.com:85/live/xwzh.m3u8
井研综合,http://tvfile.jyrmt.cn/nmip-media/channellive/channel104452/playlist.m3u8
亚洲武侠,http://php.jdshipin.com/TVOD/iptv.php?id=yzwx
亳州农村,http://zbbf2.ahbztv.com/live/418.m3u8?zanhd=
仁寿综合,https://play.scrstv.com.cn/DT/live.m3u8?auth_key=%2A%2A%2A
伊犁哈萨克,http://110.153.180.106:55555/out_3/index.m3u8?zxinjd=
伊犁经济法制,http://110.153.180.106:55555/out_4/index.m3u8
伊犁维吾尔,http://110.153.180.106:55555/out_2/index.m3u8
优优宝贝,http://120.76.248.139/live/bfgd/4200000153.m3u8
余姚姚江文化,http://l.cztvcloud.com/channels/lantian/SXyuyao3/720p.m3u8?zzhed=
余姚综合,http://l.cztvcloud.com/channels/lantian/SXyuyao1/720p.m3u8?zzhed=
余杭未来E,http://l.cztvcloud.com/channels/lantian/SXyuhang3/720p.m3u8?zzhed=
余杭未来E频道,http://l.cztvcloud.com/channels/lantian/SXyuhang3/720p.m3u8?zzhed=
余杭综合,http://l.cztvcloud.com/channels/lantian/SXyuhang1/720p.m3u8
余杭综合频道,http://l.cztvcloud.com/channels/lantian/SXyuhang1/720p.m3u8?zzhed=
使徒行者,https://live.metshop.top/huya/23734256
信大,https://raw.githubusercontent.com/ChiSheng9/iptv/master/TV07.m3u8
八度空间,https://cdn6.163189.xyz/163189/8tv
六安公共,http://ls.qingting.fm/live/1794199.m3u8
剑阁综合,https://m3u8.channel.dzsm.com/nmip-media/channellive/channel105549/playlist.m3u8
北京科教,http://120.76.248.139/live/bfgd/4200000113.m3u8
千禧经典,http://cdn9.163189.xyz/smt3.1.1.php?id=Tvbclassic
南国都市,http://tencentplay.gztv.com/live/nanguodushi.m3u8?txSecret=%2A%2A%2A&txTime=18d57929bd4
南国都市4K,https://tencentplay.gztv.com/live/nanguodushi.m3u8?txSecret=%2A%2A%2A&txTime=1903e7b17de
南宁都市生活,http://615bbf179ba53515dccad7b1da5d1ad9.livehwc3.cn/hls.nntv.cn/nnlive/WLSH_24.m3u8?sub_m3u8=true&edge_slice=true&user_session_id=2598844eaee8a4265e706fc14b3fc11d
厦门鼓浪屿,https://gcalic.v.myalicdn.com/gc/gly01_1/index.m3u8
双辽综合,http://stream3.jlntv.cn:80/aac_slgb/playlist.m3u8
古县综合,https://l2fpdktp.live.sxmty.com/live/hls/e4c3b363cc4549788e2d983f403e07db/d99ce1eb686e41b9afc888110bd95aa7.m3u8?zshanxd=
句容生活,http://jrlive.jrntv.com/live/_definst_/shenghuos/playlist.m3u8?%E5%85%B3%E6%B3%A8%E5%BE%AE%E4%BF%A1%E5%85%AC%E4%BC%97%E5%8F%B7%5B%E6%99%B4%E5%9B%AD%5D=
可克达拉综合,http://file.loulannews.cn/nmip-media/channellive/channel103824/playlist.m3u8
吉林乡村,https://satellitepull.cnr.cn/live/wxjlxcgb/playlist.m3u8
名山综合,https://m3u8channel-bx.yunxya.com/nmip-media/channellive/channel104666/playlist.m3u8
哈尔滨娱乐,http://stream.hrbtv.net/ylpd/sd/live.m3u8?zheild=
哈尔滨生活,http://stream.hrbtv.net/shpd/sd/live.m3u8?zheild=
哈尔滨都市咨询,http://stream.hrbtv.net/zxpd/sd/live.m3u8?zheild=
嘉峪关综合,http://play.kankanlive.com/live/1720583434627241.m3u8
四川科教,http://182.150.115.21:8030/pcgacg/pcgacg_0.m3u8
四海钓鱼,http://120.76.248.139/live/bfgd/4200000229.m3u8
大宁综合,http://live.daningtv.com/aac_dngb/playlist.m3u8
大立电视台,http://www.dalitv.com.tw:4568/live/dali/index.m3u8
天涯石,https://gcalic.v.myalicdn.com/gc/tyhjtys_1/index.m3u8
天祝综合,https://play.kankanlive.com/live/1656487214793905.m3u8
奎屯哈萨克语,http://218.84.12.186:8002/hls/main/playlist.m3u8?zxinjd=
安徽国际,https://m.italkbbtv.com/live/6a3a3784260d0d240f66a62c
安徽导视,http://dspdhls.appcoo.com:8888/live/dspd/index.m3u8
安徽黟县芦村远眺,https://gcalic.v.myalicdn.com/gc/yxlcyt_1/index.m3u8
安徽黟县西递牌坊,https://gcalic.v.myalicdn.com/gc/yxxdpf_1/index.m3u8
宾阳综合,http://pulls.myun.tv/live/0dkp33j5.m3u8
宿州科教,http://live.ahsz.tv/video/s10001-kxjy/index.m3u8
山东生活,http://ls.qingting.fm/live/60260.m3u8
嵊泗综合,http://l.cztvcloud.com/channels/lantian/SXshengzhou1/720p.m3u8?zzhed=
广东大湾区,http://222.128.55.152:9080/live/dwq.m3u8
广东民生,http://38.75.136.137:98/gslb/dsdqpub/gdgg.m3u8?auth=%2A%2A%2A
广东珠江,http://38.75.136.137:98/gslb/dsdqpub/gdzja.m3u8?auth=%2A%2A%2A
广元公共,https://m3u8.channel.dzsm.com/nmip-media/channellive/channel101257/playlist.m3u8
广元综合,https://m3u8.channel.dzsm.com/nmip-media/channellive/channel100999/playlist.m3u8
广安公共,http://live1.gatv.com.cn:85/live/GGPD_ggpdzm.m3u8
广州竞赛,http://8.138.7.223/tv/gzjs.m3u8
广州综合,http://tencentplay.gztv.com/live/zonghes.m3u8?txSecret=%2A%2A%2A&txTime=18d3c4690e8
广德生活,https://live.gdtv.ah.cn/live/newsTV.m3u8
广西国际,http://38.75.136.137:98/gslb/dsdqpub/gxgj.m3u8?auth=%2A%2A%2A
庆元综合,http://l.cztvcloud.com/channels/lantian/SXqingyuan1/720p.m3u8?zzhed%3F=
延边2,http://stream5.jlntv.cn/wq/playlist.m3u8
张掖七彩丹霞,https://gcalic.v.myalicdn.com/gc/zyqcdx01_1/index.m3u8
德惠综合,http://stream11.jlntv.cn/dehuitv/sd/live.m3u8
快乐垂钓,http://drive.mxmy.net:8888/udp/239.3.1.164:8001
怀仁综合,https://1yp7hc5p.live.sxmty.com/live/hls/bff8529922344209985b6e49baa9555a/efa2543628fc4a7ea93d3d6c975f77dc-1.m3u8
数码时代,http://ali-m-l.cztv.com/channels/lantian/channel12/720p.m3u8?zzhed=
文成综合,http://l.cztvcloud.com/channels/lantian/SXwencheng1/720p.m3u8?zzhed%3F=
新昌生活,http://l.cztvcloud.com/channels/lantian/SXxinchang2/720p.m3u8
新沂生活,http://live.xysrmt.cn/shpd/sd/live.m3u8?zjiangsd=
新视觉HD,http://120.76.248.139/live/bfgd/4200000249.m3u8
易门综合,https://zb-live.ynurl.com/yimen/3b75a2f9-7941-46b7-992d-a9796fbca5fe.m3u8
春晚1983,https://alimov2.a.kwimgs.com/upic/2022/01/31/15/BMjAyMjAxMzExNTU5MTRfNDAzMDAxOTlfNjYyNzMxNjcwMjBfMF8z_b_Beb3bda599f76c60c463c433ca7460153.mp4
春晚1984,https://alimov2.a.kwimgs.com/upic/2022/01/31/15/BMjAyMjAxMzExNTU5NTRfNDAzMDAxOTlfNjYyNzMyMzg3MTRfMF8z_b_B192356dadbc90d207ba16964d4c2914c.mp4
春晚1985,https://alimov2.a.kwimgs.com/upic/2022/01/31/16/BMjAyMjAxMzExNjAwMDFfNDAzMDAxOTlfNjYyNzMyNTAwMzJfMF8z_b_Be73c5abcbc0eeb2ec9fce6842e1362a4.mp4
春晚1986,https://alimov2.a.kwimgs.com/upic/2022/01/31/16/BMjAyMjAxMzExNjAwMDRfNDAzMDAxOTlfNjYyNzMyNTU0OTRfMF8z_b_B24f7d19f1132fa5d7f502f8377ad5567.mp4
春晚1987,https://alimov2.a.kwimgs.com/upic/2022/01/31/16/BMjAyMjAxMzExNjAwMDhfNDAzMDAxOTlfNjYyNzMyNjMyMDNfMF8z_b_B570493ed8f7200d4013a66b2d21b2de9.mp4
春晚1988,https://alimov2.a.kwimgs.com/upic/2022/01/31/16/BMjAyMjAxMzExNjAwMTJfNDAzMDAxOTlfNjYyNzMyNjkxNjBfMF8z_b_B8c835b83a92d25bde81ba22c5cd9521e.mp4
春晚1989,https://alimov2.a.kwimgs.com/upic/2022/01/31/16/BMjAyMjAxMzExNjAwMTVfNDAzMDAxOTlfNjYyNzMyNzQ2OTlfMF8z_b_Be477b27b9ce655d2372df56a5a3d96ef.mp4
春晚1991,https://alimov2.a.kwimgs.com/upic/2022/01/31/16/BMjAyMjAxMzExNjI2MTVfNDAzMDAxOTlfNjYyNzYwNjUxNjVfMF8z_b_B8feb7b85888678d71bf37a259c6850f6.mp4
春晚1993,https://alimov2.a.kwimgs.com/upic/2023/01/13/22/BMjAyMzAxMTMyMjEwMDNfNDAzMDAxOTlfOTM1MTIzMzYwODJfMF8z_b_B647d10e431b4cc5e48e6c77347d69021.mp4
春晚1994,https://alimov2.a.kwimgs.com/upic/2023/01/13/22/BMjAyMzAxMTMyMjEwMDNfNDAzMDAxOTlfOTM1MTIzMzYxMjNfMF8z_b_B3dde97f36273f04403d4dc5eec611a35.mp4
春晚1995,https://alimov2.a.kwimgs.com/upic/2023/01/13/20/BMjAyMzAxMTMyMDA5MjJfNDAzMDAxOTlfOTM0OTkwNDQwNzVfMF8z_b_B811c0dec6b9a3d3074a18522c185010a.mp4
春晚1996,https://alimov2.a.kwimgs.com/upic/2023/01/13/22/BMjAyMzAxMTMyMjEwMDNfNDAzMDAxOTlfOTM1MTIzMzYxNTJfMF8z_b_Bd841eae10ab1c9955ef55fbedfae6c45.mp4
春晚1999,https://alimov2.a.kwimgs.com/upic/2023/01/13/20/BMjAyMzAxMTMyMDA5MjJfNDAzMDAxOTlfOTM0OTkwNDQxNTRfMF8z_b_B0b5e52bc003285ef66ec0cbb2be08556.mp4
春晚2000,https://alimov2.a.kwimgs.com/upic/2023/01/13/21/BMjAyMzAxMTMyMTE4MzRfNDAzMDAxOTlfOTM1MDY4ODIxMTNfMF8z_b_Bdddf4e7ef0ff6cfd477857bb40e78419.mp4
春晚2001,https://alimov2.a.kwimgs.com/upic/2023/01/13/20/BMjAyMzAxMTMyMDA5MjJfNDAzMDAxOTlfOTM0OTkwNDQyMDFfMF8z_b_B70592cb7c4054e9cabb675e849bbf4bd.mp4
春晚2002,https://alimov2.a.kwimgs.com/upic/2023/01/13/21/BMjAyMzAxMTMyMTE4MzRfNDAzMDAxOTlfOTM1MDY4ODIxNDdfMF8z_b_Ba6271d10b7e6cfae83759033a091f257.mp4
春晚2003,https://alimov2.a.kwimgs.com/upic/2023/01/14/23/BMjAyMzAxMTQyMzQxNDdfNDAzMDAxOTlfOTM2MTU0MTk1NDFfMF8z_b_B182749d2cd2ea9323639254af385f24b.mp4
春晚2004,https://alimov2.a.kwimgs.com/upic/2023/01/13/21/BMjAyMzAxMTMyMTE4MzRfNDAzMDAxOTlfOTM1MDY4ODIxOTVfMF8z_b_B86c4430b82ff5a7f4e8132f6ee558536.mp4
春晚2005,https://alimov2.a.kwimgs.com/upic/2023/01/13/20/BMjAyMzAxMTMyMDA5MjJfNDAzMDAxOTlfOTM0OTkwNDQyMzhfMF8z_b_B35ad7cc86aec8fc9e5ddfb31fc7bed63.mp4
春晚2006,https://alimov2.a.kwimgs.com/upic/2023/01/13/20/BMjAyMzAxMTMyMDA5MjJfNDAzMDAxOTlfOTM0OTkwNDQyNzlfMF8z_b_Bbc3703fc331dc994c50859c19aad28ff.mp4
春晚2007,https://alimov2.a.kwimgs.com/upic/2023/01/13/20/BMjAyMzAxMTMyMDA5MjJfNDAzMDAxOTlfOTM0OTkwNDQzMjNfMF8z_b_B00b069c7899976459ceeaa99353dfefe.mp4
春晚2008,https://alimov2.a.kwimgs.com/upic/2023/01/13/20/BMjAyMzAxMTMyMDA5MjJfNDAzMDAxOTlfOTM0OTkwNDQzNTNfMF8z_b_Bd7346962e61bd7b84e11a1fa6e4616f9.mp4
春晚2009,https://alimov2.a.kwimgs.com/upic/2023/01/13/20/BMjAyMzAxMTMyMDA5MjJfNDAzMDAxOTlfOTM0OTkwNDQzOTBfMF8z_b_B29a36a85e0277f6c2a1f033ef7c10708.mp4
春晚2010,https://alimov2.a.kwimgs.com/upic/2023/01/13/20/BMjAyMzAxMTMyMDA5MjJfNDAzMDAxOTlfOTM0OTkwNDQ0MjlfMF8z_b_B8818807a00eed329a69fb494f405bd43.mp4
春晚2011,https://alimov2.a.kwimgs.com/upic/2023/01/16/11/BMjAyMzAxMTYxMTA3MjFfNDAzMDAxOTlfOTM3MjcyMjA3ODhfMF8z_b_B8214200efc869dc6fcf99dad619fa4c1.mp4
春晚2013,https://alimov2.a.kwimgs.com/upic/2023/01/13/20/BMjAyMzAxMTMyMDA5MjJfNDAzMDAxOTlfOTM0OTkwNDQ1NjNfMF8z_b_B4fea55408dca4471a68a963ae096be59.mp4
春晚2014,https://alimov2.a.kwimgs.com/upic/2023/01/06/16/BMjAyMzAxMDYxNjMxMTNfNDAzMDAxOTlfOTI4OTY2ODAzNjlfMF8z_b_Bdee65c77f9e7b2120a185c919dad81d2.mp4
春晚2015,https://alimov2.a.kwimgs.com/upic/2023/01/13/20/BMjAyMzAxMTMyMDA5MjJfNDAzMDAxOTlfOTM0OTkwNDQ2MTZfMF8z_b_B4851f43f5a2bc2871a9b0ec87294a6e7.mp4
春晚2017,https://alimov2.a.kwimgs.com/upic/2023/01/13/20/BMjAyMzAxMTMyMDA5MjJfNDAzMDAxOTlfOTM0OTkwNDQ2NDhfMF8z_b_B6527b0c2ce3dda1d9b3f34edd4fdb9aa.mp4
春晚2018,https://alimov2.a.kwimgs.com/upic/2023/01/06/16/BMjAyMzAxMDYxNjMxMTRfNDAzMDAxOTlfOTI4OTY2ODE2MTBfMF8z_b_B11a778e34390a21de42d407e94f45b91.mp4
春晚2019,https://alimov2.a.kwimgs.com/upic/2023/01/06/16/BMjAyMzAxMDYxNjMxMTRfNDAzMDAxOTlfOTI4OTY2ODE2MTBfMF8z_b_B11a778e34390a21de42d407e94f45b91.mp4
春晚2020,https://alimov2.a.kwimgs.com/upic/2022/01/30/17/BMjAyMjAxMzAxNzA5NDdfNDAzMDAxOTlfNjYxNzQ2MDAyMTFfMF8z_b_B5d51d9564c5670dc66faeba20aa7af3f.mp4
春晚2021,https://alimov2.a.kwimgs.com/upic/2022/01/30/17/BMjAyMjAxMzAxNzE4NTJfNDAzMDAxOTlfNjYxNzUzOTg3NjlfMF8z_b_Be41d9503181d7b0608a839ed401e02c2.mp4
春晚2022,https://alimov2.a.kwimgs.com/upic/2022/02/01/11/BMjAyMjAyMDExMTEwMjNfNDAzMDAxOTlfNjYzNzA4MTk4NzNfMF8z_b_B898cc7ddd0025bf54ddb18ec1f723c84.mp4
春晚2024,https://p2.bdstatic.com/rtmp.liveshow.lss-user.baidubce.com/live/stream_bduid_6488563992_8982723413/merged_1707497046297_88536_25144_41936.m3u8
春晚2025,https://res.cctvnews.cctv.com/video/3005/record/cctv/merge1/133396667284143308839013005/8fbd6180bdef4da19f6155cf6b4652e1-4.m3u8
晋江电视台,http://stream.jinjiang.tv/1/sd/live.m3u8?zfud=
普陀电视台,http://l.cztvcloud.com/channels/lantian/SXputuo1/720p.m3u8
月牙泉,https://gcalic.v.myalicdn.com/gc/dhyyqsm_1/index.m3u8
望乡台,https://gcalic.v.myalicdn.com/gc/hlwxt_1/index.m3u8
朝天综合,https://m3u8.channel.dzsm.com/nmip-media/channellive/channel104601/playlist.m3u8
来宾综合,http://zb.gxlbamc.com:1935/live/lbzh.stream/playlist.m3u8
松阳综合,http://l.cztvcloud.com/channels/lantian/SXsongyang1/720p.m3u8?zzhed%3F=
柳河综合,http://stream3.jlntv.cn:80/aac_lhgb/sd/live.m3u8
桦甸综合,http://stream9.jlntv.cn:80/aac_huadiangb/playlist.m3u8
梅河口综合,http://stream3.jlntv.cn:80/aac_mhkgb/playlist.m3u8
武进生活,http://live.wjyanghu.com/live/CH2.m3u8
永昌综合,https://play.kankanlive.com/live/1652755738635915.m3u8
汪清综合,http://stream5.jlntv.cn/wq/sd/live.m3u8
沐川综合,http://file.ysxtv.cn/cms/videos/nmip-media/channellive/channel4/playlist.m3u8?zsicd=
沭阳综合,http://shuyang-tv-hls.cm.jstv.com/shuyang-tv/shuyangzh.m3u8
河源公共,http://tmpstream.hyrtv.cn/hygg/sd/live.m3u8
河源综合,http://tmpstream.hyrtv.cn/xwzh/sd/live.m3u8
洞头综合,http://l.cztvcloud.com/channels/lantian/SXdongtou1/720p.m3u8
浙江休闲台,http://ali-m-l.cztv.com/channels/lantian/channel006/720p.m3u8
浙江国际,https://ali-m-l.cztv.com/channels/lantian/channel010/1080p.m3u8
浙江数码时代,http://ali-m-l.cztv.com/channels/lantian/channel12/720p.m3u8?zzhed=
浙江民生,https://ali-m-l.cztv.com/channels/lantian/channel006/1080p.m3u8
浙江民生休闲,http://ali-m-l.cztv.com/channels/lantian/channel006/1080p.m3u8
浙江生活,http://ls.qingting.fm/live/1099.m3u8
浙江经济,http://ali-m-l.cztv.com/channels/lantian/channel003/1080p.m3u8
浙江经济生活,http://ali-m-l.cztv.com/channels/lantian/channel003/1080p.m3u8
浙江经视,http://ali-m-l.cztv.com/channels/lantian/channel003/720p.m3u8
浙江遂昌,http://l.cztvcloud.com/channels/lantian/SXsuichang1/720p.m3u8
浙江钱江,https://ali-m-l.cztv.com/channels/lantian/channel002/1080p.m3u8
浙江钱江都市,http://ali-m-l.cztv.com/channels/lantian/channel002/1080p.m3u8
浙江钱江频道,http://ali-m-l.cztv.com/channels/lantian/channel02/1080p.m3u8
海南公共,http://nn.7x9d.cn/地方台8563/海南.php?id=ggpd
海南文旅,http://nn.7x9d.cn/地方台8563/海南.php?id=wlpd
海南自贸,http://nn.7x9d.cn/地方台8563/海南.php?id=jjpd
涟水电视台综合,http://lianshui-tv-hls.cm.jstv.com/lianshui-tv/lsxw.m3u8?zjiangsd=
涟水综合,http://lianshui-tv-hls.cm.jstv.com/lianshui-tv/lsxw.m3u8
湖州公共民生,http://hzcm-live.media.hugd.com/1e6b554b9ab74513958c0e1ffe664d22/9acaa7634309494cb29a85eb12136607.m3u8?auth_key=%2A%2A%2A
澳视卫星,https://cdn6.163189.xyz/163189/as
澳视澳门,https://cdn6.163189.xyz/163189/asam
玛纳斯综合,http://218.84.127.245:1026/hls/main1/playlist.m3u8?zxinjd%2C=
环球旅游,http://120.76.248.139/live/bfgd/4200000147.m3u8
环球电视,http://utv1.hqtvzb.com:9999/hls/world.m3u8
璧山综合,http://222.179.42.129:8181/hls1.m3u8
甘南县综合,https://stream.hrbtv.net/zxpd/sd/live.m3u8
甘孜综合,https://m3u8channel.ganzitv.com/nmip-media/channellive/channel1/playlist.m3u8
甘肃经济,https://satellitepull.cnr.cn/live/wxgshhzs/playlist.m3u8
甘肃都市,https://satellitepull.cnr.cn/live/wxgsdstb/playlist.m3u8
生态环境,http://120.76.248.139/live/bfgd/4200000149.m3u8
田东综合,http://pulls.myun.tv/live/0dkp33j5.m3u8
白银综合,http://play.kankanlive.com/live/1720408089419110.m3u8
直播中国,https://gcalic.v.myalicdn.com/gc/wgw05_1/index.m3u8?contentid=2820180516001
直播中国精编直播,https://gcalic.v.myalicdn.com/gc/wgw05_1/index.m3u8
磐石综合,http://stream3.jlntv.cn:80/aac_psgb/sd/live.m3u8
祁门综合,http://zbbf2.ahbztv.com/live/416.m3u8?zanhd=
福州生活,http://live.zohi.tv:80/video/s10001-fztv-3/index.m3u8
福建公共,https://live.264788.xyz/channel/fujianxiangcungonggong?streamid=1cf7fc3a8f6d160c33b43c2f9507a0cc&livekey=01WgOR41rriMmMkzNsd0UoaxJRwetZdxIvtVk
福建旅游,https://live.264788.xyz/channel/fujianlvyou?streamid=fc58882de71ce4575b66002f2475226b&livekey=01WgOR41rriMmMkzNsd0UoaxJRwetZdxIvtVk
福建漳州醉美沙滩翡翠湾,https://gcalic.v.myalicdn.com/gc/fcw03_1/index.m3u8
福建经济,http://satellitepull.cnr.cn/live/wx32fjdnjjgb/playlist.m3u8
秦安综合,https://play.kankanlive.com/live/1659926941626981.m3u8
笑看风云,https://live.metshop.top/huya/29465858
第一财经,http://satellitepull.cnr.cn/live/wx32dycjgb/playlist.m3u8
绍兴公共,http://live.shaoxing.com.cn/video/s10001-sxtv2/index.m3u8
绍兴电视台公共,http://live.shaoxing.com.cn/video/s10001-sxtv2/index.m3u8?%E5%85%B3%E6%B3%A8%E5%BE%AE%E4%BF%A1%E5%85%AC%E4%BC%97%E5%8F%B7%5B%E6%99%B4%E5%9B%AD%5D=
缙云综合,http://l.cztvcloud.com/channels/lantian/SXjinyun1/720p.m3u8?zzhed%3F=
美亚C+,http://ottproxy2.ist.ooo/livehls/MOB-U1-NO/03.m3u8
耀才财经,https://v3.mediacast.hk/webcast/bshdlive-pc/chunklist_w99771165.m3u8
苏州4K,https://live-auth.51kandianshi.com/szgd/csztv4k_hd.m3u8
苏州文化生活,https://live-auth.51kandianshi.com/szgd/csztv3.m3u8
苏州社会经济,https://live-auth.51kandianshi.com/szgd/csztv2.m3u8
荥经综合,https://m3u8channel-yj.yunxya.com/nmip-media/channellive/channel101140/playlist.m3u8
萧山生活,http://l.cztvcloud.com/channels/lantian/SXxiaoshan2/720p.m3u8?zzhed=
萧山生活频道,http://l.cztvcloud.com/channels/lantian/SXxiaoshan2/720p.m3u8?zzhed=
萧山综合,http://l.cztvcloud.com/channels/lantian/SXxiaoshan1/720p.m3u8
西安都市,http://112.46.105.20:8009/hls/29/index.m3u8
西峰综合,https://play.kankanlive.com/live/1683944827526991.m3u8
谈判专家,https://live.ottiptv.cc/yy/1382735560
象山综合,http://play-sh13.quklive.com/live/1702360350551252.m3u8?auth_key=%2A%2A%2A
贵州省兴义市万峰林,https://gcalic.v.myalicdn.com/gc/xywfl_1/index.m3u8
车迷频道,http://120.76.248.139/live/bfgd/4200000146.m3u8
辽宁公共,http://120.76.248.139/live/bfgd/4200000481.m3u8
辽宁北方,http://120.76.248.139/live/bfgd/4200000071.m3u8
辽宁生活,http://120.76.248.139/live/bfgd/4200000073.m3u8
辽宁经济,http://120.76.248.139/live/bfgd/4200000076.m3u8
辽宁都市,http://120.76.248.139/live/bfgd/4200000610.m3u8
通化县综合,http://stream3.jlntv.cn:80/aac_thxgb/playlist.m3u8
通海电视台,https://zb-live.ynurl.com/tonghai/3bfe3a9e-48e6-4c1e-8770-1df66447cc6c.m3u8
遂昌综合,http://l.cztvcloud.com/channels/lantian/SXsuichang1/720p.m3u8?zzhed=
邢台生活,https://jwcdnqx.hebyun.com.cn/live/xtcsshpd/1500k/tzwj_video.m3u8
邯郸公共频道,https://jwcdnqx.hebyun.com.cn/live/hdgg/1500k/tzwj_video.m3u8
都市青春,http://112.46.105.20:8009/hls/19/index.m3u8
都江堰鱼嘴,https://gcalic.v.myalicdn.com/gc/djyqyl1_1/index.m3u8
重温经典,http://8.138.7.223/tv/cwjd.php
金川乡村,http://live.jinchuanrmt.com:90/live/jcxc.m3u8?zsicd=
钱江都市,https://ali-m-l.cztv.com/channels/lantian/channel002/1080p.m3u8
铜梁综合,http://183.64.174.171:40123/ch1.m3u8?zzhongqd=
镇江二套社会民生,http://zjtv-wshls.homecdn.com/live/2aa16.m3u8
长子综合,https://www.wxhcgbds.com:8081/channelTv/WXTV_1.m3u8?zshanxd=
长影频道,http://tpc.x3322.net:9901/tsfile/live/1010_1.m3u8
长白朝语,http://hplayer1.juyun.tv:80/camera/11344136.m3u8
陕西公共,http://ls.qingting.fm/live/1222.m3u8
陕西洋县国宝朱鹮02,https://gcalic.v.myalicdn.com/gc/zh02_1/index.m3u8
陕西秦腔,http://112.46.105.20:8009/hls/22/index.m3u8
陕西都市青春,http://112.46.105.20:8009/hls/19/index.m3u8
陕西银龄,http://112.46.105.20:8009/hls/20/index.m3u8
雪乡大石碑,https://gcalic.v.myalicdn.com/gc/mdjxxdsb_1/index.m3u8
雪乡梦幻家园,https://gcalic.v.myalicdn.com/gc/mdjxxmhjyxj_1/index.m3u8
青川综合,http://qcfile.qcrmt.com/nmip-media/channellive/channel100933/playlist.m3u8
靖宇综合,http://stream9.jlntv.cn:80/aac_jygb/playlist.m3u8
黄山公共生活,http://hslive.hsnewsnet.com/lsdream/iY92ady/1000/live.m3u8?zanhd=
黄果树六角亭瀑布,https://gcalic.v.myalicdn.com/gc/hgsspzxdpb_1/index.m3u8
黄花城水长城01,https://gcalic.v.myalicdn.com/gc/wgw01_1/index.m3u8
黄花城水长城03,https://gcalic.v.myalicdn.com/gc/wgw03_1/index.m3u8
黄龙,https://gcalic.v.myalicdn.com/gc/hlzycc_1/index.m3u8
龙井综合,http://stream9.jlntv.cn:80/aac_longjinggb/playlist.m3u8
龙华日韩,https://cdn8.163189.xyz/live/lhrh/stream.m3u8
龙华洋片,https://cdn8.163189.xyz/live/lhyp/stream.m3u8
龙华经典,https://cdn8.163189.xyz/live/lhjd/stream.m3u8
龙游生活娱乐,http://l.cztvcloud.com/channels/lantian/SXlongyou2/720p.m3u8?zzhed=
20260928 00:50,https://d.kstore.dev/download/8880/%E5%85%AC%E5%91%8A.mp4
关于本源(塔利班维护),https://v.cdnlz12.com/20250131/18183_a5e8965b/index.m3u8
厦门卫视,http://110.178.145.185:8188/rtp/239.1.1.71:8071
厦门卫视,http://115.171.216.23:4000/rtp/225.1.8.166:4120
厦门卫视,http://219.156.95.67:4022/rtp/225.1.4.95:1124
厦门卫视,http://112.192.73.147:8484/rtp/239.0.0.194:5140
厦门卫视,http://112.192.72.141:8484/rtp/239.0.0.194:5140
厦门卫视,http://111.196.130.52:20000/rtp/239.3.1.143:4120
厦门卫视,http://221.220.135.44:8012/rtp/239.3.1.143:4120
厦门卫视,http://114.254.85.135:4022/rtp/239.3.1.143:4120
厦门卫视,http://220.176.218.17:9000/rtp/239.252.219.75:5140
厦门卫视,http://124.112.241.231:4022/rtp/238.1.78.246:7840
厦门卫视,http://113.13.243.96:4022/udp/239.81.0.212:4056
厦门卫视,http://27.154.99.234:3386/rtp/239.61.2.11:8060
厦门卫视,http://115.171.216.32:4000/rtp/225.1.8.166:4120
厦门卫视,http://61.159.135.44:4022/rtp/238.255.2.205:5999
厦门卫视,http://124.114.103.202:6789/rtp/239.112.205.60:5140
厦门卫视,http://223.198.241.63:4000/rtp/239.253.64.179:5140
厦门卫视,http://116.2.167.152:4010/rtp/232.0.0.160:1234
厦门卫视,http://58.253.171.52:8188/udp/239.0.1.46:4120
厦门卫视,http://113.58.31.23:8188/rtp/239.254.96.152:8122
厦门卫视,http://112.109.206.18:9999/rtp/239.255.40.28:8208
兵团卫视,http://110.178.145.185:8188/rtp/239.1.1.58:8058
兵团卫视,http://219.156.95.67:4022/rtp/225.1.4.97:1126
兵团卫视,http://223.167.230.155:4022/rtp/239.45.1.117:5140
兵团卫视,http://220.167.170.194:4000/rtp/239.120.1.240:9404
兵团卫视,http://221.220.135.44:8012/rtp/239.3.1.144:4120
兵团卫视,http://220.176.218.17:9000/rtp/239.252.219.107:5140
兵团卫视,http://124.112.241.231:4022/rtp/238.1.78.104:6704
兵团卫视,http://113.13.243.96:4022/udp/239.81.0.213:4056
兵团卫视,http://27.154.99.234:3386/rtp/239.61.2.228:9356
兵团卫视,http://180.213.170.24:8188/rtp/239.5.0.57:5000
兵团卫视,http://115.171.216.23:4000/rtp/225.1.8.167:4120
兵团卫视,http://115.171.216.32:4000/rtp/225.1.8.167:4120
兵团卫视,http://61.159.135.44:4022/rtp/238.255.2.67:5999
兵团卫视,http://124.114.103.202:6789/rtp/239.112.205.198:5140
兵团卫视,http://123.179.60.135:4022/rtp/239.29.1.34:5001
兵团卫视,http://223.198.241.63:4000/rtp/239.253.64.178:5140
兵团卫视,http://112.192.72.141:8484/rtp/239.0.0.183:5140
兵团卫视,http://112.192.73.147:8484/rtp/239.0.0.183:5140
兵团卫视,http://116.2.167.152:4010/rtp/232.0.0.67:1234
兵团卫视,http://58.253.171.52:8188/udp/239.0.1.38:4120
兵团卫视,http://117.12.151.30:4022/rtp/225.1.1.57:5002
兵团卫视,http://1.58.66.11:4000/rtp/229.58.190.178:5000
兵团卫视,http://111.196.130.52:20000/rtp/239.3.1.144:4120
兵团卫视,http://114.254.85.135:4022/rtp/239.3.1.144:4120
兵团卫视,http://113.58.31.23:8188/rtp/239.254.96.153:8126
兵团卫视,http://60.4.29.46:8077/rtp/239.253.93.176:6344
兵团卫视,http://112.109.206.18:9999/rtp/239.255.40.29:8208
山东教育卫视,http://220.167.170.194:4000/rtp/239.120.1.177:8272
山东教育卫视,http://39.77.161.56:4002/rtp/239.253.254.59:8000
山东教育卫视,http://39.77.156.202:4002/rtp/239.253.254.59:8000
山东教育卫视,http://39.77.25.56:4002/rtp/239.253.254.59:8000
山东教育卫视,http://39.77.26.75:4002/rtp/239.253.254.59:8000
山东教育卫视,http://39.77.25.244:4002/rtp/239.253.254.59:8000
山东教育卫视,http://39.77.23.127:4002/rtp/239.253.254.59:8000
山东教育卫视,http://39.77.156.131:4002/rtp/239.253.254.59:8000
山东教育卫视,http://39.77.157.135:4002/rtp/239.253.254.59:8000
山东教育卫视,http://39.77.161.85:4002/rtp/239.253.254.59:8000
山东教育卫视,http://39.77.23.205:4002/rtp/239.253.254.59:8000
山东教育卫视,http://39.77.161.61:4002/rtp/239.253.254.59:8000
山东教育卫视,http://60.4.29.46:8077/rtp/239.253.92.106:6135
山东教育卫视,http://61.159.135.44:4022/rtp/238.255.2.79:5999
山东教育卫视,http://110.178.145.185:8188/rtp/239.1.1.74:8074
山东教育卫视,http://221.220.135.44:8012/rtp/239.3.1.52:4120
山东教育卫视,http://114.254.85.135:4022/rtp/239.3.1.52:4120
山东教育卫视,http://220.176.218.17:9000/rtp/239.252.219.74:5140
山东教育卫视,http://113.13.243.96:4022/udp/239.81.0.93:4056
山东教育卫视,http://106.116.241.206:9999/rtp/239.254.200.247:4120
山东教育卫视,http://180.213.170.24:8188/rtp/239.5.0.141:5000
山东教育卫视,http://115.171.216.23:4000/rtp/225.1.8.190:4120
山东教育卫视,http://115.171.216.32:4000/rtp/225.1.8.190:4120
山东教育卫视,http://106.59.2.196:55555/rtp/239.200.201.77:8132
山东教育卫视,http://124.114.103.202:6789/rtp/239.109.205.91:8664
山东教育卫视,http://123.179.60.135:4022/rtp/239.29.1.96:5001
山东教育卫视,http://223.198.241.63:4000/rtp/239.253.64.241:5140
山东教育卫视,http://112.192.72.141:8484/rtp/239.0.0.197:5140
山东教育卫视,http://112.192.73.147:8484/rtp/239.0.0.197:5140
山东教育卫视,http://116.2.167.152:4010/rtp/232.0.0.169:1234
山东教育卫视,http://58.253.171.52:8188/udp/239.0.1.44:5092
山东教育卫视,http://117.12.151.30:4022/rtp/225.1.2.118:5002
山东教育卫视,http://219.156.95.67:4022/rtp/225.1.4.164:1205
山东教育卫视,http://111.196.130.52:20000/rtp/239.3.1.52:4120
山东教育卫视,http://113.58.31.23:8188/rtp/239.254.96.151:8118
康巴卫视,http://112.192.73.147:8484/rtp/239.0.0.175:5140
康巴卫视,http://112.192.72.141:8484/rtp/239.0.0.175:5140
康巴卫视,http://223.167.230.155:4022/rtp/239.45.1.251:5140
康巴卫视,http://171.213.155.146:8188/udp/239.93.0.41:5140
康巴卫视,http://171.213.237.195:8188/udp/239.93.0.41:5140
康巴卫视,http://171.213.154.70:8188/udp/239.93.0.41:5140
康巴卫视,http://171.213.239.160:8188/udp/239.93.0.41:5140
康巴卫视,http://61.159.135.44:4022/rtp/238.255.2.140:5999
广东大湾区卫视,http://183.236.43.98:4013/udp/239.77.0.215:5146
广东大湾区卫视,http://58.253.171.52:8188/udp/239.0.1.52:5009
凤凰卫视,http://110.178.145.185:8188/udp/239.1.1.126:8126
凤凰卫视,http://27.154.99.234:3386/rtp/239.61.2.183:9086
凤凰卫视,http://27.154.99.234:3386/rtp/239.61.2.184:9092
凤凰卫视,http://106.116.241.206:9999/rtp/239.254.201.1:5214
凤凰卫视,http://106.116.241.206:9999/rtp/239.254.201.2:5226
凤凰卫视,http://106.116.241.206:9999/rtp/239.254.201.3:5227
农林卫视,http://110.178.145.185:8188/rtp/239.1.1.73:8073
农林卫视,http://61.159.135.44:4022/rtp/238.255.2.120:5999
大湾区卫视,http://113.13.243.96:4022/udp/239.81.0.32:4056
安多卫视,http://112.192.73.147:8484/rtp/239.0.0.109:5140
安多卫视,http://112.192.72.141:8484/rtp/239.0.0.109:5140
安多卫视,http://220.167.170.194:4000/rtp/239.120.1.40:8214
安多卫视,http://61.159.135.44:4022/rtp/238.255.2.189:5999
延边卫视,http://36.49.50.4:8800/rtp/239.37.0.116:5540
延边卫视,http://220.167.170.194:4000/rtp/239.120.1.132:8354
延边卫视,http://61.159.135.44:4022/rtp/238.255.2.204:5999
延边卫视,http://112.192.72.141:8484/rtp/239.0.0.76:5140
延边卫视,http://112.192.73.147:8484/rtp/239.0.0.76:5140
延边卫视,http://116.2.167.152:4010/rtp/232.0.0.161:1234
延边卫视,http://1.58.66.11:4000/rtp/229.58.190.108:5000
星空卫视,http://171.213.155.146:8188/udp/239.93.0.156:2193
星空卫视,http://171.213.237.195:8188/udp/239.93.0.156:2193
星空卫视,http://171.213.154.70:8188/udp/239.93.0.156:2193
星空卫视,http://171.213.239.160:8188/udp/239.93.0.156:2193
海峡卫视,http://27.154.99.234:3386/rtp/239.61.2.151:8894
海峡卫视,http://112.109.206.18:9999/rtp/239.255.40.157:8208
内蒙卫视,http://106.59.2.196:55555/rtp/239.200.200.57:8296
陕西农林卫视,http://124.114.103.202:6789/rtp/239.112.205.26:5140
海南三沙卫视,http://223.198.241.63:4000/rtp/239.253.64.112:5140
平潭卫视,http://112.109.206.18:9999/rtp/239.255.40.191:8208
江西都市频道,http://220.176.218.17:9000/udp/239.252.220.238:5140
江西经济生活,http://220.176.218.17:9000/udp/239.252.219.173:5140
江西影视旅游,http://220.176.218.17:9000/rtp/239.252.220.242:5140
江西公共农业,http://220.176.218.17:9000/udp/239.252.220.102:5140
江西少儿频道,http://220.176.218.17:9000/udp/239.252.219.113:5140
江西新闻频道,http://220.176.218.17:9000/udp/239.252.220.100:5140
江西教育频道,http://220.176.218.17:9000/udp/239.252.219.115:5140
CHC影迷电影,http://220.176.218.17:9000/udp/239.252.219.83:5140
金鹰纪实,http://220.176.218.17:9000/udp/239.252.220.155:5140
茶频道,http://220.176.218.17:9000/udp/239.252.220.160:5140
快乐垂钓,http://220.176.218.17:9000/udp/239.252.220.177:5140
河南梨园频道,http://220.176.218.17:9000/udp/239.252.220.179:5140
河南武术世界,http://220.176.218.17:9000/udp/239.252.220.180:5140
河南文物宝库,http://220.176.218.17:9000/udp/239.252.220.158:5140
CGTN英语,http://220.176.218.17:9000/udp/239.252.219.194:5140
CGTN纪录,http://220.176.218.17:9000/udp/239.252.219.195:5140
CGTN西班牙语,http://220.176.218.17:9000/udp/239.252.219.196:5140
CGTN法语,http://220.176.218.17:9000/udp/239.252.219.65:5140
CGTN俄语,http://220.176.218.17:9000/udp/239.252.219.67:5140
CGTN阿拉伯语,http://220.176.218.17:9000/udp/239.252.219.66:5140
华数4K电影,http://220.176.218.17:9000/udp/239.252.220.212:5140
昌飞航空,http://220.176.218.17:9000/udp/239.252.220.47:5140
中国天气,http://220.176.218.17:9000/rtp/239.252.219.143:5140
哈哈炫动,http://220.176.218.17:9000/rtp/239.252.219.43:5140
嘉佳卡通,http://220.176.218.17:9000/rtp/239.252.219.92:5140
新动漫,http://220.176.218.17:9000/rtp/239.252.220.132:5140
华数少儿动画,http://220.176.218.17:9000/rtp/239.252.220.136:5140
华数动画,http://220.176.218.17:9000/rtp/239.252.219.165:5140
华数魅力时尚,http://220.176.218.17:9000/rtp/239.252.220.137:5140
华数热播剧场,http://220.176.218.17:9000/rtp/239.252.220.138:5140
华数经典电影,http://220.176.218.17:9000/rtp/239.252.220.139:5140
华数城市剧场,http://220.176.218.17:9000/rtp/239.252.220.75:5140
华数军旅剧场,http://220.176.218.17:9000/rtp/239.252.220.76:5140
华数古装剧场,http://220.176.218.17:9000/rtp/239.252.220.77:5140
华数武侠剧场,http://220.176.218.17:9000/rtp/239.252.220.88:5140
华数喜剧影院,http://220.176.218.17:9000/rtp/239.252.220.79:5140
华数动作影院,http://220.176.218.17:9000/rtp/239.252.220.85:5140
华数碟战剧场,http://220.176.218.17:9000/rtp/239.252.220.145:5140
华数星影,http://220.176.218.17:9000/rtp/239.252.220.210:5140
华数精选,http://220.176.218.17:9000/rtp/239.252.219.161:5140
IPTV6华数电影,http://220.176.218.17:9000/rtp/239.252.220.142:5140
IPTV3综艺,http://220.176.218.17:9000/rtp/239.252.220.140:5140
IPTV5体育,http://220.176.218.17:9000/udp/239.252.220.211:5140
IPTV7军事,http://220.176.218.17:9000/rtp/239.252.220.206:5140
IPTV8电视剧,http://220.176.218.17:9000/rtp/239.252.220.143:5140
IPTV收视指南,http://220.176.218.17:9000/rtp/239.252.220.144:5140
IPTV相声小品,http://220.176.218.17:9000/rtp/239.252.220.146:5140
IPTV10野外,http://220.176.218.17:9000/rtp/239.252.220.73:5140
IPTV11戏曲,http://220.176.218.17:9000/rtp/239.252.219.163:5140
IPTV12法治,http://220.176.218.17:9000/rtp/239.252.220.74:5140
IPTV14早教,http://220.176.218.17:9000/rtp/239.252.219.164:5140
IPTV15音乐,http://220.176.218.17:9000/rtp/239.252.220.87:5140
IPTV爱生活,http://220.176.218.17:9000/rtp/239.252.220.89:5140
IPTV好学生,http://220.176.218.17:9000/rtp/239.252.220.90:5140
IPTV鉴赏,http://220.176.218.17:9000/rtp/239.252.219.166:5140
IPTV墨宝,http://220.176.218.17:9000/rtp/239.252.219.168:5140
IPTV美人,http://220.176.218.17:9000/rtp/239.252.220.202:5140
IPTV足球,http://220.176.218.17:9000/rtp/239.252.220.205:5140
IPTV地理,http://220.176.218.17:9000/rtp/239.252.220.207:5140
IPTV美妆,http://220.176.218.17:9000/rtp/239.252.220.208:5140
IPTV解密,http://220.176.218.17:9000/rtp/239.252.220.209:5140
光影,http://220.176.218.17:9000/rtp/239.252.220.200:5140
CCTV-17农业农村,http://115.171.216.32:4000/rtp/225.1.8.17:8144
CCTV-17农业农村,http://115.171.216.23:4000/rtp/225.1.8.17:8144
CCTV-17农业农村,http://183.236.43.98:4013/udp/239.77.1.121:5146
CCTV-17农业农村,http://39.77.156.131:4002/rtp/239.253.254.168:8000
CCTV-17农业农村,http://39.77.25.56:4002/rtp/239.253.254.168:8000
CCTV-17农业农村,http://39.77.156.202:4002/rtp/239.253.254.168:8000
CCTV-17农业农村,http://110.178.145.185:8188/udp/239.1.1.23:8023
CCTV-17农业农村,http://39.77.23.127:4002/rtp/239.253.254.168:8000
CCTV-17农业农村,http://39.77.23.205:4002/rtp/239.253.254.168:8000
CCTV-17农业农村,http://39.77.26.75:4002/rtp/239.253.254.168:8000
CCTV-17农业农村,http://171.8.87.223:8800/rtp/239.16.20.7:10070
CCTV-17农业农村,http://39.77.25.244:4002/rtp/239.253.254.168:8000
CCTV-17农业农村,http://39.77.161.85:4002/rtp/239.253.254.168:8000
CCTV-17农业农村,http://39.77.161.61:4002/rtp/239.253.254.168:8000
CCTV-17农业农村,http://219.156.95.67:4022/rtp/225.1.4.226:2506
CCTV-17农业农村,http://39.77.161.56:4002/rtp/239.253.254.168:8000
CCTV-17农业农村,http://39.77.157.135:4002/rtp/239.253.254.168:8000
CCTV-17农业农村,http://1.192.242.239:8188/rtp/239.16.20.7:10070
CCTV-17农业农村,http://59.174.161.101:4022/rtp/239.69.1.152:10548
CCTV-17农业农村,http://61.159.135.44:4022/rtp/238.255.2.137:5999
CCTV-17农业农村,http://220.167.170.194:4000/rtp/239.120.1.68:8370
CCTV-17农业农村,http://223.167.230.155:4022/rtp/239.45.3.52:5140
CCTV-17农业农村,http://121.237.245.243:8888/rtp/239.49.8.52:9810
CCTV-17农业农村,http://121.237.245.243:8888/rtp/239.49.8.132:6000
CCTV-17农业农村,http://121.237.245.25:8888/rtp/239.49.8.132:6000
CCTV-17农业农村,http://121.237.245.25:8888/rtp/239.49.8.52:9810
CCTV-17农业农村,http://121.237.244.171:8888/rtp/239.49.8.132:6000
CCTV-17农业农村,http://121.237.244.171:8888/rtp/239.49.8.52:9810
CCTV-17农业农村,http://58.46.30.42:8188/udp/239.76.245.238:1234
CCTV-17农业农村,http://171.213.155.146:8188/udp/239.93.0.92:5140
CCTV-17农业农村,http://118.248.155.220:8889/udp/239.76.245.238:1234
CCTV-17农业农村,http://106.59.2.196:55555/rtp/239.200.201.128:8504
CCTV-17农业农村,http://118.248.155.220:8889/udp/239.76.252.238:9000
CCTV-17农业农村,http://171.213.237.195:8188/udp/239.93.0.92:5140
CCTV-17农业农村,http://171.213.154.70:8188/udp/239.93.0.92:5140
CCTV-17农业农村,http://114.254.85.135:4022/rtp/239.3.1.151:8144
CCTV-17农业农村,http://221.220.135.44:8012/rtp/239.3.1.151:8144
CCTV-17农业农村,http://58.46.30.42:8188/udp/239.76.252.238:9000
CCTV-17农业农村,http://220.176.218.17:9000/udp/239.252.220.192:5140
CCTV-17农业农村,http://124.112.241.231:4022/rtp/238.1.78.178:7296
CCTV-17农业农村,http://113.13.243.96:4022/udp/239.81.0.228:4056
CCTV-17农业农村,http://42.92.117.151:8231/udp/239.255.30.96:8231
CCTV-17农业农村,http://171.213.239.160:8188/udp/239.93.0.92:5140
CCTV-17农业农村,http://144.255.16.132:6688/udp/239.21.1.186:5002
CCTV-17农业农村,http://27.154.99.234:3386/rtp/239.61.3.9:9572
CCTV-17农业农村,http://106.116.241.206:9999/rtp/239.254.201.120:8144
CCTV-17农业农村,http://202.107.163.231:5555/udp/238.125.5.74:5140
CCTV-17农业农村,http://180.213.170.24:8188/rtp/239.5.1.140:5000
CCTV-17农业农村,http://106.45.2.15:4000/rtp/239.121.4.61:8340
CCTV-17农业农村,http://124.114.103.202:6789/rtp/239.112.205.211:5140
CCTV-17农业农村,http://171.8.80.47:8800/rtp/239.16.20.7:10070
CCTV-17农业农村,http://123.179.60.135:4022/rtp/239.29.1.145:5000
CCTV-17农业农村,http://223.198.241.63:4000/rtp/239.253.64.67:5140
CCTV-17农业农村,http://115.211.1.213:8001/udp/233.50.200.113:5140
CCTV-17农业农村,http://211.158.40.175:8888/udp/225.0.4.179:7980
CCTV-17农业农村,http://112.192.72.141:8484/rtp/239.0.0.152:5140
CCTV-17农业农村,http://112.192.73.147:8484/rtp/239.0.0.152:5140
CCTV-17农业农村,http://116.2.167.152:4010/rtp/232.0.0.230:1234
CCTV-17农业农村,http://58.253.171.52:8188/udp/239.0.1.192:9264
CCTV-17农业农村,http://117.12.151.30:4022/rtp/225.1.2.52:5002
CCTV-17农业农村,http://1.58.66.11:4000/rtp/229.58.190.211:5000
CCTV-17农业农村,http://171.119.206.125:6000/rtp/226.0.2.170:9272
CCTV-17农业农村,http://171.119.206.133:6000/rtp/226.0.2.170:9272
CCTV-17农业农村,http://122.189.103.197:8888/rtp/228.0.0.161:7161
CCTV-17农业农村,http://111.196.130.52:20000/rtp/239.3.1.151:8144
CCTV-17农业农村,http://113.58.31.23:8188/rtp/239.254.96.57:8204
CCTV-17农业农村,http://60.4.29.46:8077/rtp/239.253.93.150:6318
CCTV-17农业农村,http://112.109.206.18:9999/rtp/239.255.40.143:8208
CCTV-4K超高清,http://183.236.43.98:4013/udp/239.77.0.174:5146
CCTV-4K超高清,http://58.46.30.42:8188/udp/239.76.254.101:9000
CCTV-4K超高清,http://58.46.30.42:8188/udp/239.76.254.64:9000
CCTV-4K超高清,http://118.248.155.220:8889/udp/239.76.254.101:9000
CCTV-4K超高清,http://118.248.155.220:8889/udp/239.76.254.64:9000
CCTV-4K超高清,http://183.236.43.98:4013/udp/239.77.0.194:5146
CCTV-兵器科技,http://59.174.161.101:4022/rtp/239.69.1.79:10114
CCTV-兵器科技,http://58.46.30.42:8188/udp/239.76.254.59:9000
CCTV-兵器科技,http://183.236.43.98:4013/udp/239.253.43.9:5146
CCTV-兵器科技,http://118.248.155.220:8889/udp/239.76.254.59:9000
CCTV-兵器科技,http://171.119.206.125:6000/rtp/226.0.2.223:9696
CCTV-兵器科技,http://171.119.206.133:6000/rtp/226.0.2.223:9696
CCTV-第一剧场,http://183.236.43.98:4013/udp/239.253.43.15:5146
CCTV-第一剧场,http://59.174.161.101:4022/rtp/239.69.1.74:10084
CCTV-第一剧场,http://58.46.30.42:8188/udp/239.76.254.49:9000
CCTV-第一剧场,http://171.213.155.146:8188/udp/239.93.1.197:5140
CCTV-第一剧场,http://118.248.155.220:8889/udp/239.76.254.49:9000
CCTV-第一剧场,http://171.213.237.195:8188/udp/239.93.1.197:5140
CCTV-第一剧场,http://171.213.154.70:8188/udp/239.93.1.197:5140
CCTV-第一剧场,http://171.213.239.160:8188/udp/239.93.1.197:5140
CCTV-第一剧场,http://171.119.206.125:6000/rtp/226.0.2.221:9680
CCTV-第一剧场,http://171.119.206.133:6000/rtp/226.0.2.221:9680
CCTV-电视指南,http://183.236.43.98:4013/udp/239.253.43.10:5146
CCTV-电视指南,http://118.248.155.220:8889/udp/239.76.254.61:9000
CCTV-电视指南,http://58.46.30.42:8188/udp/239.76.254.61:9000
CCTV-电视指南,http://171.119.206.125:6000/rtp/226.0.2.218:9656
CCTV-电视指南,http://171.119.206.133:6000/rtp/226.0.2.218:9656
CCTV-风云剧场,http://183.236.43.98:4013/udp/239.253.43.16:5146
CCTV-风云剧场,http://58.46.30.42:8188/udp/239.76.254.50:9000
CCTV-风云剧场,http://171.213.155.146:8188/udp/239.93.1.156:5140
CCTV-风云剧场,http://118.248.155.220:8889/udp/239.76.254.50:9000
CCTV-风云剧场,http://171.213.237.195:8188/udp/239.93.1.156:5140
CCTV-风云剧场,http://171.213.154.70:8188/udp/239.93.1.156:5140
CCTV-风云剧场,http://171.213.239.160:8188/udp/239.93.1.156:5140
CCTV-风云剧场,http://171.119.206.125:6000/rtp/226.0.2.227:9728
CCTV-风云剧场,http://171.119.206.133:6000/rtp/226.0.2.227:9728
CCTV-风云音乐,http://183.236.43.98:4013/udp/239.253.43.6:5146
CCTV-风云音乐,http://58.46.30.42:8188/udp/239.76.254.51:9000
CCTV-风云音乐,http://118.248.155.220:8889/udp/239.76.254.51:9000
CCTV-风云音乐,http://171.119.206.125:6000/rtp/226.0.2.220:9672
CCTV-风云音乐,http://171.119.206.133:6000/rtp/226.0.2.220:9672
CCTV-风云足球,http://59.174.161.101:4022/rtp/239.69.1.81:10126
CCTV-风云足球,http://58.46.30.42:8188/udp/239.76.254.52:9000
CCTV-风云足球,http://183.236.43.98:4013/udp/239.253.43.14:5146
CCTV-风云足球,http://118.248.155.220:8889/udp/239.76.254.52:9000
CCTV-风云足球,http://171.119.206.125:6000/rtp/226.0.2.225:9712
CCTV-风云足球,http://171.119.206.133:6000/rtp/226.0.2.225:9712
CCTV-高尔夫·网球,http://183.236.43.98:4013/udp/239.253.43.12:5146
CCTV-怀旧剧场,http://58.46.30.42:8188/udp/239.76.254.53:9000
CCTV-怀旧剧场,http://183.236.43.98:4013/udp/239.253.43.5:5146
CCTV-怀旧剧场,http://118.248.155.220:8889/udp/239.76.254.53:9000
CCTV-怀旧剧场,http://171.213.237.195:8188/udp/239.93.1.198:5140
CCTV-怀旧剧场,http://171.213.154.70:8188/udp/239.93.1.198:5140
CCTV-怀旧剧场,http://171.213.155.146:8188/udp/239.93.1.198:5140
CCTV-怀旧剧场,http://171.213.239.160:8188/udp/239.93.1.198:5140
CCTV-怀旧剧场,http://171.119.206.125:6000/rtp/226.0.2.224:9704
CCTV-怀旧剧场,http://171.119.206.133:6000/rtp/226.0.2.224:9704
CCTV-女性时尚,http://58.46.30.42:8188/udp/239.76.254.55:9000
CCTV-女性时尚,http://183.236.43.98:4013/udp/239.253.43.8:5146
CCTV-女性时尚,http://118.248.155.220:8889/udp/239.76.254.55:9000
CCTV-女性时尚,http://171.119.206.125:6000/rtp/226.0.2.226:9720
CCTV-女性时尚,http://171.119.206.133:6000/rtp/226.0.2.226:9720
CCTV-世界地理,http://59.174.161.101:4022/rtp/239.69.1.91:10186
CCTV-世界地理,http://58.46.30.42:8188/udp/239.76.254.57:9000
CCTV-世界地理,http://183.236.43.98:4013/udp/239.253.43.7:5146
CCTV-世界地理,http://118.248.155.220:8889/udp/239.76.254.57:9000
CCTV-世界地理,http://171.119.206.125:6000/rtp/226.0.2.222:9688
CCTV-世界地理,http://171.119.206.133:6000/rtp/226.0.2.222:9688
CCTV-央视台球,http://59.174.161.101:4022/rtp/239.69.1.98:10224
CCTV-央视台球,http://58.46.30.42:8188/udp/239.76.254.58:9000
CCTV-央视台球,http://118.248.155.220:8889/udp/239.76.254.58:9000
CCTV-央视台球,http://183.236.43.98:4013/udp/239.253.43.11:5146
CCTV-央视台球,http://171.119.206.125:6000/rtp/226.0.2.216:9640
CCTV-央视台球,http://171.119.206.133:6000/rtp/226.0.2.216:9640
CCTV-文化精品,http://183.236.43.98:4013/udp/239.253.43.13:5146
CCTV-文化精品,http://58.46.30.42:8188/udp/239.76.254.56:9000
CCTV-文化精品,http://118.248.155.220:8889/udp/239.76.254.56:9000
CCTV-文化精品,http://171.119.206.125:6000/rtp/226.0.2.219:9664
CCTV-文化精品,http://171.119.206.133:6000/rtp/226.0.2.219:9664
CGTN英语,http://223.167.230.155:4022/rtp/239.45.1.194:5140
金鹰纪实,http://223.167.230.155:4022/rtp/239.45.1.45:5140
欢笑剧场4K,http://223.167.230.155:4022/rtp/239.45.1.4:5140
东方购物-2HD,http://223.167.230.155:4022/rtp/239.45.3.75:5140
百事通电影4K,http://223.167.230.155:4022/rtp/239.45.3.107:5140
北京纪实科教,http://223.167.230.155:4022/rtp/239.45.1.14:5140
金色学堂,http://223.167.230.155:4022/rtp/239.45.0.9:5140
东方财经,http://223.167.230.155:4022/rtp/239.45.0.17:5140
百事通体育,http://223.167.230.155:4022/rtp/239.45.3.139:5140
嘉佳卡通,http://223.167.230.155:4022/rtp/239.45.1.48:5140
嘉定频道,http://223.167.230.155:4022/rtp/239.45.3.185:5140
游戏风云,http://223.167.230.155:4022/rtp/239.45.3.131:5140
法治天地,http://223.167.230.155:4022/rtp/239.45.1.46:5140
东方购物-3HD,http://223.167.230.155:4022/rtp/239.45.3.207:5140
上海教育,http://223.167.230.155:4022/rtp/239.45.0.13:5140
欢笑剧场,http://223.167.230.155:4022/rtp/239.45.3.196:5140
百事通科教,http://223.167.230.155:4022/rtp/239.45.1.29:5140
第一财经,http://223.167.230.155:4022/rtp/239.45.3.211:5140
东方购物-1HD,http://223.167.230.155:4022/rtp/239.45.3.74:5140
百事通少儿4K,http://223.167.230.155:4022/rtp/239.45.1.1:5140
哈哈炫动,http://223.167.230.155:4022/rtp/239.45.1.55:5140
东方影视,http://223.167.230.155:4022/rtp/239.45.3.237:5140
百事通电影4K,http://223.167.230.155:4022/rtp/239.45.1.42:5140
生活时尚,http://223.167.230.155:4022/rtp/239.45.3.132:5140
乐游纪实,http://223.167.230.155:4022/rtp/239.45.3.135:5140
百事通纪实4K,http://223.167.230.155:4022/rtp/239.45.1.10:5140
都市剧场,http://223.167.230.155:4022/rtp/239.45.3.136:5140
都市频道,http://223.167.230.155:4022/rtp/239.45.3.236:5140
动漫秀场,http://223.167.230.155:4022/rtp/239.45.3.134:5140
新闻综合,http://223.167.230.155:4022/rtp/239.45.3.209:5140
重庆新闻频道,http://113.251.74.222:8012/rtp/235.254.196.199:7980
重庆影视剧频道,http://113.251.74.222:8012/rtp/235.254.198.180:7980
重庆社会与法,http://113.251.74.222:8012/rtp/235.254.198.181:7980
重庆红岩文化,http://113.251.74.222:8012/rtp/235.254.198.182:7980
重庆文体娱乐,http://113.251.74.222:8012/rtp/235.254.198.187:7980
重庆新农村,http://113.251.74.222:8012/rtp/235.254.198.186:7980
重广融媒,http://113.251.74.222:8012/rtp/235.254.196.218:1146
重庆少儿频道,http://113.251.74.222:8012/rtp/235.254.196.214:1128
重庆红叶频道,http://113.251.74.222:8012/rtp/235.254.196.215:1132
重庆汽摩频道,http://113.251.74.222:8012/rtp/235.254.196.221:1156
重庆移动频道,http://113.251.74.222:8012/rtp/235.254.196.217:1140
开州综合,http://113.251.74.222:8012/rtp/235.254.198.145:1870
嘉佳卡通,http://113.251.74.222:8012/rtp/235.254.198.110:1716
华数爱上4K,http://113.251.74.222:8012/rtp/235.254.198.102:7980
华数少儿动画,http://113.251.74.222:8012/rtp/235.254.198.116:1740
华数动画,http://113.251.74.222:8012/rtp/235.254.198.87:1624
华数武侠剧场,http://113.251.74.222:8012/rtp/235.254.198.97:1664
华数喜剧影院,http://113.251.74.222:8012/rtp/235.254.198.98:1668
华数动作影院,http://113.251.74.222:8012/rtp/235.254.198.99:1672
华数家庭影院,http://113.251.74.222:8012/rtp/235.254.198.100:1676
华数星影,http://113.251.74.222:8012/rtp/235.254.198.101:1680
华数精选,http://113.251.74.222:8012/rtp/235.254.198.81:1600
华数经典电影,http://113.251.74.222:8012/rtp/235.254.198.114:1732
华数城市剧场,http://113.251.74.222:8012/rtp/235.254.198.74:1572
华数军旅剧场,http://113.251.74.222:8012/rtp/235.254.198.75:1576
华数谍战剧场,http://113.251.74.222:8012/rtp/235.254.198.117:1744
华数魅力时尚,http://113.251.74.222:8012/rtp/235.254.198.115:1736
IPTV6华数电影,http://113.251.74.222:8012/rtp/235.254.198.15:1336
热播剧场,http://113.251.74.222:8012/rtp/235.254.198.113:1728
古装剧场,http://113.251.74.222:8012/rtp/235.254.198.76:1580
光影,http://113.251.74.222:8012/rtp/235.254.198.91:1640
IPTV3综艺,http://113.251.74.222:8012/rtp/235.254.198.13:1328
IPTV5体育,http://113.251.74.222:8012/rtp/235.254.198.14:1332
IPTV8电视剧,http://113.251.74.222:8012/rtp/235.254.198.16:1340
IPTV相声小品,http://113.251.74.222:8012/rtp/235.254.198.118:1748
IPTV10野外,http://113.251.74.222:8012/rtp/235.254.198.119:1752
IPTV11戏曲,http://113.251.74.222:8012/rtp/235.254.198.85:1616
IPTV12法治,http://113.251.74.222:8012/rtp/235.254.198.120:1756
IPTV14早教,http://113.251.74.222:8012/rtp/235.254.198.86:1620
IPTV15音乐,http://113.251.74.222:8012/rtp/235.254.198.77:1584
IPTV地理,http://113.251.74.222:8012/rtp/235.254.198.78:1588
IPTV美妆,http://113.251.74.222:8012/rtp/235.254.198.79:1592
IPTV美人,http://113.251.74.222:8012/rtp/235.254.198.80:1596
IPTV解密,http://113.251.74.222:8012/rtp/235.254.198.82:1604
IPTV7军事,http://113.251.74.222:8012/rtp/235.254.198.83:1608
IPTV国学,http://113.251.74.222:8012/rtp/235.254.198.84:1612
IPTV好学生,http://113.251.74.222:8012/rtp/235.254.198.88:1628
IPTV鉴赏,http://113.251.74.222:8012/rtp/235.254.198.89:1632
IPTV墨宝,http://113.251.74.222:8012/rtp/235.254.198.90:1636
IPTV爱生活,http://113.251.74.222:8012/rtp/235.254.198.93:1648
IPTV武术,http://113.251.74.222:8012/rtp/235.254.198.94:1652
IPTV足球,http://113.251.74.222:8012/rtp/235.254.198.96:1660
百视通精彩导视,http://113.251.74.222:8012/rtp/235.254.196.101:1162
重庆新闻频道,http://211.158.40.175:8888/udp/225.0.4.188:7980
重庆社会与法,http://211.158.40.175:8888/udp/225.0.4.190:7980
重庆少儿频道,http://211.158.40.175:8888/udp/225.0.4.191:7980
重庆影视剧频道,http://211.158.40.175:8888/udp/225.0.4.192:7980
重庆红叶频道,http://211.158.40.175:8888/udp/225.0.4.193:7980
重庆文体娱乐,http://211.158.40.175:8888/udp/225.0.4.194:7980
重庆汽摩频道,http://211.158.40.175:8888/udp/225.0.4.195:7980
重庆时红岩文化,http://211.158.40.175:8888/udp/225.0.4.196:7980
重庆新农村频道,http://211.158.40.175:8888/udp/225.0.4.189:7980
重庆移动频道,http://211.158.40.175:8888/rtp/225.0.4.68:7980
华数电影,http://211.158.40.175:8888/udp/225.0.4.50:7980
华数电视剧,http://211.158.40.175:8888/udp/225.0.4.54:7980
华数经典电影,http://211.158.40.175:8888/udp/225.0.4.48:7980
华数古装剧场,http://211.158.40.175:8888/udp/225.0.4.147:7980
华数武侠剧场,http://211.158.40.175:8888/udp/225.0.4.168:7980
华数军旅剧场,http://211.158.40.175:8888/udp/225.0.4.146:7980
华数喜剧影院,http://211.158.40.175:8888/udp/225.0.4.169:7980
华数动作影院,http://211.158.40.175:8888/udp/225.0.4.170:7980
华数家庭影院,http://211.158.40.175:8888/udp/225.0.4.171:7980
华数星影,http://211.158.40.175:8888/udp/225.0.4.172:7980
IPTV爱生活,http://211.158.40.175:8888/udp/225.0.4.164:7980
IPTV相声小品,http://211.158.40.175:8888/udp/225.0.4.56:7980
IPTV3综艺,http://211.158.40.175:8888/udp/225.0.4.51:7980
IPTV5体育,http://211.158.40.175:8888/udp/225.0.4.53:7980
IPTV解密,http://211.158.40.175:8888/udp/225.0.4.153:7980
IPTV地理,http://211.158.40.175:8888/udp/225.0.4.149:7980
IPTV野外,http://211.158.40.175:8888/udp/225.0.4.57:7980
CGTN英语,http://211.158.40.175:8888/udp/225.0.4.12:7980
江苏城市频道,http://121.237.245.25:8888/rtp/239.49.8.107:8000
江苏城市频道,http://121.237.245.243:8888/rtp/239.49.8.107:8000
江苏体育休闲,http://121.237.245.243:8888/rtp/239.49.8.117:8000
江苏城市频道,http://121.237.244.171:8888/rtp/239.49.8.107:8000
江苏新闻频道,http://121.237.245.243:8888/rtp/239.49.8.120:8000
江苏教育频道,http://121.237.245.243:8888/rtp/239.49.8.122:8000
江苏国际频道,http://121.237.245.243:8888/rtp/239.49.1.23:6000
江苏优漫卡通,http://121.237.245.243:8888/rtp/239.49.8.119:8000
南京新闻综合,http://121.237.245.243:8888/rtp/239.49.0.25:8192
南京科教频道,http://121.237.245.243:8888/rtp/239.49.0.183:9434
江苏财富天下,http://121.237.245.243:8888/rtp/239.49.1.29:6000
南京生活频道,http://121.237.245.243:8888/rtp/239.49.0.26:8200
江苏综艺频道,http://121.237.245.243:8888/rtp/239.49.8.108:8000
江苏综艺频道,http://121.237.245.25:8888/rtp/239.49.8.108:8000
江苏影视频道,http://121.237.245.25:8888/rtp/239.49.8.118:8000
江苏财富天下,http://121.237.245.25:8888/rtp/239.49.1.29:6000
江苏教育频道,http://121.237.245.25:8888/rtp/239.49.8.122:8000
江苏优漫卡通,http://121.237.245.25:8888/rtp/239.49.8.119:8000
江苏教育频道,http://121.237.244.171:8888/rtp/239.49.8.122:8000
江苏新闻频道,http://121.237.245.25:8888/rtp/239.49.8.120:8000
江苏财富天下,http://121.237.244.171:8888/rtp/239.49.1.29:6000
江苏影视频道,http://121.237.244.171:8888/rtp/239.49.8.118:8000
南京科教频道,http://121.237.245.25:8888/rtp/239.49.0.183:9434
江苏体育休闲,http://121.237.245.25:8888/rtp/239.49.8.117:8000
南京生活频道,http://121.237.244.171:8888/rtp/239.49.0.26:8200
江苏国际频道,http://121.237.245.25:8888/rtp/239.49.1.23:6000
GCTN英语,http://121.237.244.171:8888/rtp/239.49.0.9:8064
GCTN英语,http://121.237.245.25:8888/rtp/239.49.0.9:8064
南京科教频道,http://121.237.244.171:8888/rtp/239.49.0.183:9434
南京新闻综合,http://121.237.245.25:8888/rtp/239.49.0.25:8192
江苏国际频道,http://121.237.244.171:8888/rtp/239.49.1.23:6000
江苏综艺频道,http://121.237.244.171:8888/rtp/239.49.8.108:8000
江苏新闻频道,http://121.237.244.171:8888/rtp/239.49.8.120:8000
江苏体育休闲,http://121.237.244.171:8888/rtp/239.49.8.117:8000
GCTN英语,http://121.237.245.243:8888/rtp/239.49.0.9:8064
江苏影视频道,http://121.237.245.243:8888/rtp/239.49.8.118:8000
南京生活频道,http://121.237.245.25:8888/rtp/239.49.0.26:8200
南京新闻综合,http://121.237.244.171:8888/rtp/239.49.0.25:8192
江苏优漫卡通,http://121.237.244.171:8888/rtp/239.49.8.119:8000
安徽经济生活,http://124.112.241.231:4022/rtp/238.1.79.44:4464
安徽影视频道,http://124.112.241.231:4022/rtp/238.1.79.42:4448
安徽农业科教,http://124.112.241.231:4022/rtp/238.1.79.40:4432
安徽国际频道,http://124.112.241.231:4022/rtp/238.1.78.61:6360
安徽公共频道,http://124.112.241.231:4022/rtp/238.1.79.43:4456
安徽综艺体育,http://124.112.241.231:4022/rtp/238.1.79.41:4440
合肥新闻频道,http://124.112.241.231:4022/rtp/238.1.78.111:6760
上海动漫秀场,http://124.112.241.231:4022/rtp/238.1.78.154:7104
上海生活时尚,http://124.112.241.231:4022/rtp/238.1.78.155:7112
上海东方财经,http://124.112.241.231:4022/rtp/238.1.78.73:6456
上海乐游纪实,http://124.112.241.231:4022/rtp/238.1.78.151:7080
上海都市剧场,http://124.112.241.231:4022/rtp/238.1.78.74:6464
上海金色学堂,http://124.112.241.231:4022/rtp/238.1.78.76:6480
上海游戏风云,http://124.112.241.231:4022/rtp/238.1.78.81:6520
上海法治天地,http://124.112.241.231:4022/rtp/238.1.78.84:6544
金鹰纪实,http://124.112.241.231:4022/rtp/238.1.79.9:4184
茶频道,http://124.112.241.231:4022/rtp/238.1.79.30:4352
快乐垂钓,http://124.112.241.231:4022/rtp/238.1.79.31:4360
肥西新闻综合,http://124.112.241.231:4022/rtp/238.1.78.185:7352
黄山新闻综合,http://124.112.241.231:4022/rtp/238.1.78.130:6912
黄山文旅频道,http://124.112.241.231:4022/rtp/238.1.78.131:6920
旌德新闻综合,http://124.112.241.231:4022/rtp/238.1.78.215:7592
霍邱新闻综合,http://124.112.241.231:4022/rtp/238.1.78.119:6824
六安综合频道,http://124.112.241.231:4022/rtp/238.1.78.144:7024
六安社会生活,http://124.112.241.231:4022/rtp/238.1.78.145:7032
淮北新闻综合,http://124.112.241.231:4022/rtp/238.1.78.135:6952
淮北经济生活,http://124.112.241.231:4022/rtp/238.1.78.136:6960
淮南新闻综合,http://124.112.241.231:4022/rtp/238.1.78.113:6776
淮南民生频道,http://124.112.241.231:4022/rtp/238.1.78.114:6784
滁州新闻综合,http://124.112.241.231:4022/rtp/238.1.78.132:6928
滁州科教频道,http://124.112.241.231:4022/rtp/238.1.78.133:6936
滁州公共频道,http://124.112.241.231:4022/rtp/238.1.78.134:6944
蒙城新闻频道,http://124.112.241.231:4022/rtp/238.1.79.19:4264
南陵新闻综合,http://124.112.241.231:4022/rtp/238.1.78.189:7384
祁门综合频道,http://124.112.241.231:4022/rtp/238.1.79.14:4224
湾沚综合频道,http://124.112.241.231:4022/rtp/238.1.78.187:7368
繁昌新闻综合,http://124.112.241.231:4022/rtp/238.1.78.190:7392
桐城综合频道,http://124.112.241.231:4022/rtp/238.1.78.28:6152
太湖新闻综合,http://124.112.241.231:4022/rtp/238.1.79.12:4208
池州新闻综合,http://124.112.241.231:4022/rtp/238.1.78.147:7048
池州文教生活,http://124.112.241.231:4022/rtp/238.1.78.148:7056
义安新闻综合,http://124.112.241.231:4022/rtp/238.1.78.211:7560
阜阳新闻综合,http://124.112.241.231:4022/rtp/238.1.78.124:6864
阜阳生活频道,http://124.112.241.231:4022/rtp/238.1.78.125:6872
阜阳教育频道,http://124.112.241.231:4022/rtp/238.1.78.126:6880
阜阳都市文艺,http://124.112.241.231:4022/rtp/238.1.78.127:6888
泗县新闻频道,http://124.112.241.231:4022/rtp/238.1.78.193:7416
临泉新闻频道,http://124.112.241.231:4022/rtp/238.1.78.29:6160
阜南新闻综合,http://124.112.241.231:4022/rtp/238.1.79.11:4200
亳州综合频道,http://124.112.241.231:4022/rtp/238.1.78.128:6896
亳州农村频道,http://124.112.241.231:4022/rtp/238.1.78.129:6904
徽州新闻频道,http://124.112.241.231:4022/rtp/238.1.78.138:6976
蚌埠新闻综合,http://124.112.241.231:4022/rtp/238.1.78.180:7312
蚌埠生活频道,http://124.112.241.231:4022/rtp/238.1.78.181:7320
寿县新闻综合,http://124.112.241.231:4022/rtp/238.1.78.146:7040
屯溪融媒频道,http://124.112.241.231:4022/rtp/238.1.79.45:4472
芜湖新闻综合,http://124.112.241.231:4022/rtp/238.1.78.112:6768
芜湖生活频道,http://124.112.241.231:4022/rtp/238.1.78.80:6512
无为新闻频道,http://124.112.241.231:4022/rtp/238.1.78.188:7376
马鞍山新闻综合,http://124.112.241.231:4022/rtp/238.1.79.15:4232
马鞍山科教生活,http://124.112.241.231:4022/rtp/238.1.78.77:6488
安庆新闻综合,http://124.112.241.231:4022/rtp/238.1.78.117:6808
安庆经济生活,http://124.112.241.231:4022/rtp/238.1.78.118:6816
潜山综合频道,http://124.112.241.231:4022/rtp/238.1.78.192:7408
黄山区融媒,http://124.112.241.231:4022/rtp/238.1.78.199:7464
歙县综合频道,http://124.112.241.231:4022/rtp/238.1.78.200:7472
休宁新闻综合,http://124.112.241.231:4022/rtp/238.1.79.20:4272
黟县新闻综合,http://124.112.241.231:4022/rtp/238.1.78.149:7064
宣城综合频道,http://124.112.241.231:4022/rtp/238.1.78.142:7008
宣城文旅生活,http://124.112.241.231:4022/rtp/238.1.78.143:7016
广德新闻综合,http://124.112.241.231:4022/rtp/238.1.78.212:7568
广德生活频道,http://124.112.241.231:4022/rtp/238.1.78.213:7576
郎溪新闻频道,http://124.112.241.231:4022/rtp/238.1.78.214:7584
宁国新闻综合,http://124.112.241.231:4022/rtp/238.1.78.216:7600
铜陵新闻综合,http://124.112.241.231:4022/rtp/238.1.78.139:6984
铜陵教育科技,http://124.112.241.231:4022/rtp/238.1.78.141:7000
枞阳电视台,http://124.112.241.231:4022/rtp/238.1.78.210:7552
霍山综合频道,http://124.112.241.231:4022/rtp/238.1.78.220:7632
金寨综合频道,http://124.112.241.231:4022/rtp/238.1.79.21:4280
濉溪新闻频道,http://124.112.241.231:4022/rtp/238.1.78.209:7544
宿州新闻综合,http://124.112.241.231:4022/rtp/238.1.78.121:6840
宿州公共频道,http://124.112.241.231:4022/rtp/238.1.78.122:6848
宿州科教频道,http://124.112.241.231:4022/rtp/238.1.78.123:6856
萧县新闻综合,http://124.112.241.231:4022/rtp/238.1.79.46:4480
五河新闻综合,http://124.112.241.231:4022/rtp/238.1.79.52:4528
固镇新闻综合,http://124.112.241.231:4022/rtp/238.1.79.47:4488
界首综合频道,http://124.112.241.231:4022/rtp/238.1.78.195:7432
利辛新闻综合,http://124.112.241.231:4022/rtp/238.1.78.196:7440
涡阳新闻综合,http://124.112.241.231:4022/rtp/238.1.78.197:7448
揭阳综合频道,http://183.236.43.98:4013/udp/239.77.0.229:5146
广东嘉佳卡通,http://183.236.43.98:4013/udp/239.77.0.179:5146
广东体育频道,http://183.236.43.98:4013/udp/239.77.0.112:5146
清远新闻综合,http://183.236.43.98:4013/udp/239.253.43.33:5146
广东4K超高清,http://183.236.43.98:4013/udp/239.77.1.237:5146
深圳龙岗频道,http://183.236.43.98:4013/udp/239.77.1.223:5146
宝安频道,http://183.236.43.98:4013/udp/239.77.1.67:5146
CGTN俄语,http://183.236.43.98:4013/udp/239.253.43.201:5146
CGTN西班牙语,http://183.236.43.98:4013/udp/239.77.0.221:5146
汕头综合频道,http://183.236.43.98:4013/udp/239.253.43.45:5146
CGTN英语,http://183.236.43.98:4013/udp/239.77.0.199:5146
CGTN阿拉伯语,http://183.236.43.98:4013/udp/239.253.43.200:5146
HZTV-2,http://183.236.43.98:4013/udp/239.77.1.233:5146
肇庆综合频道,http://183.236.43.98:4013/udp/239.253.43.1:5146
香山文化频道,http://183.236.43.98:4013/udp/239.253.43.63:5146
茂名综合频道,http://183.236.43.98:4013/udp/239.77.0.206:5146
茂名文化生活,http://183.236.43.98:4013/udp/239.77.0.207:5146
汕头经济生活,http://183.236.43.98:4013/udp/239.253.43.46:5146
清远文旅生活,http://183.236.43.98:4013/udp/239.253.43.34:5146
佛山影视频道,http://183.236.43.98:4013/udp/239.253.43.56:5146
深圳财经生活,http://183.236.43.98:4013/udp/239.77.1.242:5146
湛江公共频道,http://183.236.43.98:4013/udp/239.77.0.140:5146
佛山南海频道,http://183.236.43.98:4013/udp/239.253.43.54:5146
江门侨乡生活,http://183.236.43.98:4013/udp/239.77.0.202:5146
深圳少儿频道,http://183.236.43.98:4013/udp/239.77.1.244:5146
汕尾文化生活,http://183.236.43.98:4013/udp/239.77.0.187:5146
湛江新闻综合,http://183.236.43.98:4013/udp/239.77.0.141:5146
东莞新闻综合,http://183.236.43.98:4013/udp/239.253.43.104:5146
潮州综合频道,http://183.236.43.98:4013/udp/239.253.43.70:5146
潮州民生频道,http://183.236.43.98:4013/udp/239.253.43.75:5146
深圳体育健康,http://183.236.43.98:4013/udp/239.77.1.128:5146
佛山公共频道,http://183.236.43.98:4013/udp/239.253.43.53:5146
广东4K超高清,http://183.236.43.98:4013/udp/239.77.0.245:5146
江门综合频道,http://183.236.43.98:4013/udp/239.77.0.201:5146
韶关新闻综合,http://183.236.43.98:4013/udp/239.77.0.117:5146
东莞生活资讯,http://183.236.43.98:4013/udp/239.253.43.105:5146
广东经济科教,http://183.236.43.98:4013/udp/239.77.0.85:5146
广州综合频道,http://183.236.43.98:4013/udp/239.253.43.71:5146
广东经济科教,http://183.236.43.98:4013/udp/239.77.0.167:5146
广东新闻频道,http://183.236.43.98:4013/udp/239.77.0.173:5146
广州新闻频道,http://183.236.43.98:4013/udp/239.253.43.72:5146
广东少儿频道,http://183.236.43.98:4013/udp/239.77.0.250:5146
广东珠江频道,http://183.236.43.98:4013/udp/239.77.0.1:5146
广东影视频道,http://183.236.43.98:4013/udp/239.77.0.217:5146
CGTN法语,http://183.236.43.98:4013/udp/239.77.0.228:5146
云浮综合频道,http://183.236.43.98:4013/udp/239.77.0.253:5146
睛彩青少,http://183.236.43.98:4013/udp/239.77.1.22:5146
云浮文旅频道,http://183.236.43.98:4013/udp/239.77.0.254:5146
广州影视频道,http://183.236.43.98:4013/udp/239.253.43.73:5146
南国都市4K,http://183.236.43.98:4013/udp/239.253.43.99:5146
珠海-1,http://183.236.43.98:4013/udp/239.77.0.155:5146
河源公共频道,http://183.236.43.98:4013/udp/239.253.43.214:5146
肇庆生活服务,http://183.236.43.98:4013/udp/239.253.43.2:5146
中山综合频道,http://183.236.43.98:4013/udp/239.253.43.62:5146
揭阳生活频道,http://183.236.43.98:4013/udp/239.77.0.251:5146
睛彩篮球,http://183.236.43.98:4013/udp/239.77.1.21:5146
CGTN纪录,http://183.236.43.98:4013/udp/239.253.43.122:5146
河源综合频道,http://183.236.43.98:4013/udp/239.253.43.213:5146
HZTV-1,http://183.236.43.98:4013/udp/239.77.1.232:5146
汕尾新闻综合,http://183.236.43.98:4013/udp/239.77.0.25:5146
佛山顺德频道,http://183.236.43.98:4013/udp/239.253.43.55:5146
佛山综合频道,http://183.236.43.98:4013/udp/239.253.43.57:5146
深圳都市频道,http://183.236.43.98:4013/udp/239.77.1.176:5146
广东体育频道,http://183.236.43.98:4013/udp/239.77.0.168:5146
广东民生频道,http://183.236.43.98:4013/udp/239.77.0.225:5146
广东珠江频道,http://183.236.43.98:4013/udp/239.77.0.114:5146
广东综艺4K,http://183.236.43.98:4013/udp/239.77.0.252:5146
广东4K超高清,http://183.236.43.98:4013/udp/239.77.0.244:5146
深圳电视剧频道,http://183.236.43.98:4013/udp/239.77.1.177:5146
广州法治频道,http://183.236.43.98:4013/udp/239.253.43.74:5146
广东经济科教,http://58.253.171.52:8188/udp/239.0.1.94:5013
广东4K超高清,http://58.253.171.52:8188/udp/239.0.1.169:6030
广东珠江频道,http://58.253.171.52:8188/udp/239.0.1.133:5172
广东体育频道,http://58.253.171.52:8188/udp/239.0.1.95:5057
广东民生频道,http://58.253.171.52:8188/udp/239.0.1.48:5005
广东嘉佳卡通,http://58.253.171.52:8188/udp/239.0.1.56:5007
广东新闻频道,http://58.253.171.52:8188/udp/239.0.1.47:5006
广东影视频道,http://58.253.171.52:8188/udp/239.0.1.54:5011
广东少儿频道,http://58.253.171.52:8188/udp/239.0.1.55:5012
广东移动频道,http://58.253.171.52:8188/udp/239.0.1.63:5101
广东岭南戏曲,http://58.253.171.52:8188/udp/239.0.1.59:5073
广东现代教育,http://58.253.171.52:8188/udp/239.0.1.61:5103
广东南方购物,http://58.253.171.52:8188/udp/239.0.1.57:5087
河源生活频道,http://58.253.171.52:8188/udp/239.0.1.236:5225
金鹰纪实,http://58.253.171.52:8188/udp/239.0.1.92:5094
哈哈炫动,http://58.253.171.52:8188/udp/239.0.1.42:5090
GCTN英语,http://58.253.171.52:8188/udp/239.0.1.76:8056
IPTV5体育,http://58.253.171.52:8188/udp/239.0.1.102:4120
山西社会与法治,http://110.178.145.185:8188/udp/239.1.1.5:8005
嘉佳卡通,http://110.178.145.185:8188/rtp/239.1.1.68:8068
上海动漫秀场,http://110.178.145.185:8188/udp/239.1.1.80:8080
上海都市剧场,http://110.178.145.185:8188/udp/239.1.1.81:8081
盐湖频道,http://110.178.145.185:8188/udp/239.1.1.125:8125
上海法治天地,http://110.178.145.185:8188/udp/239.1.1.79:8079
上海乐游纪实,http://110.178.145.185:8188/udp/239.1.1.84:8084
上海生活时尚,http://110.178.145.185:8188/udp/239.1.1.76:8076
上海东方财经,http://110.178.145.185:8188/udp/239.1.1.85:8085
黄河电视台,http://110.178.145.185:8188/udp/239.1.1.2:8002
上海金色学堂,http://110.178.145.185:8188/udp/239.1.1.82:8082
湖南茶频道,http://110.178.145.185:8188/udp/239.1.1.77:8077
湖南金鹰纪实,http://110.178.145.185:8188/udp/239.1.1.63:8063
晋中综合频道,http://110.178.145.185:8188/udp/239.1.1.120:8120
上海游戏风云,http://110.178.145.185:8188/udp/239.1.1.83:8083
山西文体生活,http://110.178.145.185:8188/udp/239.1.1.6:8006
湖南快乐垂钓,http://110.178.145.185:8188/udp/239.1.1.86:8086
凤凰资讯,http://110.178.145.185:8188/udp/239.1.1.127:8127
运城2台,http://110.178.145.185:8188/udp/239.1.1.124:8124
山西经济与科技,http://110.178.145.185:8188/udp/239.1.1.3:8003
优漫卡通,http://110.178.145.185:8188/rtp/239.1.1.72:8072
山西影视,http://110.178.145.185:8188/udp/239.1.1.4:8004
运城1台,http://110.178.145.185:8188/udp/239.1.1.123:8123
晋中公共频道,http://110.178.145.185:8188/udp/239.1.1.121:8121
哈哈炫动,http://110.178.145.185:8188/rtp/239.1.1.64:8064
山西黄河频道,http://171.119.206.125:6000/rtp/226.0.2.235:9792
山西经济与科技,http://171.119.206.125:6000/rtp/226.0.2.236:9800
山西影视频道,http://171.119.206.125:6000/rtp/226.0.2.237:9808
山西社会与法治,http://171.119.206.125:6000/rtp/226.0.2.238:9816
山西文体生活,http://171.119.206.125:6000/rtp/226.0.2.16:8040
CHC高清电影,http://171.119.206.125:6000/rtp/226.0.2.93:8004
湖南金鹰纪实,http://171.119.206.125:6000/rtp/226.0.2.194:9464
湖南金鹰卡通,http://171.119.206.125:6000/rtp/226.0.2.172:9288
上海纪实人文,http://171.119.206.125:6000/rtp/226.0.2.193:9456
上海动漫秀场,http://171.119.206.125:6000/rtp/226.0.2.183:9376
上海都市剧场,http://171.119.206.125:6000/rtp/226.0.2.81:8560
上海法治天地,http://171.119.206.125:6000/rtp/226.0.2.83:8576
上海东方财经,http://171.119.206.125:6000/rtp/226.0.2.76:8520
上海乐游纪实,http://171.119.206.125:6000/rtp/226.0.2.77:8528
上海游戏风云,http://171.119.206.125:6000/rtp/226.0.2.78:8536
上海生活时尚,http://171.119.206.125:6000/rtp/226.0.2.84:8584
上海金色学堂,http://171.119.206.125:6000/rtp/226.0.2.182:9368
河南文物宝库,http://171.119.206.125:6000/rtp/226.0.2.110:8792
河南梨园频道,http://171.119.206.125:6000/rtp/226.0.2.115:8832
河南武术世界,http://171.119.206.125:6000/rtp/226.0.2.97:8688
中国天气,http://171.119.206.125:6000/rtp/226.0.2.103:8736
清徐,http://171.119.206.125:6000/rtp/226.0.2.191:9440
朔州-1,http://171.119.206.125:6000/rtp/226.0.2.185:9392
朔州-2,http://171.119.206.125:6000/rtp/226.0.2.186:9400
孝义电视台,http://171.119.206.125:6000/rtp/226.0.2.189:9424
古交电视台,http://171.119.206.125:6000/rtp/226.0.2.192:9448
阳曲,http://171.119.206.125:6000/rtp/226.0.2.196:9480
九屏测试,http://171.119.206.125:6000/rtp/226.0.2.197:9488
太原1,http://171.119.206.125:6000/rtp/226.0.2.201:9520
太原2,http://171.119.206.125:6000/rtp/226.0.2.202:9528
太原3,http://171.119.206.125:6000/rtp/226.0.2.203:9536
太原4,http://171.119.206.125:6000/rtp/226.0.2.204:9544
太原5,http://171.119.206.125:6000/rtp/226.0.2.205:9552
太原教育,http://171.119.206.125:6000/rtp/226.0.2.206:9560
晋能控股,http://171.119.206.125:6000/rtp/226.0.2.229:9744
大同教育,http://171.119.206.125:6000/rtp/226.0.2.232:9772
阳泉-1新闻综合,http://171.119.206.125:6000/rtp/226.0.2.233:9776
阳泉-2科教,http://171.119.206.125:6000/rtp/226.0.2.234:9784
山西黄河频道,http://171.119.206.133:6000/rtp/226.0.2.235:9792
山西经济与科技,http://171.119.206.133:6000/rtp/226.0.2.236:9800
山西影视频道,http://171.119.206.133:6000/rtp/226.0.2.237:9808
山西社会与法治,http://171.119.206.133:6000/rtp/226.0.2.238:9816
山西文体生活,http://171.119.206.133:6000/rtp/226.0.2.16:8040
CHC高清电影,http://171.119.206.133:6000/rtp/226.0.2.93:8004
湖南金鹰纪实,http://171.119.206.133:6000/rtp/226.0.2.194:9464
湖南金鹰卡通,http://171.119.206.133:6000/rtp/226.0.2.172:9288
上海纪实人文,http://171.119.206.133:6000/rtp/226.0.2.193:9456
上海动漫秀场,http://171.119.206.133:6000/rtp/226.0.2.183:9376
上海都市剧场,http://171.119.206.133:6000/rtp/226.0.2.81:8560
上海法治天地,http://171.119.206.133:6000/rtp/226.0.2.83:8576
上海东方财经,http://171.119.206.133:6000/rtp/226.0.2.76:8520
上海乐游纪实,http://171.119.206.133:6000/rtp/226.0.2.77:8528
上海游戏风云,http://171.119.206.133:6000/rtp/226.0.2.78:8536
上海生活时尚,http://171.119.206.133:6000/rtp/226.0.2.84:8584
上海金色学堂,http://171.119.206.133:6000/rtp/226.0.2.182:9368
河南文物宝库,http://171.119.206.133:6000/rtp/226.0.2.110:8792
河南梨园频道,http://171.119.206.133:6000/rtp/226.0.2.115:8832
河南武术世界,http://171.119.206.133:6000/rtp/226.0.2.97:8688
中国天气,http://171.119.206.133:6000/rtp/226.0.2.103:8736
清徐,http://171.119.206.133:6000/rtp/226.0.2.191:9440
朔州-1,http://171.119.206.133:6000/rtp/226.0.2.185:9392
朔州-2,http://171.119.206.133:6000/rtp/226.0.2.186:9400
孝义电视台,http://171.119.206.133:6000/rtp/226.0.2.189:9424
古交电视台,http://171.119.206.133:6000/rtp/226.0.2.192:9448
阳曲,http://171.119.206.133:6000/rtp/226.0.2.196:9480
九屏测试,http://171.119.206.133:6000/rtp/226.0.2.197:9488
太原1,http://171.119.206.133:6000/rtp/226.0.2.201:9520
太原2,http://171.119.206.133:6000/rtp/226.0.2.202:9528
太原3,http://171.119.206.133:6000/rtp/226.0.2.203:9536
太原4,http://171.119.206.133:6000/rtp/226.0.2.204:9544
太原5,http://171.119.206.133:6000/rtp/226.0.2.205:9552
太原教育,http://171.119.206.133:6000/rtp/226.0.2.206:9560
晋能控股,http://171.119.206.133:6000/rtp/226.0.2.229:9744
大同教育,http://171.119.206.133:6000/rtp/226.0.2.232:9772
阳泉-1新闻综合,http://171.119.206.133:6000/rtp/226.0.2.233:9776
阳泉-2科教,http://171.119.206.133:6000/rtp/226.0.2.234:9784
广西综艺旅游,http://113.13.243.96:4022/udp/239.81.0.214:4056
广西影视频道,http://113.13.243.96:4022/udp/239.81.0.250:4056
广西新闻频道,http://113.13.243.96:4022/udp/239.81.0.248:4056
广西都市频道,http://113.13.243.96:4022/udp/239.81.0.247:4056
广西国际频道,http://113.13.243.96:4022/udp/239.81.0.8:4056
广西移动电视,http://113.13.243.96:4022/udp/239.81.0.10:4056
南宁新闻综合,http://113.13.243.96:4022/udp/239.81.0.241:4056
嘉佳卡通,http://113.13.243.96:4022/udp/239.81.0.64:4056
卡酷动画,http://113.13.243.96:4022/udp/239.81.0.62:4056
新动漫,http://113.13.243.96:4022/udp/239.81.0.235:4056
电竞游戏,http://113.13.243.96:4022/udp/239.81.0.202:4056
CGTN,http://113.13.243.96:4022/udp/239.81.0.28:4056
南宁影视娱乐,http://113.13.243.96:4022/udp/239.81.0.128:4056
南宁公共频道,http://113.13.243.96:4022/udp/239.81.0.129:4056
南宁文旅生活,http://113.13.243.96:4022/udp/239.81.0.127:4056
柳州新闻,http://113.13.243.96:4022/udp/239.81.0.134:4056
北海新闻,http://113.13.243.96:4022/udp/239.81.0.136:4056
玉林新闻,http://113.13.243.96:4022/udp/239.81.0.138:4056
贺州新闻,http://113.13.243.96:4022/udp/239.81.0.137:4056
桂林新闻,http://113.13.243.96:4022/udp/239.81.0.135:4056
华数爱上4K,http://113.13.243.96:4022/udp/239.81.0.123:4056
广西IPTV7,http://113.13.243.96:4022/udp/239.81.0.253:4056
广西IPTV8,http://113.13.243.96:4022/udp/239.81.0.208:4056
IPTV6电影,http://113.13.243.96:4022/udp/239.81.0.100:4056
IPTV12,http://113.13.243.96:4022/udp/239.81.0.124:4056
IPTV5体育,http://113.13.243.96:4022/udp/239.81.0.12:4056
九画面,http://220.167.170.194:4000/rtp/239.120.1.131:8268
海西电视台,http://220.167.170.194:4000/rtp/239.120.1.184:9160
久治,http://220.167.170.194:4000/rtp/239.120.1.34:9534
海东综合频道,http://220.167.170.194:4000/rtp/239.120.1.102:8328
天元围棋,http://220.167.170.194:4000/rtp/239.120.1.59:8320
中国天气,http://220.167.170.194:4000/rtp/239.120.1.241:9408
海北电视台,http://220.167.170.194:4000/rtp/239.120.1.200:8404
上海东方财经,http://220.167.170.194:4000/rtp/239.120.1.55:8304
上海乐游频道,http://220.167.170.194:4000/rtp/239.120.1.217:9320
CGTN英语,http://220.167.170.194:4000/rtp/239.120.1.161:9024
哈哈炫动,http://220.167.170.194:4000/rtp/239.120.1.140:8898
金鹰纪实,http://220.167.170.194:4000/rtp/239.120.1.73:8412
上海生活时尚,http://220.167.170.194:4000/rtp/239.120.1.220:9332
海北电视台,http://220.167.170.194:4000/rtp/239.120.1.123:8266
西宁新闻综合,http://220.167.170.194:4000/rtp/239.120.1.249:9444
上海金色学堂,http://220.167.170.194:4000/rtp/239.120.1.69:8374
上海动漫秀场,http://220.167.170.194:4000/rtp/239.120.1.219:9328
嘉佳卡通,http://220.167.170.194:4000/rtp/239.120.1.108:8640
青海经视,http://220.167.170.194:4000/rtp/239.120.1.42:8226
青海油田,http://220.167.170.194:4000/rtp/239.120.1.144:8416
快乐垂钓,http://220.167.170.194:4000/rtp/239.120.1.225:9346
上海都市剧场,http://220.167.170.194:4000/rtp/239.120.1.221:9336
上海法治天地,http://220.167.170.194:4000/rtp/239.120.1.54:8298
矿区生活,http://220.167.170.194:4000/rtp/239.120.1.145:8420
青海都市,http://220.167.170.194:4000/rtp/239.120.1.41:8220
上海游戏风云,http://220.167.170.194:4000/rtp/239.120.1.215:9312
上海欢笑剧场,http://220.167.170.194:4000/rtp/239.120.1.186:8378
西宁生活服务,http://220.167.170.194:4000/rtp/239.120.1.248:9440
上海欢笑剧场,http://220.167.170.194:4000/rtp/239.120.1.216:9316
凤凰资讯,http://42.92.117.151:8231/udp/239.255.30.70:8231
甘肃文化影视,http://42.92.117.151:8231/udp/239.255.30.250:8231
甘肃公共频道,http://42.92.117.151:8231/udp/239.255.30.251:8231
甘肃科教频道,http://42.92.117.151:8231/udp/239.255.30.252:8231
甘肃经济频道,http://42.92.117.151:8231/udp/239.255.30.253:8231
甘肃少儿频道,http://42.92.117.151:8231/udp/239.255.30.254:8231
陇尚生活,http://42.92.117.151:8231/udp/239.255.30.73:8231
临夏新闻综合,http://42.92.117.151:8231/udp/239.255.30.107:8231
临夏文旅频道,http://42.92.117.151:8231/udp/239.255.30.108:8231
皋兰电视台,http://42.92.117.151:8231/udp/239.255.30.236:8231
BesTV戏曲精选,http://42.92.117.151:8231/udp/239.255.30.118:8231
BesTV谍战剧场,http://42.92.117.151:8231/udp/239.255.30.166:8231
BesTV华语电影,http://42.92.117.151:8231/udp/239.255.30.193:8231
BesTV星光影院,http://42.92.117.151:8231/udp/239.255.30.194:8231
BesTV全球大片,http://42.92.117.151:8231/udp/239.255.30.196:8231
BesTV看天下,http://42.92.117.151:8231/udp/239.255.30.217:8231
BesTV电视剧,http://42.92.117.151:8231/udp/239.255.30.100:8231
BesTV动漫,http://42.92.117.151:8231/udp/239.255.30.150:8231
BesTV少儿,http://42.92.117.151:8231/udp/239.255.30.151:8231
BesTV文化,http://42.92.117.151:8231/udp/239.255.30.160:8231
BesTV健康,http://42.92.117.151:8231/udp/239.255.30.197:8231
金鹰纪实,http://42.92.117.151:8231/udp/239.255.29.39:8231
上海哈哈炫动,http://42.92.117.151:8231/udp/239.255.29.37:8231
上海动漫秀场,http://42.92.117.151:8231/udp/239.255.29.16:8231
上海欢笑剧场,http://42.92.117.151:8231/udp/239.255.29.19:8231
上海欢笑剧场4K,http://42.92.117.151:8231/udp/239.255.29.7:8231
上海乐游频道,http://42.92.117.151:8231/udp/239.255.29.17:8231
上海生活时尚,http://42.92.117.151:8231/udp/239.255.29.18:8231
上海都市频道,http://42.92.117.151:8231/udp/239.255.29.22:8231
上海都市剧场,http://42.92.117.151:8231/udp/239.255.29.41:8231
上海金色学堂,http://42.92.117.151:8231/udp/239.255.29.23:8231
上海法治天地,http://42.92.117.151:8231/udp/239.255.29.24:8231
羽毛球精品赛事,http://42.92.117.151:8231/udp/239.255.29.31:8231
IPTV5体育,http://42.92.117.151:8231/udp/239.255.30.115:8231
四川影视文艺,http://112.192.73.147:8484/rtp/239.0.0.5:5140
四川影视文艺,http://112.192.72.141:8484/rtp/239.0.0.5:5140
四川文化旅游,http://112.192.72.141:8484/rtp/239.0.0.3:5140
财富天下,http://112.192.73.147:8484/rtp/239.0.0.34:5140
四川文化旅游,http://112.192.73.147:8484/rtp/239.0.0.3:5140
上海动漫秀场,http://112.192.73.147:8484/rtp/239.0.0.28:5140
上海动漫秀场,http://112.192.72.141:8484/rtp/239.0.0.28:5140
财富天下,http://112.192.72.141:8484/rtp/239.0.0.34:5140
快乐垂钓,http://112.192.72.141:8484/rtp/239.0.0.40:5140
CHC影迷电影,http://112.192.72.141:8484/rtp/239.0.0.25:5140
CHC影迷电影,http://112.192.73.147:8484/rtp/239.0.0.25:5140
四川科教频道,http://112.192.73.147:8484/rtp/239.0.0.186:5140
四川科教频道,http://112.192.72.141:8484/rtp/239.0.0.186:5140
上海欢笑剧场4K,http://112.192.73.147:8484/rtp/239.0.0.201:5140
上海欢笑剧场4K,http://112.192.72.141:8484/rtp/239.0.0.201:5140
金鹰纪实,http://112.192.73.147:8484/rtp/239.0.0.69:5140
金鹰纪实,http://112.192.72.141:8484/rtp/239.0.0.69:5140
快乐垂钓,http://112.192.73.147:8484/rtp/239.0.0.40:5140
四川峨眉电影,http://112.192.72.141:8484/rtp/239.0.0.9:5140
熊猫体娱,http://171.213.155.146:8188/udp/239.93.0.94:5140
亲子趣学4K,http://171.213.155.146:8188/udp/239.93.1.191:5140
大爱生活,http://171.213.155.146:8188/udp/239.93.42.71:5140
iHOT爱动漫,http://171.213.155.146:8188/udp/239.93.42.23:5140
大爱四川,http://171.213.155.146:8188/udp/239.93.1.110:5140
熊猫爱生活,http://171.213.155.146:8188/udp/239.93.1.190:5140
iHOT爱都市,http://171.213.155.146:8188/udp/239.93.42.15:5140
熊猫影院,http://171.213.155.146:8188/udp/239.93.0.214:5140
熊猫卡通,http://171.213.155.146:8188/udp/239.93.1.172:5140
iHOT爱喜剧,http://171.213.155.146:8188/udp/239.93.42.9:5140
CGTN西班牙语,http://171.213.155.146:8188/udp/239.93.42.49:5140
CHANNEL-V,http://171.213.155.146:8188/udp/239.93.0.157:2194
大爱时尚,http://171.213.155.146:8188/udp/239.93.42.72:5140
湖南茶频道,http://171.213.155.146:8188/udp/239.93.0.114:5140
上海生活时尚,http://171.213.155.146:8188/udp/239.93.42.29:5140
湖南快乐垂钓,http://171.213.155.146:8188/udp/239.93.1.151:5140
iHOT爱幼教,http://171.213.155.146:8188/udp/239.93.42.17:5140
红色经典,http://171.213.155.146:8188/udp/239.93.1.176:5140
上海纪实人文,http://171.213.155.146:8188/udp/239.93.1.137:5140
iHOT爱赛车,http://171.213.155.146:8188/udp/239.93.42.20:5140
iHOT爱奇谈,http://171.213.155.146:8188/udp/239.93.42.22:5140
百视通电竞天堂,http://171.213.155.146:8188/udp/239.93.1.135:5140
iHOT爱浪漫,http://171.213.155.146:8188/udp/239.93.42.21:5140
四川新闻频道,http://171.213.155.146:8188/udp/239.93.0.47:5140
百视通星光院线,http://171.213.155.146:8188/udp/239.93.0.139:5140
百视通宝宝动画,http://171.213.155.146:8188/udp/239.93.0.147:5140
百视通谍战剧场,http://171.213.155.146:8188/udp/239.93.0.95:5140
百视通热门剧场,http://171.213.155.146:8188/udp/239.93.0.140:5140
成都生活频道,http://171.213.155.146:8188/udp/239.93.0.18:1238
4K乐享超清,http://171.213.155.146:8188/udp/239.93.0.43:5140
爱上4K,http://171.213.155.146:8188/udp/239.93.0.97:5140
iHOT爱院线,http://171.213.155.146:8188/udp/239.93.42.11:5140
四川峨眉电影,http://171.213.155.146:8188/udp/239.93.0.252:5140
四川影视文艺,http://171.213.155.146:8188/udp/239.93.0.166:5140
成都少儿频道,http://171.213.155.146:8188/udp/239.93.0.21:1251
乐龄学堂,http://171.213.237.195:8188/udp/239.93.1.179:5140
熊猫影院,http://171.213.237.195:8188/udp/239.93.0.214:5140
iHOT爱动漫,http://171.213.237.195:8188/udp/239.93.42.23:5140
熊猫爱生活,http://171.213.237.195:8188/udp/239.93.1.190:5140
百视通宝宝动画,http://171.213.237.195:8188/udp/239.93.0.147:5140
i成都,http://171.213.237.195:8188/udp/239.93.1.104:1234
熊猫频道,http://171.213.237.195:8188/udp/239.93.0.211:9148
上海生活时尚,http://171.213.237.195:8188/udp/239.93.42.29:5140
上海东方财经,http://171.213.237.195:8188/udp/239.93.1.165:5140
少儿天地,http://171.213.237.195:8188/udp/239.93.42.34:5140
上海纪实人文,http://171.213.237.195:8188/udp/239.93.1.137:5140
百视通谍战剧场,http://171.213.237.195:8188/udp/239.93.0.95:5140
iHOT爱院线,http://171.213.237.195:8188/udp/239.93.42.11:5140
百视通青春动漫,http://171.213.237.195:8188/udp/239.93.0.146:5140
iHOT爱悬疑,http://171.213.237.195:8188/udp/239.93.42.12:5140
湖南快乐垂钓,http://171.213.237.195:8188/udp/239.93.1.151:5140
上海都市剧场,http://171.213.237.195:8188/udp/239.93.42.30:5140
来钓鱼吧,http://171.213.237.195:8188/udp/239.93.42.8:5140
大爱旅游,http://171.213.237.195:8188/udp/239.93.42.70:5140
百视通电竞天堂,http://171.213.237.195:8188/udp/239.93.1.135:5140
爱上4K,http://171.213.237.195:8188/udp/239.93.0.97:5140
iHOT爱浪漫,http://171.213.237.195:8188/udp/239.93.42.21:5140
麻辣体育,http://171.213.237.195:8188/udp/239.93.42.2:5140
成都生活频道,http://171.213.237.195:8188/udp/239.93.0.18:1238
求索频道,http://171.213.237.195:8188/udp/239.93.42.24:5140
百视通华语影院,http://171.213.237.195:8188/udp/239.93.0.138:5140
亲子趣学4K,http://171.213.237.195:8188/udp/239.93.1.191:5140
红色经典,http://171.213.237.195:8188/udp/239.93.1.176:5140
爱宠宠物,http://171.213.237.195:8188/udp/239.93.42.32:5140
熊猫体娱,http://171.213.237.195:8188/udp/239.93.0.94:5140
湖南茶频道,http://171.213.237.195:8188/udp/239.93.0.114:5140
蓉城先锋,http://171.213.237.195:8188/udp/239.93.0.91:2101
4K乐享超清,http://171.213.237.195:8188/udp/239.93.0.43:5140
百视通星光院线,http://171.213.237.195:8188/udp/239.93.0.139:5140
百视通热门剧场,http://171.213.237.195:8188/udp/239.93.0.140:5140
百视通热门综艺,http://171.213.237.195:8188/udp/239.93.0.151:5140
绚影4K,http://171.213.237.195:8188/udp/239.93.42.33:5140
CGTN法语,http://171.213.237.195:8188/udp/239.93.42.50:5140
凤凰资讯,http://171.213.237.195:8188/udp/239.93.0.118:2191
成都经济频道,http://171.213.237.195:8188/udp/239.93.0.17:1239
iHOT爱历史,http://171.213.237.195:8188/udp/239.93.42.13:5140
iHOT爱体育,http://171.213.237.195:8188/udp/239.93.42.19:5140
四川妇女儿童,http://171.213.237.195:8188/udp/239.93.0.219:5140
四川影视文艺,http://171.213.237.195:8188/udp/239.93.0.166:5140
成都综合频道,http://171.213.237.195:8188/udp/239.93.0.16:5140
百视通戏曲精选,http://171.213.237.195:8188/udp/239.93.0.144:5140
四川文化旅游,http://171.213.237.195:8188/udp/239.93.1.102:5140
中录动漫4K,http://171.213.237.195:8188/udp/239.93.1.188:5140
四川峨眉电影,http://171.213.237.195:8188/udp/239.93.0.252:5140
成都公共频道,http://171.213.237.195:8188/udp/239.93.1.231:5140
四川新闻频道,http://171.213.237.195:8188/udp/239.93.0.47:5140
四川经济频道,http://171.213.237.195:8188/udp/239.93.1.101:5140
成都少儿频道,http://171.213.237.195:8188/udp/239.93.0.21:1251
四川科教频道,http://171.213.237.195:8188/udp/239.93.42.44:5140
茶频道,http://112.192.73.147:8484/rtp/239.0.0.36:5140
北京纪实科教,http://112.192.73.147:8484/rtp/239.0.0.77:5140
中国交通,http://112.192.72.141:8484/rtp/239.0.0.143:5140
上海乐游频道,http://112.192.73.147:8484/rtp/239.0.0.30:5140
上海金色学堂,http://112.192.73.147:8484/rtp/239.0.0.32:5140
中国交通,http://112.192.73.147:8484/rtp/239.0.0.143:5140
精彩影视,http://112.192.73.147:8484/rtp/239.0.0.26:5140
CGTN英语,http://112.192.73.147:8484/rtp/239.0.0.49:5140
西藏藏语频道,http://112.192.73.147:8484/rtp/239.0.0.105:5140
上海法治天地,http://112.192.72.141:8484/rtp/239.0.0.33:5140
先锋乒羽,http://112.192.73.147:8484/rtp/239.0.0.37:5140
上海法治天地,http://112.192.73.147:8484/rtp/239.0.0.33:5140
四川乡村频道,http://112.192.73.147:8484/rtp/239.0.0.8:5140
四川星空购物,http://112.192.73.147:8484/rtp/239.0.0.6:5140
四川峨眉电影,http://112.192.73.147:8484/rtp/239.0.0.9:5140
上海金色学堂,http://112.192.72.141:8484/rtp/239.0.0.32:5140
四川妇女儿童,http://112.192.72.141:8484/rtp/239.0.0.7:5140
CGTN英语,http://112.192.72.141:8484/rtp/239.0.0.49:5140
四川妇女儿童,http://112.192.73.147:8484/rtp/239.0.0.7:5140
四川经济频道,http://112.192.72.141:8484/rtp/239.0.0.2:5140
四川乡村频道,http://112.192.72.141:8484/rtp/239.0.0.8:5140
四川经济频道,http://112.192.73.147:8484/rtp/239.0.0.2:5140
先锋乒羽,http://112.192.72.141:8484/rtp/239.0.0.37:5140
上海乐游频道,http://112.192.72.141:8484/rtp/239.0.0.30:5140
四川新闻频道,http://112.192.73.147:8484/rtp/239.0.0.4:5140
茶频道,http://112.192.72.141:8484/rtp/239.0.0.36:5140
精彩影视,http://112.192.72.141:8484/rtp/239.0.0.26:5140
四川新闻频道,http://112.192.72.141:8484/rtp/239.0.0.4:5140
北京纪实科教,http://112.192.72.141:8484/rtp/239.0.0.77:5140
麻辣体育,http://171.213.154.70:8188/udp/239.93.42.2:5140
熊猫频道,http://171.213.154.70:8188/udp/239.93.0.211:9148
亲子趣学4K,http://171.213.154.70:8188/udp/239.93.1.191:5140
iHOT爱玩具,http://171.213.154.70:8188/udp/239.93.42.18:5140
大爱时尚,http://171.213.154.70:8188/udp/239.93.42.72:5140
绚影4K,http://171.213.154.70:8188/udp/239.93.42.33:5140
iHOT爱体育,http://171.213.154.70:8188/udp/239.93.42.19:5140
熊猫少儿,http://171.213.154.70:8188/udp/239.93.1.189:5140
成都经济频道,http://171.213.154.70:8188/udp/239.93.0.17:1239
iHOT爱都市,http://171.213.154.70:8188/udp/239.93.42.15:5140
iHOT爱旅行,http://171.213.154.70:8188/udp/239.93.42.16:5140
熊猫卡通,http://171.213.154.70:8188/udp/239.93.1.172:5140
大爱旅游,http://171.213.154.70:8188/udp/239.93.42.70:5140
iHOT爱院线,http://171.213.154.70:8188/udp/239.93.42.11:5140
iHOT爱科幻,http://171.213.154.70:8188/udp/239.93.42.10:5140
iHOT爱浪漫,http://171.213.154.70:8188/udp/239.93.42.21:5140
爱上4K,http://171.213.154.70:8188/udp/239.93.0.97:5140
iHOT爱谍战,http://171.213.154.70:8188/udp/239.93.42.14:5140
百视通宝宝动画,http://171.213.154.70:8188/udp/239.93.0.147:5140
iHOT爱赛车,http://171.213.154.70:8188/udp/239.93.42.20:5140
i成都,http://171.213.154.70:8188/udp/239.93.1.104:1234
百视通星光院线,http://171.213.154.70:8188/udp/239.93.0.139:5140
百视通热门剧场,http://171.213.154.70:8188/udp/239.93.0.140:5140
百视通热门综艺,http://171.213.154.70:8188/udp/239.93.0.151:5140
上海生活时尚,http://171.213.154.70:8188/udp/239.93.42.29:5140
上海纪实人文,http://171.213.154.70:8188/udp/239.93.1.137:5140
凤凰资讯,http://171.213.154.70:8188/udp/239.93.0.118:2191
四川科教频道,http://171.213.154.70:8188/udp/239.93.42.44:5140
4K乐享超清,http://171.213.154.70:8188/udp/239.93.0.43:5140
蓉城先锋,http://171.213.154.70:8188/udp/239.93.0.91:2101
熊猫24小时,http://171.213.154.70:8188/udp/239.93.1.178:5140
成都影视频道,http://171.213.154.70:8188/udp/239.93.0.19:1250
iHOT爱奇谈,http://171.213.154.70:8188/udp/239.93.42.22:5140
成都综合频道,http://171.213.154.70:8188/udp/239.93.0.16:5140
CGTN法语,http://171.213.154.70:8188/udp/239.93.42.50:5140
熊猫爱生活,http://171.213.154.70:8188/udp/239.93.1.190:5140
CHANNEL-V,http://171.213.154.70:8188/udp/239.93.0.157:2194
CGTN西班牙语,http://171.213.154.70:8188/udp/239.93.42.49:5140
上海东方财经,http://171.213.154.70:8188/udp/239.93.1.165:5140
四川文化旅游,http://171.213.154.70:8188/udp/239.93.1.102:5140
红色经典,http://171.213.154.70:8188/udp/239.93.1.176:5140
成都生活频道,http://171.213.154.70:8188/udp/239.93.0.18:1238
iHOT爱喜剧,http://171.213.154.70:8188/udp/239.93.42.9:5140
熊猫影院,http://171.213.154.70:8188/udp/239.93.0.214:5140
求索频道,http://171.213.154.70:8188/udp/239.93.42.24:5140
iHOT爱幼教,http://171.213.154.70:8188/udp/239.93.42.17:5140
百视通青春动漫,http://171.213.154.70:8188/udp/239.93.0.146:5140
CGTN英语,http://171.213.154.70:8188/udp/239.93.0.104:5140
湖南茶频道,http://171.213.154.70:8188/udp/239.93.0.114:5140
湖南快乐垂钓,http://171.213.154.70:8188/udp/239.93.1.151:5140
大爱四川,http://171.213.154.70:8188/udp/239.93.1.110:5140
百视通电竞天堂,http://171.213.154.70:8188/udp/239.93.1.135:5140
上海都市剧场,http://171.213.154.70:8188/udp/239.93.42.30:5140
爱宠宠物,http://171.213.154.70:8188/udp/239.93.42.32:5140
四川新闻频道,http://171.213.154.70:8188/udp/239.93.0.47:5140
四川妇女儿童,http://171.213.154.70:8188/udp/239.93.0.219:5140
百视通谍战剧场,http://171.213.154.70:8188/udp/239.93.0.95:5140
四川峨眉电影,http://171.213.154.70:8188/udp/239.93.0.252:5140
来钓鱼吧,http://171.213.154.70:8188/udp/239.93.42.8:5140
熊猫体娱,http://171.213.154.70:8188/udp/239.93.0.94:5140
百视通全球大片,http://171.213.154.70:8188/udp/239.93.0.105:5140
四川影视文艺,http://171.213.154.70:8188/udp/239.93.0.166:5140
乐龄学堂,http://171.213.155.146:8188/udp/239.93.1.179:5140
熊猫频道,http://171.213.155.146:8188/udp/239.93.0.211:9148
熊猫24小时,http://171.213.155.146:8188/udp/239.93.1.178:5140
CGTN法语,http://171.213.155.146:8188/udp/239.93.42.50:5140
上海都市剧场,http://171.213.155.146:8188/udp/239.93.42.30:5140
大爱旅游,http://171.213.155.146:8188/udp/239.93.42.70:5140
来钓鱼吧,http://171.213.155.146:8188/udp/239.93.42.8:5140
iHOT爱体育,http://171.213.155.146:8188/udp/239.93.42.19:5140
熊猫少儿,http://171.213.155.146:8188/udp/239.93.1.189:5140
求索频道,http://171.213.155.146:8188/udp/239.93.42.24:5140
少儿天地,http://171.213.155.146:8188/udp/239.93.42.34:5140
百视通华语影院,http://171.213.155.146:8188/udp/239.93.0.138:5140
CGTN英语,http://171.213.155.146:8188/udp/239.93.0.104:5140
i成都,http://171.213.155.146:8188/udp/239.93.1.104:1234
百视通全球大片,http://171.213.155.146:8188/udp/239.93.0.105:5140
成都公共频道,http://171.213.155.146:8188/udp/239.93.1.231:5140
iHOT爱玩具,http://171.213.155.146:8188/udp/239.93.42.18:5140
上海东方财经,http://171.213.155.146:8188/udp/239.93.1.165:5140
凤凰资讯,http://171.213.155.146:8188/udp/239.93.0.118:2191
iHOT爱谍战,http://171.213.155.146:8188/udp/239.93.42.14:5140
iHOT爱科幻,http://171.213.155.146:8188/udp/239.93.42.10:5140
iHOT爱历史,http://171.213.155.146:8188/udp/239.93.42.13:5140
爱宠宠物,http://171.213.155.146:8188/udp/239.93.42.32:5140
百视通热门综艺,http://171.213.155.146:8188/udp/239.93.0.151:5140
中录动漫4K,http://171.213.155.146:8188/udp/239.93.1.188:5140
蓉城先锋,http://171.213.155.146:8188/udp/239.93.0.91:2101
绚影4K,http://171.213.155.146:8188/udp/239.93.42.33:5140
iHOT爱旅行,http://171.213.155.146:8188/udp/239.93.42.16:5140
成都经济频道,http://171.213.155.146:8188/udp/239.93.0.17:1239
四川妇女儿童,http://171.213.155.146:8188/udp/239.93.0.219:5140
iHOT爱悬疑,http://171.213.155.146:8188/udp/239.93.42.12:5140
四川乡村频道,http://171.213.155.146:8188/udp/239.93.0.52:5140
四川经济频道,http://171.213.155.146:8188/udp/239.93.1.101:5140
四川文化旅游,http://171.213.155.146:8188/udp/239.93.1.102:5140
百视通青春动漫,http://171.213.155.146:8188/udp/239.93.0.146:5140
百视通戏曲精选,http://171.213.155.146:8188/udp/239.93.0.144:5140
四川科教频道,http://171.213.155.146:8188/udp/239.93.42.44:5140
收视导视,http://171.213.155.146:8188/udp/239.93.1.39:5140
麻辣体育,http://171.213.155.146:8188/udp/239.93.42.2:5140
熊猫24小时,http://171.213.237.195:8188/udp/239.93.1.178:5140
CHANNEL-V,http://171.213.237.195:8188/udp/239.93.0.157:2194
大爱生活,http://171.213.237.195:8188/udp/239.93.42.71:5140
大爱时尚,http://171.213.237.195:8188/udp/239.93.42.72:5140
收视导视,http://171.213.237.195:8188/udp/239.93.1.39:5140
天元围棋,http://171.213.237.195:8188/udp/239.93.42.55:5140
iHOT爱谍战,http://171.213.237.195:8188/udp/239.93.42.14:5140
熊猫卡通,http://171.213.237.195:8188/udp/239.93.1.172:5140
iHOT爱旅行,http://171.213.237.195:8188/udp/239.93.42.16:5140
iHOT爱都市,http://171.213.237.195:8188/udp/239.93.42.15:5140
百视通全球大片,http://171.213.237.195:8188/udp/239.93.0.105:5140
iHOT爱科幻,http://171.213.237.195:8188/udp/239.93.42.10:5140
iHOT爱玩具,http://171.213.237.195:8188/udp/239.93.42.18:5140
iHOT爱赛车,http://171.213.237.195:8188/udp/239.93.42.20:5140
iHOT爱奇谈,http://171.213.237.195:8188/udp/239.93.42.22:5140
iHOT爱幼教,http://171.213.237.195:8188/udp/239.93.42.17:5140
iHOT爱喜剧,http://171.213.237.195:8188/udp/239.93.42.9:5140
四川乡村频道,http://171.213.237.195:8188/udp/239.93.0.52:5140
iHOT爱历史,http://171.213.154.70:8188/udp/239.93.42.13:5140
百视通华语影院,http://171.213.154.70:8188/udp/239.93.0.138:5140
成都公共频道,http://171.213.154.70:8188/udp/239.93.1.231:5140
百视通戏曲精选,http://171.213.154.70:8188/udp/239.93.0.144:5140
中录动漫4K,http://171.213.154.70:8188/udp/239.93.1.188:5140
成都少儿频道,http://171.213.154.70:8188/udp/239.93.0.21:1251
四川乡村频道,http://171.213.154.70:8188/udp/239.93.0.52:5140
成都综合频道,http://171.213.155.146:8188/udp/239.93.0.16:5140
成都影视频道,http://171.213.237.195:8188/udp/239.93.0.19:1250
四川星空购物,http://112.192.72.141:8484/rtp/239.0.0.6:5140
天元围棋,http://171.213.154.70:8188/udp/239.93.42.55:5140
iHOT爱动漫,http://171.213.154.70:8188/udp/239.93.42.23:5140
乐龄学堂,http://171.213.154.70:8188/udp/239.93.1.179:5140
少儿天地,http://171.213.154.70:8188/udp/239.93.42.34:5140
四川经济频道,http://171.213.154.70:8188/udp/239.93.1.101:5140
成都影视频道,http://171.213.155.146:8188/udp/239.93.0.19:1250
CGTN西班牙语,http://171.213.237.195:8188/udp/239.93.42.49:5140
大爱四川,http://171.213.237.195:8188/udp/239.93.1.110:5140
CGTN英语,http://171.213.237.195:8188/udp/239.93.0.104:5140
西藏藏语频道,http://112.192.72.141:8484/rtp/239.0.0.105:5140
iHOT爱悬疑,http://171.213.154.70:8188/udp/239.93.42.12:5140
收视导视,http://171.213.154.70:8188/udp/239.93.1.39:5140
大爱生活,http://171.213.154.70:8188/udp/239.93.42.71:5140
天元围棋,http://171.213.155.146:8188/udp/239.93.42.55:5140
熊猫少儿,http://171.213.237.195:8188/udp/239.93.1.189:5140
四川影视文艺,http://171.213.239.160:8188/udp/239.93.0.166:5140
四川经济频道,http://171.213.239.160:8188/udp/239.93.1.101:5140
四川新闻频道,http://171.213.239.160:8188/udp/239.93.0.47:5140
四川乡村频道,http://171.213.239.160:8188/udp/239.93.0.52:5140
四川文化旅游,http://171.213.239.160:8188/udp/239.93.1.102:5140
四川科教频道,http://171.213.239.160:8188/udp/239.93.42.44:5140
四川峨眉电影,http://171.213.239.160:8188/udp/239.93.0.252:5140
四川妇女儿童,http://171.213.239.160:8188/udp/239.93.0.219:5140
凤凰资讯,http://171.213.239.160:8188/udp/239.93.0.118:2191
成都综合频道,http://171.213.239.160:8188/udp/239.93.0.16:5140
成都经济频道,http://171.213.239.160:8188/udp/239.93.0.17:1239
成都生活频道,http://171.213.239.160:8188/udp/239.93.0.18:1238
成都影视频道,http://171.213.239.160:8188/udp/239.93.0.19:1250
成都公共频道,http://171.213.239.160:8188/udp/239.93.1.231:5140
成都少儿频道,http://171.213.239.160:8188/udp/239.93.0.21:1251
蓉城先锋,http://171.213.239.160:8188/udp/239.93.0.91:2101
绚影4K,http://171.213.239.160:8188/udp/239.93.42.33:5140
爱上4K,http://171.213.239.160:8188/udp/239.93.0.97:5140
4K乐享超清,http://171.213.239.160:8188/udp/239.93.0.43:5140
中录动漫4K,http://171.213.239.160:8188/udp/239.93.1.188:5140
百视通华语影院,http://171.213.239.160:8188/udp/239.93.0.138:5140
百视通星光院线,http://171.213.239.160:8188/udp/239.93.0.139:5140
百视通全球大片,http://171.213.239.160:8188/udp/239.93.0.105:5140
百视通热门剧场,http://171.213.239.160:8188/udp/239.93.0.140:5140
百视通谍战剧场,http://171.213.239.160:8188/udp/239.93.0.95:5140
百视通青春动漫,http://171.213.239.160:8188/udp/239.93.0.146:5140
百视通宝宝动画,http://171.213.239.160:8188/udp/239.93.0.147:5140
百视通热门综艺,http://171.213.239.160:8188/udp/239.93.0.151:5140
百视通戏曲精选,http://171.213.239.160:8188/udp/239.93.0.144:5140
百视通电竞天堂,http://171.213.239.160:8188/udp/239.93.1.135:5140
iHOT爱浪漫,http://171.213.239.160:8188/udp/239.93.42.21:5140
iHOT爱喜剧,http://171.213.239.160:8188/udp/239.93.42.9:5140
iHOT爱奇谈,http://171.213.239.160:8188/udp/239.93.42.22:5140
iHOT爱科幻,http://171.213.239.160:8188/udp/239.93.42.10:5140
iHOT爱院线,http://171.213.239.160:8188/udp/239.93.42.11:5140
iHOT爱谍战,http://171.213.239.160:8188/udp/239.93.42.14:5140
iHOT爱历史,http://171.213.239.160:8188/udp/239.93.42.13:5140
iHOT爱悬疑,http://171.213.239.160:8188/udp/239.93.42.12:5140
iHOT爱都市,http://171.213.239.160:8188/udp/239.93.42.15:5140
iHOT爱旅行,http://171.213.239.160:8188/udp/239.93.42.16:5140
iHOT爱体育,http://171.213.239.160:8188/udp/239.93.42.19:5140
iHOT爱赛车,http://171.213.239.160:8188/udp/239.93.42.20:5140
iHOT爱动漫,http://171.213.239.160:8188/udp/239.93.42.23:5140
iHOT爱幼教,http://171.213.239.160:8188/udp/239.93.42.17:5140
iHOT爱玩具,http://171.213.239.160:8188/udp/239.93.42.18:5140
红色经典,http://171.213.239.160:8188/udp/239.93.1.176:5140
上海都市剧场,http://171.213.239.160:8188/udp/239.93.42.30:5140
上海纪实人文,http://171.213.239.160:8188/udp/239.93.1.137:5140
上海生活时尚,http://171.213.239.160:8188/udp/239.93.42.29:5140
上海东方财经,http://171.213.239.160:8188/udp/239.93.1.165:5140
湖南快乐垂钓,http://171.213.239.160:8188/udp/239.93.1.151:5140
湖南茶频道,http://171.213.239.160:8188/udp/239.93.0.114:5140
CGTN英语,http://171.213.239.160:8188/udp/239.93.0.104:5140
CGTN西班牙语,http://171.213.239.160:8188/udp/239.93.42.49:5140
CGTN法语,http://171.213.239.160:8188/udp/239.93.42.50:5140
求索频道,http://171.213.239.160:8188/udp/239.93.42.24:5140
i成都,http://171.213.239.160:8188/udp/239.93.1.104:1234
亲子趣学4K,http://171.213.239.160:8188/udp/239.93.1.191:5140
少儿天地,http://171.213.239.160:8188/udp/239.93.42.34:5140
爱宠宠物,http://171.213.239.160:8188/udp/239.93.42.32:5140
来钓鱼吧,http://171.213.239.160:8188/udp/239.93.42.8:5140
麻辣体育,http://171.213.239.160:8188/udp/239.93.42.2:5140
熊猫体娱,http://171.213.239.160:8188/udp/239.93.0.94:5140
熊猫少儿,http://171.213.239.160:8188/udp/239.93.1.189:5140
熊猫影院,http://171.213.239.160:8188/udp/239.93.0.214:5140
熊猫卡通,http://171.213.239.160:8188/udp/239.93.1.172:5140
熊猫频道,http://171.213.239.160:8188/udp/239.93.0.211:9148
熊猫24小时,http://171.213.239.160:8188/udp/239.93.1.178:5140
收视导视,http://171.213.239.160:8188/udp/239.93.1.39:5140
熊猫爱生活,http://171.213.239.160:8188/udp/239.93.1.190:5140
大爱四川,http://171.213.239.160:8188/udp/239.93.1.110:5140
大爱旅游,http://171.213.239.160:8188/udp/239.93.42.70:5140
大爱生活,http://171.213.239.160:8188/udp/239.93.42.71:5140
大爱时尚,http://171.213.239.160:8188/udp/239.93.42.72:5140
天元围棋,http://171.213.239.160:8188/udp/239.93.42.55:5140
乐龄学堂,http://171.213.239.160:8188/udp/239.93.1.179:5140
CHANNEL-V,http://171.213.239.160:8188/udp/239.93.0.157:2194
山东体育休闲,http://39.77.156.202:4002/rtp/239.253.254.22:8000
CHC影迷电影,http://39.77.25.244:4002/rtp/239.253.254.154:8000
茶频道,http://39.77.26.75:4002/rtp/239.253.254.143:8000
山东体育休闲,http://39.77.23.205:4002/rtp/239.253.254.22:8000
金鹰纪实,http://39.77.26.75:4002/rtp/239.253.254.103:8000
金鹰纪实,http://39.77.25.56:4002/rtp/239.253.254.103:8000
上海动漫秀场,http://39.77.25.244:4002/rtp/239.253.254.115:8000
CHC影迷电影,http://39.77.23.205:4002/rtp/239.253.254.154:8000
茶频道,http://39.77.25.56:4002/rtp/239.253.254.143:8000
CHC影迷电影,http://39.77.23.127:4002/rtp/239.253.254.154:8000
山东少儿频道,http://39.77.25.56:4002/rtp/239.253.254.25:8000
山东生活频道,http://39.77.25.244:4002/rtp/239.253.254.151:8000
金鹰纪实,http://39.77.23.127:4002/rtp/239.253.254.103:8000
金鹰纪实,http://39.77.23.205:4002/rtp/239.253.254.103:8000
山东齐鲁频道,http://39.77.23.205:4002/rtp/239.253.254.114:8000
青岛QTV1,http://39.77.161.61:4002/rtp/239.253.254.249:8000
山东新闻频道,http://39.77.156.202:4002/rtp/239.253.254.23:8000
上海都市剧场,http://39.77.161.85:4002/rtp/239.253.254.98:8000
CGTN法语,http://39.77.161.61:4002/rtp/239.253.254.183:8000
上海生活时尚,http://39.77.161.61:4002/rtp/239.253.254.99:8000
上海都市剧场,http://39.77.161.61:4002/rtp/239.253.254.98:8000
CGTN法语,http://39.77.156.202:4002/rtp/239.253.254.183:8000
上海东方财经,http://39.77.156.202:4002/rtp/239.253.254.94:8000
CGTN法语,http://39.77.156.131:4002/rtp/239.253.254.183:8000
茶频道,http://39.77.161.61:4002/rtp/239.253.254.143:8000
上海东方财经,http://39.77.156.131:4002/rtp/239.253.254.94:8000
上海生活时尚,http://39.77.161.56:4002/rtp/239.253.254.99:8000
上海生活时尚,http://39.77.157.135:4002/rtp/239.253.254.99:8000
河南武术世界,http://39.77.156.131:4002/rtp/239.253.254.140:8000
CGTN俄语,http://39.77.161.85:4002/rtp/239.253.254.185:8000
CGTN俄语,http://39.77.156.202:4002/rtp/239.253.254.185:8000
CGTN阿拉伯语,http://39.77.156.131:4002/rtp/239.253.254.184:8000
CGTN法语,http://39.77.25.56:4002/rtp/239.253.254.183:8000
CGTN法语,http://39.77.23.127:4002/rtp/239.253.254.183:8000
河南文物宝库,http://39.77.23.205:4002/rtp/239.253.254.141:8000
CGTN西班牙语,http://39.77.26.75:4002/rtp/239.253.254.182:8000
上海生活时尚,http://39.77.26.75:4002/rtp/239.253.254.99:8000
上海生活时尚,http://39.77.23.205:4002/rtp/239.253.254.99:8000
山东齐鲁频道,http://39.77.26.75:4002/rtp/239.253.254.114:8000
CGTN英语,http://39.77.25.244:4002/rtp/239.253.254.189:8000
山东综艺频道,http://39.77.25.244:4002/rtp/239.253.254.159:8000
山东齐鲁频道,http://39.77.25.244:4002/rtp/239.253.254.114:8000
山东农科频道,http://39.77.161.61:4002/rtp/239.253.254.24:8000
山东文旅频道,http://39.77.25.244:4002/rtp/239.253.254.160:8000
河南梨园频道,http://39.77.25.244:4002/rtp/239.253.254.139:8000
青岛QTV3,http://39.77.161.61:4002/rtp/239.253.254.251:8000
山东新闻频道,http://39.77.25.56:4002/rtp/239.253.254.23:8000
青岛QTV1,http://39.77.156.131:4002/rtp/239.253.254.249:8000
精彩影视,http://39.77.161.85:4002/rtp/239.253.254.142:8000
青岛QTV2,http://39.77.26.75:4002/rtp/239.253.254.250:8000
山东体育休闲,http://39.77.26.75:4002/rtp/239.253.254.22:8000
山东居家购物,http://39.77.26.75:4002/rtp/239.253.254.104:8000
青岛生活频道,http://39.77.26.75:4002/rtp/239.253.254.244:8000
青岛QTV2,http://39.77.23.205:4002/rtp/239.253.254.250:8000
CGTN俄语,http://39.77.26.75:4002/rtp/239.253.254.185:8000
综合1,http://39.77.25.244:4002/rtp/239.253.254.245:8000
青岛QTV2,http://39.77.25.244:4002/rtp/239.253.254.250:8000
山东少儿频道,http://39.77.26.75:4002/rtp/239.253.254.25:8000
山东农科频道,http://39.77.156.202:4002/rtp/239.253.254.24:8000
青岛QTV2,http://39.77.161.61:4002/rtp/239.253.254.250:8000
山东体育休闲,http://39.77.25.244:4002/rtp/239.253.254.22:8000
上海游戏风云,http://39.77.161.85:4002/rtp/239.253.254.95:8000
青岛QTV1,http://39.77.25.244:4002/rtp/239.253.254.249:8000
山东综艺频道,http://39.77.25.56:4002/rtp/239.253.254.159:8000
青岛QTV2,http://39.77.23.127:4002/rtp/239.253.254.250:8000
精彩影视,http://39.77.156.131:4002/rtp/239.253.254.142:8000
山东居家购物,http://39.77.25.244:4002/rtp/239.253.254.104:8000
青岛生活频道,http://39.77.25.56:4002/rtp/239.253.254.244:8000
山东体育休闲,http://39.77.25.56:4002/rtp/239.253.254.22:8000
上海游戏风云,http://39.77.161.61:4002/rtp/239.253.254.95:8000
青岛综合频道,http://39.77.161.85:4002/rtp/239.253.254.243:8000
CHC影迷电影,http://39.77.161.85:4002/rtp/239.253.254.154:8000
山东居家购物,http://39.77.25.56:4002/rtp/239.253.254.104:8000
平度新闻综合,http://39.77.156.131:4002/rtp/239.253.254.248:8000
山东体育休闲,http://39.77.23.127:4002/rtp/239.253.254.22:8000
上海游戏风云,http://39.77.156.202:4002/rtp/239.253.254.95:8000
综合2,http://39.77.156.202:4002/rtp/239.253.254.246:8000
CGTN俄语,http://39.77.23.205:4002/rtp/239.253.254.185:8000
山东文旅频道,http://39.77.161.85:4002/rtp/239.253.254.160:8000
山东新闻频道,http://39.77.156.131:4002/rtp/239.253.254.23:8000
山东齐鲁频道,http://39.77.157.135:4002/rtp/239.253.254.114:8000
CGTN英语,http://39.77.156.202:4002/rtp/239.253.254.189:8000
青岛QTV1,http://39.77.161.56:4002/rtp/239.253.254.249:8000
综合2,http://39.77.161.61:4002/rtp/239.253.254.246:8000
山东齐鲁频道,http://39.77.156.131:4002/rtp/239.253.254.114:8000
青岛综合频道,http://39.77.25.244:4002/rtp/239.253.254.243:8000
CGTN英语,http://39.77.161.61:4002/rtp/239.253.254.189:8000
山东新闻频道,http://39.77.26.75:4002/rtp/239.253.254.23:8000
精彩影视,http://39.77.25.244:4002/rtp/239.253.254.142:8000
山东新闻频道,http://39.77.23.205:4002/rtp/239.253.254.23:8000
山东齐鲁频道,http://39.77.23.127:4002/rtp/239.253.254.114:8000
山东农科频道,http://39.77.156.131:4002/rtp/239.253.254.24:8000
山东生活频道,http://39.77.156.202:4002/rtp/239.253.254.151:8000
山东农科频道,http://39.77.25.244:4002/rtp/239.253.254.24:8000
精彩影视,http://39.77.161.61:4002/rtp/239.253.254.142:8000
CGTN英语,http://39.77.156.131:4002/rtp/239.253.254.189:8000
青岛QTV3,http://39.77.26.75:4002/rtp/239.253.254.251:8000
上海动漫秀场,http://39.77.156.202:4002/rtp/239.253.254.115:8000
青岛QTV2,http://39.77.156.131:4002/rtp/239.253.254.250:8000
CGTN纪录,http://39.77.25.244:4002/rtp/239.253.254.188:8000
平度新闻综合,http://39.77.161.61:4002/rtp/239.253.254.248:8000
青岛QTV3,http://39.77.161.85:4002/rtp/239.253.254.251:8000
上海游戏风云,http://39.77.25.244:4002/rtp/239.253.254.95:8000
青岛QTV1,http://39.77.25.56:4002/rtp/239.253.254.249:8000
青岛QTV4,http://39.77.25.56:4002/rtp/239.253.254.252:8000
CGTN俄语,http://39.77.25.56:4002/rtp/239.253.254.185:8000
山东综艺频道,http://39.77.23.205:4002/rtp/239.253.254.159:8000
青岛QTV1,http://39.77.157.135:4002/rtp/239.253.254.249:8000
CHC影迷电影,http://39.77.161.61:4002/rtp/239.253.254.154:8000
山东生活频道,http://39.77.23.205:4002/rtp/239.253.254.151:8000
山东新闻频道,http://39.77.23.127:4002/rtp/239.253.254.23:8000
山东居家购物,http://39.77.156.202:4002/rtp/239.253.254.104:8000
青岛QTV4,http://39.77.23.205:4002/rtp/239.253.254.252:8000
山东生活频道,http://39.77.161.85:4002/rtp/239.253.254.151:8000
茶频道,http://39.77.23.205:4002/rtp/239.253.254.143:8000
青岛综合频道,http://39.77.25.56:4002/rtp/239.253.254.243:8000
综合1,http://39.77.25.56:4002/rtp/239.253.254.245:8000
山东生活频道,http://39.77.23.127:4002/rtp/239.253.254.151:8000
青岛QTV3,http://39.77.156.202:4002/rtp/239.253.254.251:8000
山东新闻频道,http://39.77.25.244:4002/rtp/239.253.254.23:8000
上海生活时尚,http://39.77.25.244:4002/rtp/239.253.254.99:8000
山东少儿频道,http://39.77.25.244:4002/rtp/239.253.254.25:8000
山东综艺频道,http://39.77.23.127:4002/rtp/239.253.254.159:8000
河南梨园频道,http://39.77.156.202:4002/rtp/239.253.254.139:8000
青岛综合频道,http://39.77.23.127:4002/rtp/239.253.254.243:8000
青岛生活频道,http://39.77.161.56:4002/rtp/239.253.254.244:8000
综合1,http://39.77.26.75:4002/rtp/239.253.254.245:8000
山东生活频道,http://39.77.26.75:4002/rtp/239.253.254.151:8000
青岛QTV1,http://39.77.161.85:4002/rtp/239.253.254.249:8000
山东新闻频道,http://39.77.161.85:4002/rtp/239.253.254.23:8000
CGTN俄语,http://39.77.23.127:4002/rtp/239.253.254.185:8000
茶频道,http://39.77.23.127:4002/rtp/239.253.254.143:8000
山东齐鲁频道,http://39.77.161.85:4002/rtp/239.253.254.114:8000
山东新闻频道,http://39.77.161.61:4002/rtp/239.253.254.23:8000
精彩影视,http://39.77.156.202:4002/rtp/239.253.254.142:8000
青岛QTV3,http://39.77.156.131:4002/rtp/239.253.254.251:8000
青岛生活频道,http://39.77.23.127:4002/rtp/239.253.254.244:8000
青岛综合频道,http://39.77.156.202:4002/rtp/239.253.254.243:8000
莱西综合频道,http://39.77.25.244:4002/rtp/239.253.254.247:8000
综合2,http://39.77.156.131:4002/rtp/239.253.254.246:8000
青岛QTV4,http://39.77.25.244:4002/rtp/239.253.254.252:8000
青岛QTV2,http://39.77.25.56:4002/rtp/239.253.254.250:8000
山东齐鲁频道,http://39.77.25.56:4002/rtp/239.253.254.114:8000
山东农科频道,http://39.77.161.85:4002/rtp/239.253.254.24:8000
CHC影迷电影,http://39.77.26.75:4002/rtp/239.253.254.154:8000
上海东方财经,http://39.77.25.244:4002/rtp/239.253.254.94:8000
莱西综合频道,http://39.77.161.85:4002/rtp/239.253.254.247:8000
平度新闻综合,http://39.77.161.85:4002/rtp/239.253.254.248:8000
平度新闻综合,http://39.77.25.244:4002/rtp/239.253.254.248:8000
崂山电视台,http://39.77.25.244:4002/rtp/239.253.254.242:8000
山东居家购物,http://39.77.161.85:4002/rtp/239.253.254.104:8000
青岛QTV4,http://39.77.26.75:4002/rtp/239.253.254.252:8000
山东居家购物,http://39.77.23.205:4002/rtp/239.253.254.104:8000
山东少儿频道,http://39.77.161.85:4002/rtp/239.253.254.25:8000
青岛生活频道,http://39.77.157.135:4002/rtp/239.253.254.244:8000
青岛QTV3,http://39.77.25.244:4002/rtp/239.253.254.251:8000
青岛生活频道,http://39.77.23.205:4002/rtp/239.253.254.244:8000
山东少儿频道,http://39.77.23.127:4002/rtp/239.253.254.25:8000
山东体育休闲,http://39.77.156.131:4002/rtp/239.253.254.22:8000
CGTN法语,http://39.77.25.244:4002/rtp/239.253.254.183:8000
山东体育休闲,http://39.77.161.61:4002/rtp/239.253.254.22:8000
山东居家购物,http://39.77.23.127:4002/rtp/239.253.254.104:8000
山东体育休闲,http://39.77.161.85:4002/rtp/239.253.254.22:8000
河南梨园频道,http://39.77.161.85:4002/rtp/239.253.254.139:8000
河南梨园频道,http://39.77.156.131:4002/rtp/239.253.254.139:8000
山东综艺频道,http://39.77.161.85:4002/rtp/239.253.254.159:8000
山东齐鲁频道,http://39.77.156.202:4002/rtp/239.253.254.114:8000
上海法治天地,http://39.77.25.244:4002/rtp/239.253.254.96:8000
山东生活频道,http://39.77.156.131:4002/rtp/239.253.254.151:8000
山东综艺频道,http://39.77.26.75:4002/rtp/239.253.254.159:8000
上海动漫秀场,http://39.77.156.131:4002/rtp/239.253.254.115:8000
山东居家购物,http://39.77.156.131:4002/rtp/239.253.254.104:8000
青岛综合频道,http://39.77.23.205:4002/rtp/239.253.254.243:8000
上海都市剧场,http://39.77.25.244:4002/rtp/239.253.254.98:8000
青岛QTV3,http://39.77.23.205:4002/rtp/239.253.254.251:8000
山东生活频道,http://39.77.161.61:4002/rtp/239.253.254.151:8000
山东文旅频道,http://39.77.156.202:4002/rtp/239.253.254.160:8000
综合1,http://39.77.23.127:4002/rtp/239.253.254.245:8000
山东综艺频道,http://39.77.156.202:4002/rtp/239.253.254.159:8000
青岛QTV4,http://39.77.161.85:4002/rtp/239.253.254.252:8000
山东文旅频道,http://39.77.161.61:4002/rtp/239.253.254.160:8000
青岛QTV1,http://39.77.23.205:4002/rtp/239.253.254.249:8000
CHC影迷电影,http://39.77.156.202:4002/rtp/239.253.254.154:8000
青岛QTV4,http://39.77.156.202:4002/rtp/239.253.254.252:8000
青岛综合频道,http://39.77.26.75:4002/rtp/239.253.254.243:8000
综合1,http://39.77.156.202:4002/rtp/239.253.254.245:8000
青岛QTV4,http://39.77.23.127:4002/rtp/239.253.254.252:8000
山东少儿频道,http://39.77.23.205:4002/rtp/239.253.254.25:8000
上海生活时尚,http://39.77.161.85:4002/rtp/239.253.254.99:8000
山东综艺频道,http://39.77.156.131:4002/rtp/239.253.254.159:8000
山东居家购物,http://39.77.161.61:4002/rtp/239.253.254.104:8000
青岛QTV1,http://39.77.26.75:4002/rtp/239.253.254.249:8000
青岛生活频道,http://39.77.25.244:4002/rtp/239.253.254.244:8000
山东少儿频道,http://39.77.161.61:4002/rtp/239.253.254.25:8000
综合1,http://39.77.23.205:4002/rtp/239.253.254.245:8000
CGTN纪录,http://39.77.161.85:4002/rtp/239.253.254.188:8000
上海法治天地,http://39.77.161.85:4002/rtp/239.253.254.96:8000
山东文旅频道,http://39.77.156.131:4002/rtp/239.253.254.160:8000
崂山电视台,http://39.77.161.85:4002/rtp/239.253.254.242:8000
河南武术世界,http://39.77.25.244:4002/rtp/239.253.254.140:8000
青岛QTV1,http://39.77.23.127:4002/rtp/239.253.254.249:8000
青岛QTV3,http://39.77.23.127:4002/rtp/239.253.254.251:8000
CGTN西班牙语,http://39.77.25.244:4002/rtp/239.253.254.182:8000
综合1,http://39.77.156.131:4002/rtp/239.253.254.245:8000
金鹰纪实,http://39.77.25.244:4002/rtp/239.253.254.103:8000
CGTN法语,http://39.77.161.85:4002/rtp/239.253.254.183:8000
CHC影迷电影,http://39.77.156.131:4002/rtp/239.253.254.154:8000
青岛综合频道,http://39.77.161.61:4002/rtp/239.253.254.243:8000
茶频道,http://39.77.25.244:4002/rtp/239.253.254.143:8000
海洋频道,http://39.77.25.244:4002/rtp/239.253.254.67:8000
莱西综合频道,http://39.77.156.202:4002/rtp/239.253.254.247:8000
山东综艺频道,http://39.77.161.61:4002/rtp/239.253.254.159:8000
上海动漫秀场,http://39.77.161.61:4002/rtp/239.253.254.115:8000
山东少儿频道,http://39.77.156.202:4002/rtp/239.253.254.25:8000
上海法治天地,http://39.77.161.61:4002/rtp/239.253.254.96:8000
CGTN纪录,http://39.77.161.61:4002/rtp/239.253.254.188:8000
上海东方财经,http://39.77.161.61:4002/rtp/239.253.254.94:8000
崂山电视台,http://39.77.161.61:4002/rtp/239.253.254.242:8000
河南武术世界,http://39.77.161.61:4002/rtp/239.253.254.140:8000
青岛生活频道,http://39.77.161.85:4002/rtp/239.253.254.244:8000
中国交通,http://39.77.25.244:4002/rtp/239.253.254.177:8000
莱西综合频道,http://39.77.156.131:4002/rtp/239.253.254.247:8000
CGTN西班牙语,http://39.77.161.85:4002/rtp/239.253.254.182:8000
CGTN纪录,http://39.77.156.202:4002/rtp/239.253.254.188:8000
河南武术世界,http://39.77.161.85:4002/rtp/239.253.254.140:8000
青岛生活频道,http://39.77.161.61:4002/rtp/239.253.254.244:8000
上海法治天地,http://39.77.26.75:4002/rtp/239.253.254.96:8000
山东生活频道,http://39.77.161.56:4002/rtp/239.253.254.151:8000
金鹰纪实,http://39.77.161.85:4002/rtp/239.253.254.103:8000
山东生活频道,http://39.77.157.135:4002/rtp/239.253.254.151:8000
金鹰纪实,http://39.77.161.61:4002/rtp/239.253.254.103:8000
上海生活时尚,http://39.77.156.202:4002/rtp/239.253.254.99:8000
上海生活时尚,http://39.77.156.131:4002/rtp/239.253.254.99:8000
快乐垂钓,http://39.77.25.244:4002/rtp/239.253.254.144:8000
CGTN纪录,http://39.77.156.131:4002/rtp/239.253.254.188:8000
上海法治天地,http://39.77.156.202:4002/rtp/239.253.254.96:8000
崂山电视台,http://39.77.156.202:4002/rtp/239.253.254.242:8000
海洋频道,http://39.77.161.85:4002/rtp/239.253.254.67:8000
中国交通,http://39.77.161.85:4002/rtp/239.253.254.177:8000
上海法治天地,http://39.77.156.131:4002/rtp/239.253.254.96:8000
CGTN西班牙语,http://39.77.161.61:4002/rtp/239.253.254.182:8000
崂山电视台,http://39.77.156.131:4002/rtp/239.253.254.242:8000
上海都市剧场,http://39.77.156.202:4002/rtp/239.253.254.98:8000
CGTN英语,http://39.77.157.135:4002/rtp/239.253.254.189:8000
CGTN俄语,http://39.77.25.244:4002/rtp/239.253.254.185:8000
青岛生活频道,http://39.77.156.202:4002/rtp/239.253.254.244:8000
中国交通,http://39.77.161.61:4002/rtp/239.253.254.177:8000
CGTN阿拉伯语,http://39.77.25.244:4002/rtp/239.253.254.184:8000
上海东方财经,http://39.77.161.56:4002/rtp/239.253.254.94:8000
河南武术世界,http://39.77.156.202:4002/rtp/239.253.254.140:8000
上海金色学堂,http://39.77.25.244:4002/rtp/239.253.254.101:8000
CGTN西班牙语,http://39.77.157.135:4002/rtp/239.253.254.182:8000
河南梨园频道,http://39.77.26.75:4002/rtp/239.253.254.139:8000
CGTN西班牙语,http://39.77.156.202:4002/rtp/239.253.254.182:8000
茶频道,http://39.77.156.202:4002/rtp/239.253.254.143:8000
青岛生活频道,http://39.77.156.131:4002/rtp/239.253.254.244:8000
金鹰纪实,http://39.77.156.202:4002/rtp/239.253.254.103:8000
上海法治天地,http://39.77.23.127:4002/rtp/239.253.254.96:8000
海洋频道,http://39.77.156.202:4002/rtp/239.253.254.67:8000
上海东方财经,http://39.77.157.135:4002/rtp/239.253.254.94:8000
CGTN西班牙语,http://39.77.156.131:4002/rtp/239.253.254.182:8000
快乐垂钓,http://39.77.161.61:4002/rtp/239.253.254.144:8000
河南文物宝库,http://39.77.25.244:4002/rtp/239.253.254.141:8000
茶频道,http://39.77.156.131:4002/rtp/239.253.254.143:8000
金鹰纪实,http://39.77.156.131:4002/rtp/239.253.254.103:8000
中国交通,http://39.77.156.202:4002/rtp/239.253.254.177:8000
海洋频道,http://39.77.156.131:4002/rtp/239.253.254.67:8000
河南梨园频道,http://39.77.23.205:4002/rtp/239.253.254.139:8000
上海金色学堂,http://39.77.161.85:4002/rtp/239.253.254.101:8000
CGTN阿拉伯语,http://39.77.161.85:4002/rtp/239.253.254.184:8000
河南梨园频道,http://39.77.23.127:4002/rtp/239.253.254.139:8000
CGTN阿拉伯语,http://39.77.26.75:4002/rtp/239.253.254.184:8000
CGTN阿拉伯语,http://39.77.25.56:4002/rtp/239.253.254.184:8000
上海金色学堂,http://39.77.161.61:4002/rtp/239.253.254.101:8000
河南文物宝库,http://39.77.161.85:4002/rtp/239.253.254.141:8000
河南文物宝库,http://39.77.161.61:4002/rtp/239.253.254.141:8000
快乐垂钓,http://39.77.156.131:4002/rtp/239.253.254.144:8000
综合2,http://39.77.161.56:4002/rtp/239.253.254.246:8000
CGTN阿拉伯语,http://39.77.156.202:4002/rtp/239.253.254.184:8000
综合2,http://39.77.157.135:4002/rtp/239.253.254.246:8000
CGTN阿拉伯语,http://39.77.23.205:4002/rtp/239.253.254.184:8000
CGTN法语,http://39.77.26.75:4002/rtp/239.253.254.183:8000
CGTN阿拉伯语,http://39.77.23.127:4002/rtp/239.253.254.184:8000
上海金色学堂,http://39.77.25.56:4002/rtp/239.253.254.101:8000
上海金色学堂,http://39.77.156.131:4002/rtp/239.253.254.101:8000
平度新闻综合,http://39.77.26.75:4002/rtp/239.253.254.248:8000
上海金色学堂,http://39.77.26.75:4002/rtp/239.253.254.101:8000
河南文物宝库,http://39.77.156.202:4002/rtp/239.253.254.141:8000
河南文物宝库,http://39.77.156.131:4002/rtp/239.253.254.141:8000
平度新闻综合,http://39.77.25.56:4002/rtp/239.253.254.248:8000
CGTN法语,http://39.77.23.205:4002/rtp/239.253.254.183:8000
青岛综合频道,http://39.77.156.131:4002/rtp/239.253.254.243:8000
莱西综合频道,http://39.77.26.75:4002/rtp/239.253.254.247:8000
山东农科频道,http://39.77.26.75:4002/rtp/239.253.254.24:8000
上海游戏风云,http://39.77.26.75:4002/rtp/239.253.254.95:8000
中国交通,http://39.77.23.205:4002/rtp/239.253.254.177:8000
莱西综合频道,http://39.77.25.56:4002/rtp/239.253.254.247:8000
上海金色学堂,http://39.77.23.205:4002/rtp/239.253.254.101:8000
河南武术世界,http://39.77.26.75:4002/rtp/239.253.254.140:8000
中国交通,http://39.77.23.127:4002/rtp/239.253.254.177:8000
精彩影视,http://39.77.26.75:4002/rtp/239.253.254.142:8000
上海游戏风云,http://39.77.25.56:4002/rtp/239.253.254.95:8000
上海东方财经,http://39.77.26.75:4002/rtp/239.253.254.94:8000
精彩影视,http://39.77.25.56:4002/rtp/239.253.254.142:8000
上海金色学堂,http://39.77.23.127:4002/rtp/239.253.254.101:8000
CGTN纪录,http://39.77.26.75:4002/rtp/239.253.254.188:8000
平度新闻综合,http://39.77.23.205:4002/rtp/239.253.254.248:8000
上海东方财经,http://39.77.25.56:4002/rtp/239.253.254.94:8000
上海都市剧场,http://39.77.26.75:4002/rtp/239.253.254.98:8000
CGTN纪录,http://39.77.25.56:4002/rtp/239.253.254.188:8000
河南武术世界,http://39.77.25.56:4002/rtp/239.253.254.140:8000
综合2,http://39.77.26.75:4002/rtp/239.253.254.246:8000
崂山电视台,http://39.77.26.75:4002/rtp/239.253.254.242:8000
山东农科频道,http://39.77.23.205:4002/rtp/239.253.254.24:8000
上海都市剧场,http://39.77.25.56:4002/rtp/239.253.254.98:8000
上海游戏风云,http://39.77.23.205:4002/rtp/239.253.254.95:8000
莱西综合频道,http://39.77.23.205:4002/rtp/239.253.254.247:8000
平度新闻综合,http://39.77.23.127:4002/rtp/239.253.254.248:8000
崂山电视台,http://39.77.25.56:4002/rtp/239.253.254.242:8000
综合2,http://39.77.25.56:4002/rtp/239.253.254.246:8000
山东农科频道,http://39.77.23.127:4002/rtp/239.253.254.24:8000
精彩影视,http://39.77.23.205:4002/rtp/239.253.254.142:8000
莱西综合频道,http://39.77.23.127:4002/rtp/239.253.254.247:8000
河南武术世界,http://39.77.23.205:4002/rtp/239.253.254.140:8000
上海东方财经,http://39.77.23.205:4002/rtp/239.253.254.94:8000
精彩影视,http://39.77.23.127:4002/rtp/239.253.254.142:8000
河南文物宝库,http://39.77.26.75:4002/rtp/239.253.254.141:8000
快乐垂钓,http://39.77.26.75:4002/rtp/239.253.254.144:8000
河南文物宝库,http://39.77.25.56:4002/rtp/239.253.254.141:8000
上海都市剧场,http://39.77.23.205:4002/rtp/239.253.254.98:8000
上海游戏风云,http://39.77.23.127:4002/rtp/239.253.254.95:8000
CGTN纪录,http://39.77.23.205:4002/rtp/239.253.254.188:8000
上海东方财经,http://39.77.23.127:4002/rtp/239.253.254.94:8000
CGTN纪录,http://39.77.23.127:4002/rtp/239.253.254.188:8000
河南武术世界,http://39.77.23.127:4002/rtp/239.253.254.140:8000
综合2,http://39.77.23.205:4002/rtp/239.253.254.246:8000
崂山电视台,http://39.77.23.205:4002/rtp/239.253.254.242:8000
快乐垂钓,http://39.77.25.56:4002/rtp/239.253.254.144:8000
上海都市剧场,http://39.77.23.127:4002/rtp/239.253.254.98:8000
海洋频道,http://39.77.26.75:4002/rtp/239.253.254.67:8000
海洋频道,http://39.77.25.56:4002/rtp/239.253.254.67:8000
综合2,http://39.77.23.127:4002/rtp/239.253.254.246:8000
崂山电视台,http://39.77.23.127:4002/rtp/239.253.254.242:8000
山东文旅频道,http://39.77.26.75:4002/rtp/239.253.254.160:8000
CGTN英语,http://39.77.26.75:4002/rtp/239.253.254.189:8000
快乐垂钓,http://39.77.23.205:4002/rtp/239.253.254.144:8000
河南文物宝库,http://39.77.23.127:4002/rtp/239.253.254.141:8000
海洋频道,http://39.77.23.205:4002/rtp/239.253.254.67:8000
快乐垂钓,http://39.77.23.127:4002/rtp/239.253.254.144:8000
上海动漫秀场,http://39.77.26.75:4002/rtp/239.253.254.115:8000
海洋频道,http://39.77.23.127:4002/rtp/239.253.254.67:8000
山东少儿频道,http://39.77.161.56:4002/rtp/239.253.254.25:8000
综合1,http://39.77.161.56:4002/rtp/239.253.254.245:8000
CGTN西班牙语,http://39.77.23.205:4002/rtp/239.253.254.182:8000
青岛QTV3,http://39.77.157.135:4002/rtp/239.253.254.251:8000
山东文旅频道,http://39.77.23.205:4002/rtp/239.253.254.160:8000
CGTN英语,http://39.77.23.205:4002/rtp/239.253.254.189:8000
山东综艺频道,http://39.77.161.56:4002/rtp/239.253.254.159:8000
山东少儿频道,http://39.77.157.135:4002/rtp/239.253.254.25:8000
CGTN西班牙语,http://39.77.23.127:4002/rtp/239.253.254.182:8000
综合1,http://39.77.157.135:4002/rtp/239.253.254.245:8000
山东综艺频道,http://39.77.157.135:4002/rtp/239.253.254.159:8000
CGTN英语,http://39.77.23.127:4002/rtp/239.253.254.189:8000
上海动漫秀场,http://39.77.23.205:4002/rtp/239.253.254.115:8000
上海都市剧场,http://39.77.157.135:4002/rtp/239.253.254.98:8000
山东农科频道,http://39.77.157.135:4002/rtp/239.253.254.24:8000
CGTN纪录,http://39.77.161.56:4002/rtp/239.253.254.188:8000
CHC影迷电影,http://39.77.161.56:4002/rtp/239.253.254.154:8000
CHC影迷电影,http://39.77.157.135:4002/rtp/239.253.254.154:8000
山东文旅频道,http://39.77.25.56:4002/rtp/239.253.254.160:8000
CGTN西班牙语,http://39.77.25.56:4002/rtp/239.253.254.182:8000
上海动漫秀场,http://39.77.25.56:4002/rtp/239.253.254.115:8000
CGTN英语,http://39.77.25.56:4002/rtp/239.253.254.189:8000
上海生活时尚,http://39.77.25.56:4002/rtp/239.253.254.99:8000
CGTN纪录,http://39.77.157.135:4002/rtp/239.253.254.188:8000
中国交通,http://39.77.156.131:4002/rtp/239.253.254.177:8000
CGTN俄语,http://39.77.156.131:4002/rtp/239.253.254.185:8000
青岛QTV2,http://39.77.156.202:4002/rtp/239.253.254.250:8000
青岛QTV3,http://39.77.25.56:4002/rtp/239.253.254.251:8000
山东文旅频道,http://39.77.23.127:4002/rtp/239.253.254.160:8000
上海生活时尚,http://39.77.23.127:4002/rtp/239.253.254.99:8000
上海法治天地,http://39.77.23.205:4002/rtp/239.253.254.96:8000
茶频道,http://39.77.161.85:4002/rtp/239.253.254.143:8000
上海动漫秀场,http://39.77.161.85:4002/rtp/239.253.254.115:8000
CGTN英语,http://39.77.161.85:4002/rtp/239.253.254.189:8000
快乐垂钓,http://39.77.161.85:4002/rtp/239.253.254.144:8000
上海东方财经,http://39.77.161.85:4002/rtp/239.253.254.94:8000
青岛QTV2,http://39.77.161.85:4002/rtp/239.253.254.250:8000
综合2,http://39.77.161.85:4002/rtp/239.253.254.246:8000
综合1,http://39.77.161.85:4002/rtp/239.253.254.245:8000
CGTN阿拉伯语,http://39.77.161.61:4002/rtp/239.253.254.184:8000
综合1,http://39.77.161.61:4002/rtp/239.253.254.245:8000
海洋频道,http://39.77.161.61:4002/rtp/239.253.254.67:8000
莱西综合频道,http://39.77.161.61:4002/rtp/239.253.254.247:8000
快乐垂钓,http://39.77.156.202:4002/rtp/239.253.254.144:8000
上海都市剧场,http://39.77.161.56:4002/rtp/239.253.254.98:8000
平度新闻综合,http://39.77.156.202:4002/rtp/239.253.254.248:8000
山东农科频道,http://39.77.161.56:4002/rtp/239.253.254.24:8000
CGTN英语,http://39.77.161.56:4002/rtp/239.253.254.189:8000
CGTN西班牙语,http://39.77.161.56:4002/rtp/239.253.254.182:8000
山东生活频道,http://39.77.25.56:4002/rtp/239.253.254.151:8000
中国交通,http://39.77.25.56:4002/rtp/239.253.254.177:8000
综合2,http://39.77.25.244:4002/rtp/239.253.254.246:8000
上海游戏风云,http://39.77.156.131:4002/rtp/239.253.254.95:8000
青岛QTV3,http://39.77.161.56:4002/rtp/239.253.254.251:8000
山东齐鲁频道,http://39.77.161.56:4002/rtp/239.253.254.114:8000
上海游戏风云,http://39.77.161.56:4002/rtp/239.253.254.95:8000
上海游戏风云,http://39.77.157.135:4002/rtp/239.253.254.95:8000
CGTN法语,http://39.77.161.56:4002/rtp/239.253.254.183:8000
CGTN法语,http://39.77.157.135:4002/rtp/239.253.254.183:8000
海洋频道,http://39.77.161.56:4002/rtp/239.253.254.67:8000
海洋频道,http://39.77.157.135:4002/rtp/239.253.254.67:8000
河南梨园频道,http://39.77.161.61:4002/rtp/239.253.254.139:8000
青岛QTV4,http://39.77.161.61:4002/rtp/239.253.254.252:8000
山东齐鲁频道,http://39.77.161.61:4002/rtp/239.253.254.114:8000
CGTN俄语,http://39.77.161.61:4002/rtp/239.253.254.185:8000
上海法治天地,http://39.77.25.56:4002/rtp/239.253.254.96:8000
青岛QTV1,http://39.77.156.202:4002/rtp/239.253.254.249:8000
上海金色学堂,http://39.77.156.202:4002/rtp/239.253.254.101:8000
青岛QTV4,http://39.77.156.131:4002/rtp/239.253.254.252:8000
中国交通,http://39.77.26.75:4002/rtp/239.253.254.177:8000
上海都市剧场,http://39.77.156.131:4002/rtp/239.253.254.98:8000
河南梨园频道,http://39.77.25.56:4002/rtp/239.253.254.139:8000
山东少儿频道,http://39.77.156.131:4002/rtp/239.253.254.25:8000
山东农科频道,http://39.77.25.56:4002/rtp/239.253.254.24:8000
上海动漫秀场,http://39.77.23.127:4002/rtp/239.253.254.115:8000
河南武术世界,http://39.77.157.135:4002/rtp/239.253.254.140:8000
CHC影迷电影,http://39.77.25.56:4002/rtp/239.253.254.154:8000
茶频道,http://39.77.161.56:4002/rtp/239.253.254.143:8000
茶频道,http://39.77.157.135:4002/rtp/239.253.254.143:8000
魅力足球,http://39.77.25.244:4002/rtp/239.253.254.100:8000
魅力足球,http://39.77.161.85:4002/rtp/239.253.254.100:8000
青岛李沧,http://39.77.161.85:4002/rtp/239.253.254.253:8000
魅力足球,http://39.77.161.61:4002/rtp/239.253.254.100:8000
青岛李沧,http://39.77.161.61:4002/rtp/239.253.254.253:8000
青岛李沧,http://39.77.156.202:4002/rtp/239.253.254.253:8000
魅力足球,http://39.77.156.131:4002/rtp/239.253.254.100:8000
青岛李沧,http://39.77.156.131:4002/rtp/239.253.254.253:8000
青岛李沧,http://39.77.26.75:4002/rtp/239.253.254.253:8000
魅力足球,http://39.77.25.56:4002/rtp/239.253.254.100:8000
魅力足球,http://39.77.26.75:4002/rtp/239.253.254.100:8000
青岛李沧,http://39.77.25.56:4002/rtp/239.253.254.253:8000
魅力足球,http://39.77.23.205:4002/rtp/239.253.254.100:8000
青岛李沧,http://39.77.23.127:4002/rtp/239.253.254.253:8000
魅力足球,http://39.77.23.127:4002/rtp/239.253.254.100:8000
河南文物宝库,http://39.77.161.56:4002/rtp/239.253.254.141:8000
河南武术世界,http://39.77.161.56:4002/rtp/239.253.254.140:8000
上海法治天地,http://39.77.161.56:4002/rtp/239.253.254.96:8000
CGTN阿拉伯语,http://39.77.161.56:4002/rtp/239.253.254.184:8000
精彩影视,http://39.77.161.56:4002/rtp/239.253.254.142:8000
魅力足球,http://39.77.161.56:4002/rtp/239.253.254.100:8000
山东体育休闲,http://39.77.161.56:4002/rtp/239.253.254.22:8000
山东新闻频道,http://39.77.161.56:4002/rtp/239.253.254.23:8000
CGTN俄语,http://39.77.157.135:4002/rtp/239.253.254.185:8000
河南梨园频道,http://39.77.161.56:4002/rtp/239.253.254.139:8000
上海动漫秀场,http://39.77.161.56:4002/rtp/239.253.254.115:8000
中国交通,http://39.77.157.135:4002/rtp/239.253.254.177:8000
金鹰纪实,http://39.77.161.56:4002/rtp/239.253.254.103:8000
青岛QTV4,http://39.77.161.56:4002/rtp/239.253.254.252:8000
山东文旅频道,http://39.77.161.56:4002/rtp/239.253.254.160:8000
CGTN阿拉伯语,http://39.77.157.135:4002/rtp/239.253.254.184:8000
平度新闻综合,http://39.77.157.135:4002/rtp/239.253.254.248:8000
金鹰纪实,http://39.77.157.135:4002/rtp/239.253.254.103:8000
崂山电视台,http://39.77.157.135:4002/rtp/239.253.254.242:8000
上海动漫秀场,http://39.77.157.135:4002/rtp/239.253.254.115:8000
山东体育休闲,http://39.77.157.135:4002/rtp/239.253.254.22:8000
山东居家购物,http://39.77.157.135:4002/rtp/239.253.254.104:8000
青岛QTV2,http://39.77.157.135:4002/rtp/239.253.254.250:8000
山东文旅频道,http://39.77.157.135:4002/rtp/239.253.254.160:8000
河南文物宝库,http://39.77.157.135:4002/rtp/239.253.254.141:8000
山东新闻频道,http://39.77.157.135:4002/rtp/239.253.254.23:8000
魅力足球,http://39.77.156.202:4002/rtp/239.253.254.100:8000
中国交通,http://39.77.161.56:4002/rtp/239.253.254.177:8000
CGTN俄语,http://39.77.161.56:4002/rtp/239.253.254.185:8000
青岛综合频道,http://39.77.161.56:4002/rtp/239.253.254.243:8000
青岛李沧,http://39.77.161.56:4002/rtp/239.253.254.253:8000
精彩影视,http://39.77.157.135:4002/rtp/239.253.254.142:8000
平度新闻综合,http://39.77.161.56:4002/rtp/239.253.254.248:8000
快乐垂钓,http://39.77.161.56:4002/rtp/239.253.254.144:8000
山东居家购物,http://39.77.161.56:4002/rtp/239.253.254.104:8000
青岛李沧,http://39.77.157.135:4002/rtp/239.253.254.253:8000
莱西综合频道,http://39.77.161.56:4002/rtp/239.253.254.247:8000
崂山电视台,http://39.77.161.56:4002/rtp/239.253.254.242:8000
河南梨园频道,http://39.77.157.135:4002/rtp/239.253.254.139:8000
快乐垂钓,http://39.77.157.135:4002/rtp/239.253.254.144:8000
上海法治天地,http://39.77.157.135:4002/rtp/239.253.254.96:8000
青岛综合频道,http://39.77.157.135:4002/rtp/239.253.254.243:8000
莱西综合频道,http://39.77.157.135:4002/rtp/239.253.254.247:8000
上海金色学堂,http://39.77.157.135:4002/rtp/239.253.254.101:8000
青岛QTV4,http://39.77.157.135:4002/rtp/239.253.254.252:8000
青岛李沧,http://39.77.25.244:4002/rtp/239.253.254.253:8000
青岛李沧,http://39.77.23.205:4002/rtp/239.253.254.253:8000
上海金色学堂,http://39.77.161.56:4002/rtp/239.253.254.101:8000
青岛QTV2,http://39.77.161.56:4002/rtp/239.253.254.250:8000
魅力足球,http://39.77.157.135:4002/rtp/239.253.254.100:8000
山东体育频道,http://144.255.16.132:6688/udp/239.21.1.141:5002
山东农科频道,http://144.255.16.132:6688/udp/239.21.1.183:5002
山东少儿频道,http://144.255.16.132:6688/udp/239.21.1.208:5002
山东教育频道,http://144.255.16.132:6688/udp/239.21.1.169:5002
山东文旅频道,http://144.255.16.132:6688/udp/239.21.1.176:5002
山东新闻频道,http://144.255.16.132:6688/udp/239.21.1.140:5002
山东生活频道,http://144.255.16.132:6688/udp/239.21.1.175:5002
山东综艺频道,http://144.255.16.132:6688/udp/239.21.1.177:5002
山东齐鲁频道,http://144.255.16.132:6688/udp/239.21.1.134:5002
济南新闻综合,http://144.255.16.132:6688/udp/239.21.1.94:5002
济宁综合频道,http://144.255.16.132:6688/udp/239.21.2.19:5002
宁阳综合频道,http://144.255.16.132:6688/udp/239.21.1.143:5002
潍坊新闻综合,http://144.255.16.132:6688/udp/239.21.1.77:5002
潍坊经济生活,http://144.255.16.132:6688/udp/239.21.1.78:5002
东平综合频道,http://144.255.16.132:6688/udp/239.21.1.216:5002
乳山综合频道,http://144.255.16.132:6688/udp/239.21.1.220:5002
兖州新闻频道,http://144.255.16.132:6688/udp/239.21.1.224:5002
兰陵综合频道,http://144.255.16.132:6688/udp/239.21.1.237:5002
夏津公共频道,http://144.255.16.132:6688/udp/239.21.1.102:5002
夏津综合频道,http://144.255.16.132:6688/udp/239.21.1.106:5002
宁津综合频道,http://144.255.16.132:6688/udp/239.21.2.50:5002
安丘综合频道,http://144.255.16.132:6688/udp/239.21.2.13:5002
烟台影视频道,http://144.255.16.132:6688/udp/239.21.1.204:5002
烟台新闻综合,http://144.255.16.132:6688/udp/239.21.1.116:5002
烟台经济科技,http://144.255.16.132:6688/udp/239.21.1.205:5002
禹城综合频道,http://144.255.16.132:6688/udp/239.21.1.241:5002
禹城综艺频道,http://144.255.16.132:6688/udp/239.21.1.242:5002
聊城民生频道,http://144.255.16.132:6688/udp/239.21.1.254:5002
聊城综合频道,http://144.255.16.132:6688/udp/239.21.1.253:5002
茌平综合频道,http://144.255.16.132:6688/udp/239.21.1.219:5002
荣成综合频道,http://144.255.16.132:6688/udp/239.21.1.227:5002
莘县综合频道,http://144.255.16.132:6688/udp/239.21.1.211:5002
莱西综合频道,http://144.255.16.132:6688/udp/239.21.1.247:5002
定陶TV-1,http://144.255.16.132:6688/udp/239.21.1.244:5002
文登TV-1,http://144.255.16.132:6688/udp/239.21.1.174:5002
邹城综合频道,http://144.255.16.132:6688/udp/239.21.1.185:5002
郓城综合频道,http://144.255.16.132:6688/udp/239.21.1.251:5002
阳信新闻综合,http://144.255.16.132:6688/udp/239.21.1.252:5002
陵城综合频道,http://144.255.16.132:6688/udp/239.21.2.24:5002
青州文化旅游,http://144.255.16.132:6688/udp/239.21.1.231:5002
青州综合频道,http://144.255.16.132:6688/udp/239.21.1.232:5002
齐河新闻频道,http://144.255.16.132:6688/udp/239.21.1.230:5002
巨野新闻频道,http://144.255.16.132:6688/udp/239.21.1.215:5002
平原综合频道,http://144.255.16.132:6688/udp/239.21.1.243:5002
平度新闻综合,http://144.255.16.132:6688/udp/239.21.1.228:5002
平阴综合频道,http://144.255.16.132:6688/udp/239.21.1.221:5002
德州经济生活,http://144.255.16.132:6688/udp/239.21.1.76:5002
德州新闻综合,http://144.255.16.132:6688/udp/239.21.1.75:5002
新泰乡村频道,http://144.255.16.132:6688/udp/239.21.1.248:5002
新泰综合频道,http://144.255.16.132:6688/udp/239.21.1.210:5002
昌乐综合频道,http://144.255.16.132:6688/udp/239.21.1.245:5002
昌邑综合频道,http://144.255.16.132:6688/udp/239.21.2.27:5002
曲阜综合频道,http://144.255.16.132:6688/udp/239.21.1.225:5002
梁山综合频道,http://144.255.16.132:6688/udp/239.21.2.12:5002
武城综艺影视,http://144.255.16.132:6688/udp/239.21.1.240:5002
武城综合频道,http://144.255.16.132:6688/udp/239.21.1.239:5002
沾化综合频道,http://144.255.16.132:6688/udp/239.21.1.226:5002
淄博影视频道,http://144.255.16.132:6688/udp/239.21.1.182:5002
淄博新闻综合,http://144.255.16.132:6688/udp/239.21.1.84:5002
新闻综合,http://144.255.16.132:6688/udp/239.21.1.193:5002
无棣综合频道,http://144.255.16.132:6688/udp/239.21.1.214:5002
日照岚山频道,http://144.255.16.132:6688/udp/239.21.1.209:5002
蒙阴综合频道,http://144.255.16.132:6688/udp/239.21.2.23:5002
单县综合频道,http://144.255.16.132:6688/udp/239.21.2.21:5002
济阳综合频道,http://144.255.16.132:6688/udp/239.21.1.187:5002
滨州综合频道,http://144.255.16.132:6688/udp/239.21.1.238:5002
济南教育频道,http://144.255.16.132:6688/udp/239.21.1.133:5002
青岛1,http://144.255.16.132:6688/udp/239.21.1.69:5002
青岛2,http://144.255.16.132:6688/udp/239.21.1.70:5002
青岛3,http://144.255.16.132:6688/udp/239.21.1.71:5002
青岛4,http://144.255.16.132:6688/udp/239.21.1.72:5002
青岛5,http://144.255.16.132:6688/udp/239.21.1.73:5002
青岛6,http://144.255.16.132:6688/udp/239.21.1.74:5002
济南娱乐,http://144.255.16.132:6688/udp/239.21.1.66:5002
济南少儿,http://144.255.16.132:6688/udp/239.21.1.68:5002
济南影视,http://144.255.16.132:6688/udp/239.21.1.65:5002
济南生活,http://144.255.16.132:6688/udp/239.21.1.64:5002
济南都市,http://144.255.16.132:6688/udp/239.21.1.63:5002
济南鲁中,http://144.255.16.132:6688/udp/239.21.1.149:5002
烟台公共,http://144.255.16.132:6688/udp/239.21.1.117:5002
宁阳2,http://144.255.16.132:6688/udp/239.21.1.144:5002
菏泽2,http://144.255.16.132:6688/udp/239.21.2.18:5002
济宁公共,http://144.255.16.132:6688/udp/239.21.2.20:5002
济宁生活,http://144.255.16.132:6688/udp/239.21.1.139:5002
沂源新闻,http://144.255.16.132:6688/udp/239.21.1.114:5002
淄博生活,http://144.255.16.132:6688/udp/239.21.1.109:5002
淄博都市,http://144.255.16.132:6688/udp/239.21.1.83:5002
BRTV纪实科教,http://144.255.16.132:6688/udp/239.21.1.172:5002
湖南金鹰纪实,http://144.255.16.132:6688/udp/239.21.1.170:5002
上海纪实人文,http://144.255.16.132:6688/udp/239.21.1.171:5002
中国交通,http://144.255.16.132:6688/udp/239.21.1.115:5002
海看剧场,http://144.255.16.132:6688/udp/239.21.1.98:5002
CGTN,http://144.255.16.132:6688/udp/239.21.2.30:5002
CGTN俄语,http://144.255.16.132:6688/udp/239.21.2.35:5002
CGTN法语,http://144.255.16.132:6688/udp/239.21.2.33:5002
CGTN纪录,http://144.255.16.132:6688/udp/239.21.2.31:5002
CGTN西班牙语,http://144.255.16.132:6688/udp/239.21.2.32:5002
CGTN阿拉伯语,http://144.255.16.132:6688/udp/239.21.2.34:5002
东明1,http://144.255.16.132:6688/udp/239.21.1.246:5002
东营公共,http://144.255.16.132:6688/udp/239.21.1.82:5002
东营新闻,http://144.255.16.132:6688/udp/239.21.1.81:5002
冠县综合,http://144.255.16.132:6688/udp/239.21.1.250:5002
寿光蔬菜,http://144.255.16.132:6688/udp/239.21.1.218:5002
惠民综合,http://144.255.16.132:6688/udp/239.21.1.181:5002
日照新闻,http://144.255.16.132:6688/udp/239.21.1.79:5002
日照科教,http://144.255.16.132:6688/udp/239.21.1.80:5002
栖霞综合,http://144.255.16.132:6688/udp/239.21.1.229:5002
桓台综合,http://144.255.16.132:6688/udp/239.21.1.105:5002
滨州公共,http://144.255.16.132:6688/udp/239.21.1.119:5002
滨州新闻,http://144.255.16.132:6688/udp/239.21.1.118:5002
潍坊寿光新闻,http://144.255.16.132:6688/udp/239.21.1.180:5002
牟平新闻,http://144.255.16.132:6688/udp/239.21.2.10:5002
牟平生活,http://144.255.16.132:6688/udp/239.21.2.11:5002
菏泽1,http://144.255.16.132:6688/udp/239.21.1.103:5002
诸城新闻,http://144.255.16.132:6688/udp/239.21.1.217:5002
长清新闻,http://144.255.16.132:6688/udp/239.21.1.107:5002
福建综合频道,http://27.154.99.234:3386/rtp/239.61.3.4:9542
福建公共频道,http://27.154.99.234:3386/rtp/239.61.2.3:8012
福建新闻频道,http://27.154.99.234:3386/rtp/239.61.2.4:8018
福建电视剧频道,http://27.154.99.234:3386/rtp/239.61.2.5:8024
福建经济频道,http://27.154.99.234:3386/rtp/239.61.2.7:8036
福建文体频道,http://27.154.99.234:3386/rtp/239.61.2.160:8948
福建少儿频道,http://27.154.99.234:3386/rtp/239.61.2.9:8048
福建教育频道,http://27.154.99.234:3386/rtp/239.61.2.173:9026
福建旅游频道,http://27.154.99.234:3386/rtp/239.61.2.6:8030
CGTN英语,http://27.154.99.234:3386/rtp/239.61.2.19:8108
CGTN纪录,http://27.154.99.234:3386/rtp/239.61.3.43:9776
CGTN法语,http://27.154.99.234:3386/rtp/239.61.3.44:9782
CGTN俄语,http://27.154.99.234:3386/rtp/239.61.3.45:9788
金鹰纪实,http://27.154.99.234:3386/rtp/239.61.3.7:9560
茶频道,http://27.154.99.234:3386/rtp/239.61.3.59:9872
河南梨园频道,http://27.154.99.234:3386/rtp/239.61.3.19:9634
河南文物宝库,http://27.154.99.234:3386/rtp/239.61.3.21:9646
河南武术世界,http://27.154.99.234:3386/rtp/239.61.3.22:9652
中国天气,http://27.154.99.234:3386/rtp/239.61.2.64:8378
嘉佳卡通,http://27.154.99.234:3386/rtp/239.61.2.72:8426
福建综合频道,http://112.109.206.18:9999/rtp/239.255.40.148:8208
福建新闻频道,http://112.109.206.18:9999/rtp/239.255.40.151:8208
福建综合频道,http://112.109.206.18:9999/rtp/239.255.40.202:8208
福建公共频道,http://112.109.206.18:9999/rtp/239.255.40.150:8208
福建电视剧频道,http://112.109.206.18:9999/rtp/239.255.40.152:8208
福建经济频道,http://112.109.206.18:9999/rtp/239.255.40.154:8208
福建文体频道,http://112.109.206.18:9999/rtp/239.255.40.155:8208
福建旅游频道,http://112.109.206.18:9999/rtp/239.255.40.153:8208
福建少儿频道,http://112.109.206.18:9999/rtp/239.255.40.156:8208
福建教育频道,http://112.109.206.18:9999/rtp/239.255.40.106:8208
厦门一套,http://112.109.206.18:9999/rtp/239.255.40.171:8208
龙岩综合频道,http://112.109.206.18:9999/rtp/239.255.40.160:8208
福州新闻,http://112.109.206.18:9999/rtp/239.255.40.170:8208
泉州一套,http://112.109.206.18:9999/rtp/239.255.40.172:8208
莆田新闻,http://112.109.206.18:9999/rtp/239.255.40.140:8208
睛彩青少,http://112.109.206.18:9999/rtp/239.255.40.207:8208
睛彩竞技,http://112.109.206.18:9999/rtp/239.255.40.208:8208
睛彩篮球,http://112.109.206.18:9999/rtp/239.255.40.209:8208
睛彩广场舞,http://112.109.206.18:9999/rtp/239.255.40.210:8208
华数电影,http://112.109.206.18:9999/rtp/239.255.40.64:8208
华数电视剧,http://112.109.206.18:9999/rtp/239.255.40.65:8208
华数谍战剧场,http://112.109.206.18:9999/rtp/239.255.40.58:8208
华数经典电影,http://112.109.206.18:9999/rtp/239.255.40.70:8208
华数热播剧场,http://112.109.206.18:9999/rtp/239.255.40.69:8208
华数影视,http://112.109.206.18:9999/rtp/239.255.40.159:8208
华数少儿动画,http://112.109.206.18:9999/rtp/239.255.40.66:8208
嘉佳卡通,http://112.109.206.18:9999/rtp/239.255.40.26:8208
CGTN英语,http://112.109.206.18:9999/rtp/239.255.40.5:8208
CGTN俄语,http://112.109.206.18:9999/rtp/239.255.40.179:8208
CGTN法语,http://112.109.206.18:9999/rtp/239.255.40.178:8208
CGTN纪录,http://112.109.206.18:9999/rtp/239.255.40.183:8208
金鹰纪实,http://112.109.206.18:9999/rtp/239.255.40.57:8208
北京纪实科教,http://112.109.206.18:9999/rtp/239.255.40.205:8208
中国天气,http://112.109.206.18:9999/rtp/239.255.40.89:8208
中国交通,http://112.109.206.18:9999/rtp/239.255.40.211:8208
山东教育,http://112.109.206.18:9999/rtp/239.255.40.32:8208
IPTV3综艺,http://112.109.206.18:9999/rtp/239.255.40.68:8208
IPTV体育,http://112.109.206.18:9999/rtp/239.255.40.71:8208
IPTV3+,http://112.109.206.18:9999/rtp/239.255.40.62:8208
IPTV法治,http://112.109.206.18:9999/rtp/239.255.40.61:8208
IPTV相声小品,http://112.109.206.18:9999/rtp/239.255.40.59:8208
IPTV魅力时尚,http://112.109.206.18:9999/rtp/239.255.40.67:8208
IPTV野外,http://112.109.206.18:9999/rtp/239.255.40.60:8208
金鹰卡通FHD,http://118.248.155.220:8889/udp/239.76.245.120:1234
湖南经视FHD,http://58.46.30.42:8188/udp/239.76.252.116:9000
湖南电视剧频道,http://58.46.30.42:8188/udp/239.76.246.108:1234
道县综合频道,http://58.46.30.42:8188/udp/239.76.248.28:1234
快乐垂钓FHD,http://58.46.30.42:8188/udp/239.76.245.127:1234
CGTN俄语,http://58.46.30.42:8188/udp/239.76.246.86:1234
湖南娱乐频道,http://58.46.30.42:8188/udp/239.76.253.105:9000
长沙文旅频道,http://58.46.30.42:8188/udp/239.76.248.42:1234
武冈综合频道,http://58.46.30.42:8188/udp/239.76.248.29:1234
湖南国际FHD,http://58.46.30.42:8188/udp/239.76.252.124:9000
江永新闻频道,http://58.46.30.42:8188/udp/239.76.248.35:1234
CGTN西班牙语,http://58.46.30.42:8188/udp/239.76.246.88:1234
湖南国际频道,http://58.46.30.42:8188/udp/239.76.252.240:9000
洪江新闻频道,http://58.46.30.42:8188/udp/239.76.255.37:9000
中国天气,http://58.46.30.42:8188/udp/239.76.253.61:9000
未知新闻综合,http://58.46.30.42:8188/udp/239.76.248.27:1234
天元围棋,http://58.46.30.42:8188/udp/239.76.253.2:9000
湖南公共频道,http://58.46.30.42:8188/udp/239.76.246.109:1234
中方台,http://58.46.30.42:8188/udp/239.76.248.43:1234
CGTN阿拉伯语,http://58.46.30.42:8188/udp/239.76.246.97:1234
常德新闻综合,http://58.46.30.42:8188/udp/239.76.248.10:1234
湖南经视FHD,http://58.46.30.42:8188/udp/239.76.245.116:1234
CGTN英语,http://58.46.30.42:8188/udp/239.76.245.66:1234
衡阳文旅法治,http://58.46.30.42:8188/udp/239.76.248.14:1234
郴州综合频道,http://58.46.30.42:8188/udp/239.76.253.75:9000
永州新闻综合,http://58.46.30.42:8188/udp/239.76.255.23:9000
宁乡综合频道,http://58.46.30.42:8188/udp/239.76.248.57:1234
湖南电影FHD,http://58.46.30.42:8188/udp/239.76.245.119:1234
娄底教育频道,http://58.46.30.42:8188/udp/239.76.255.20:9000
未知频道,http://58.46.30.42:8188/udp/239.76.255.46:9000
娄底综合频道,http://58.46.30.42:8188/udp/239.76.248.18:1234
郴州公共频道,http://58.46.30.42:8188/udp/239.76.248.39:1234
双牌新闻综合,http://58.46.30.42:8188/udp/239.76.248.33:1234
湖南都市FHD,http://58.46.30.42:8188/udp/239.76.245.117:1234
麻阳综合频道,http://58.46.30.42:8188/udp/239.76.255.45:9000
宁远综合频道,http://58.46.30.42:8188/udp/239.76.255.34:9000
邵阳文旅民生,http://58.46.30.42:8188/udp/239.76.255.22:9000
邵阳文旅民生,http://58.46.30.42:8188/udp/239.76.248.22:1234
快乐垂钓FHD,http://58.46.30.42:8188/udp/239.76.252.127:9000
湖南教育台,http://58.46.30.42:8188/udp/239.76.245.233:1234
郴州公共频道,http://58.46.30.42:8188/udp/239.76.255.39:9000
衡阳县电视台,http://58.46.30.42:8188/udp/239.76.248.26:1234
试播4K超高清,http://58.46.30.42:8188/udp/239.76.246.214:1234
湖南公共频道,http://58.46.30.42:8188/udp/239.76.253.109:9000
河南文物宝库,http://58.46.30.42:8188/udp/239.76.252.180:9000
凤凰资讯,http://58.46.30.42:8188/udp/239.76.246.135:1234
怀化新闻综合,http://58.46.30.42:8188/udp/239.76.255.12:9000
上海法治天地,http://58.46.30.42:8188/udp/239.76.254.67:9000
涟源综合频道,http://58.46.30.42:8188/udp/239.76.255.48:9000
湖南都市FHD,http://58.46.30.42:8188/udp/239.76.252.117:9000
金鹰纪实FHD,http://58.46.30.42:8188/udp/239.76.252.122:9000
长沙政法频道,http://58.46.30.42:8188/udp/239.76.253.122:9000
长沙新闻综合,http://58.46.30.42:8188/udp/239.76.253.121:9000
湖南公共FHD,http://58.46.30.42:8188/udp/239.76.252.123:9000
湖南电影FHD,http://58.46.30.42:8188/udp/239.76.252.119:9000
娄底公共频道,http://58.46.30.42:8188/udp/239.76.255.19:9000
北京纪实科教,http://58.46.30.42:8188/udp/239.76.254.65:9000
湖南教育台,http://58.46.30.42:8188/udp/239.76.252.233:9000
湖南国际频道,http://58.46.30.42:8188/udp/239.76.253.102:9000
湖南经视频道,http://58.46.30.42:8188/udp/239.76.253.103:9000
快乐垂钓,http://58.46.30.42:8188/udp/239.76.253.5:9000
河南梨园频道,http://58.46.30.42:8188/udp/239.76.252.179:9000
湖南电影频道,http://58.46.30.42:8188/udp/239.76.253.106:9000
上海欢笑剧场4K,http://58.46.30.42:8188/udp/239.76.254.66:9000
湖南都市频道,http://58.46.30.42:8188/udp/239.76.253.104:9000
宁乡综合频道,http://118.248.155.220:8889/udp/239.76.248.57:1234
郴州综合频道,http://118.248.155.220:8889/udp/239.76.246.75:1234
东安新闻综合,http://118.248.155.220:8889/udp/239.76.248.32:1234
新化电视台,http://118.248.155.220:8889/udp/239.76.248.31:1234
衡阳县电视台,http://118.248.155.220:8889/udp/239.76.248.26:1234
双牌新闻综合,http://118.248.155.220:8889/udp/239.76.248.33:1234
永州新闻综合,http://118.248.155.220:8889/udp/239.76.248.23:1234
新田综合频道,http://118.248.155.220:8889/udp/239.76.248.44:1234
武冈综合频道,http://118.248.155.220:8889/udp/239.76.248.29:1234
快乐垂钓FHD,http://118.248.155.220:8889/udp/239.76.245.127:1234
张家界公共频道,http://118.248.155.220:8889/udp/239.76.245.235:1234
道县综合频道,http://118.248.155.220:8889/udp/239.76.248.28:1234
长沙文旅频道,http://118.248.155.220:8889/udp/239.76.248.42:1234
衡阳新闻综合,http://118.248.155.220:8889/udp/239.76.248.13:1234
津市电视台,http://118.248.155.220:8889/udp/239.76.248.30:1234
溆浦综合频道,http://118.248.155.220:8889/udp/239.76.248.25:1234
岳阳新闻综合,http://118.248.155.220:8889/udp/239.76.248.7:1234
中国天气,http://118.248.155.220:8889/udp/239.76.246.61:1234
麻阳综合频道,http://118.248.155.220:8889/udp/239.76.248.45:1234
娄底综合频道,http://118.248.155.220:8889/udp/239.76.248.18:1234
宁远综合频道,http://118.248.155.220:8889/udp/239.76.248.34:1234
湖南国际FHD,http://118.248.155.220:8889/udp/239.76.245.124:1234
CGTN西班牙语,http://118.248.155.220:8889/udp/239.76.246.88:1234
CHC影迷电影,http://118.248.155.220:8889/udp/239.76.245.242:1234
娄底教育频道,http://118.248.155.220:8889/udp/239.76.248.20:1234
湘潭县电视台,http://118.248.155.220:8889/udp/239.76.248.41:1234
娄底公共频道,http://118.248.155.220:8889/udp/239.76.248.19:1234
长沙政法频道,http://118.248.155.220:8889/udp/239.76.246.122:1234
株洲新闻综合,http://118.248.155.220:8889/udp/239.76.248.1:1234
常德公共频道,http://118.248.155.220:8889/udp/239.76.248.11:1234
快乐垂钓,http://118.248.155.220:8889/udp/239.76.246.5:1234
长沙新闻频道,http://118.248.155.220:8889/udp/239.76.246.121:1234
益阳公共频道,http://118.248.155.220:8889/udp/239.76.248.16:1234
湘西新闻综合,http://118.248.155.220:8889/udp/239.76.245.208:1234
金鹰纪实FHD,http://118.248.155.220:8889/udp/239.76.245.122:1234
永州经济生活,http://118.248.155.220:8889/udp/239.76.248.24:1234
湖南电视剧频道,http://118.248.155.220:8889/udp/239.76.246.108:1234
怀化新闻综合,http://118.248.155.220:8889/udp/239.76.248.12:1234
CGTN纪录,http://118.248.155.220:8889/udp/239.76.245.67:1234
未知新闻综合,http://118.248.155.220:8889/udp/239.76.248.27:1234
岳阳文旅都市,http://118.248.155.220:8889/udp/239.76.248.8:1234
湖南公共频道,http://118.248.155.220:8889/udp/239.76.246.109:1234
邵阳新闻综合,http://118.248.155.220:8889/udp/239.76.248.21:1234
CGTN英语,http://118.248.155.220:8889/udp/239.76.245.66:1234
溆浦综合频道,http://118.248.155.220:8889/udp/239.76.255.25:9000
河南武术世界,http://118.248.155.220:8889/udp/239.76.245.181:1234
双牌新闻综合,http://118.248.155.220:8889/udp/239.76.255.33:9000
常德新闻综合,http://118.248.155.220:8889/udp/239.76.248.10:1234
郴州公共频道,http://118.248.155.220:8889/udp/239.76.248.39:1234
长沙文旅频道,http://118.248.155.220:8889/udp/239.76.255.42:9000
长沙新闻综合,http://118.248.155.220:8889/udp/239.76.253.121:9000
益阳新闻综合,http://118.248.155.220:8889/udp/239.76.255.15:9000
河南武术世界,http://118.248.155.220:8889/udp/239.76.252.181:9000
怀化新闻综合,http://118.248.155.220:8889/udp/239.76.255.12:9000
益阳新闻综合,http://118.248.155.220:8889/udp/239.76.248.15:1234
道县综合频道,http://118.248.155.220:8889/udp/239.76.255.28:9000
汨罗综合频道,http://118.248.155.220:8889/udp/239.76.255.47:9000
麻阳综合频道,http://118.248.155.220:8889/udp/239.76.255.45:9000
常德公共频道,http://118.248.155.220:8889/udp/239.76.255.11:9000
邵阳文旅民生,http://118.248.155.220:8889/udp/239.76.248.22:1234
中方台,http://118.248.155.220:8889/udp/239.76.255.43:9000
河南文物宝库,http://118.248.155.220:8889/udp/239.76.252.180:9000
新田综合频道,http://118.248.155.220:8889/udp/239.76.255.44:9000
邵阳新闻综合,http://118.248.155.220:8889/udp/239.76.255.21:9000
津市电视台,http://118.248.155.220:8889/udp/239.76.255.30:9000
CGTN阿拉伯语,http://118.248.155.220:8889/udp/239.76.246.97:1234
湘潭新闻综合,http://118.248.155.220:8889/udp/239.76.248.4:1234
河南梨园频道,http://118.248.155.220:8889/udp/239.76.245.179:1234
邵阳文旅民生,http://118.248.155.220:8889/udp/239.76.255.22:9000
衡阳县电视台,http://118.248.155.220:8889/udp/239.76.255.26:9000
河南文物宝库,http://118.248.155.220:8889/udp/239.76.245.180:1234
湘潭新闻综合,http://118.248.155.220:8889/udp/239.76.255.4:9000
试播4K超高清,http://118.248.155.220:8889/udp/239.76.246.214:1234
CGTN阿拉伯语,http://118.248.155.220:8889/udp/239.76.253.97:9000
天元围棋,http://118.248.155.220:8889/udp/239.76.253.2:9000
湖南公共FHD,http://118.248.155.220:8889/udp/239.76.245.123:1234
茶频道,http://118.248.155.220:8889/udp/239.76.245.239:1234
湖南经视FHD,http://118.248.155.220:8889/udp/239.76.245.116:1234
娄底公共频道,http://118.248.155.220:8889/udp/239.76.255.19:9000
新化电视台,http://118.248.155.220:8889/udp/239.76.255.31:9000
湖南都市FHD,http://118.248.155.220:8889/udp/239.76.245.117:1234
上海法治天地,http://118.248.155.220:8889/udp/239.76.254.67:9000
快乐垂钓,http://118.248.155.220:8889/udp/239.76.253.5:9000
长沙政法频道,http://118.248.155.220:8889/udp/239.76.253.122:9000
湖南电视剧FHD,http://118.248.155.220:8889/udp/239.76.245.118:1234
衡阳新闻综合,http://118.248.155.220:8889/udp/239.76.255.13:9000
湖南电影频道,http://118.248.155.220:8889/udp/239.76.253.106:9000
CGTN俄语,http://118.248.155.220:8889/udp/239.76.246.86:1234
凤凰资讯,http://118.248.155.220:8889/udp/239.76.246.135:1234
湖南电影FHD,http://118.248.155.220:8889/udp/239.76.245.119:1234
湖南娱乐频道,http://118.248.155.220:8889/udp/239.76.246.105:1234
上海欢笑剧场4K,http://118.248.155.220:8889/udp/239.76.254.66:9000
永州经济生活,http://118.248.155.220:8889/udp/239.76.255.24:9000
金鹰纪实FHD,http://118.248.155.220:8889/udp/239.76.252.122:9000
涟源综合频道,http://118.248.155.220:8889/udp/239.76.255.48:9000
快乐垂钓FHD,http://118.248.155.220:8889/udp/239.76.252.127:9000
试播4K超高清,http://118.248.155.220:8889/udp/239.76.253.214:9000
湖南娱乐FHD,http://118.248.155.220:8889/udp/239.76.245.121:1234
桂东融媒,http://118.248.155.220:8889/udp/239.76.253.231:9000
郴州公共频道,http://118.248.155.220:8889/udp/239.76.255.39:9000
中国天气,http://118.248.155.220:8889/udp/239.76.253.61:9000
江永新闻频道,http://118.248.155.220:8889/udp/239.76.255.35:9000
金鹰纪实,http://118.248.155.220:8889/udp/239.76.246.110:1234
湖南都市频道,http://118.248.155.220:8889/udp/239.76.246.104:1234
湖南电视剧FHD,http://118.248.155.220:8889/udp/239.76.252.118:9000
武冈综合频道,http://118.248.155.220:8889/udp/239.76.255.29:9000
金鹰卡通FHD,http://118.248.155.220:8889/udp/239.76.252.120:9000
湖南电影FHD,http://118.248.155.220:8889/udp/239.76.252.119:9000
郴州综合频道,http://118.248.155.220:8889/udp/239.76.253.75:9000
CGTN西班牙语,http://118.248.155.220:8889/udp/239.76.253.88:9000
湖南娱乐频道,http://118.248.155.220:8889/udp/239.76.253.105:9000
湖南经视频道,http://118.248.155.220:8889/udp/239.76.246.103:1234
未知频道,http://118.248.155.220:8889/udp/239.76.255.46:9000
上海金色学堂,http://118.248.155.220:8889/udp/239.76.254.75:9000
九画面,http://118.248.155.220:8889/udp/239.76.252.131:9000
湖南经视频道,http://118.248.155.220:8889/udp/239.76.253.103:9000
桃源综合频道,http://118.248.155.220:8889/udp/239.76.255.36:9000
CGTN法语,http://118.248.155.220:8889/udp/239.76.253.87:9000
上海乐游频道,http://118.248.155.220:8889/udp/239.76.254.68:9000
东安新闻综合,http://118.248.155.220:8889/udp/239.76.255.32:9000
凤凰资讯,http://118.248.155.220:8889/udp/239.76.253.135:9000
湖南公共频道,http://118.248.155.220:8889/udp/239.76.253.109:9000
湖南都市FHD,http://118.248.155.220:8889/udp/239.76.252.117:9000
湖南国际FHD,http://118.248.155.220:8889/udp/239.76.252.124:9000
上海东方财经,http://118.248.155.220:8889/udp/239.76.254.69:9000
湘西新闻综合,http://118.248.155.220:8889/udp/239.76.252.208:9000
永州新闻综合,http://118.248.155.220:8889/udp/239.76.255.23:9000
湘西文化旅游,http://118.248.155.220:8889/udp/239.76.252.209:9000
北京纪实科教,http://118.248.155.220:8889/udp/239.76.254.65:9000
益阳公共频道,http://118.248.155.220:8889/udp/239.76.255.16:9000
宁远综合频道,http://118.248.155.220:8889/udp/239.76.255.34:9000
衡阳文旅法治,http://118.248.155.220:8889/udp/239.76.255.14:9000
湖南国际频道,http://118.248.155.220:8889/udp/239.76.253.102:9000
张家界1新闻综合,http://118.248.155.220:8889/udp/239.76.252.234:9000
河南梨园频道,http://118.248.155.220:8889/udp/239.76.252.179:9000
CGTN纪录,http://118.248.155.220:8889/udp/239.76.252.67:9000
九画面,http://118.248.155.220:8889/udp/239.76.245.131:1234
岳阳文旅都市,http://118.248.155.220:8889/udp/239.76.255.8:9000
湖南经视频道,http://118.248.155.220:8889/udp/239.76.251.86:9000
CGTN俄语,http://118.248.155.220:8889/udp/239.76.253.86:9000
岳阳新闻综合,http://118.248.155.220:8889/udp/239.76.255.7:9000
上海动漫秀场,http://118.248.155.220:8889/udp/239.76.254.70:9000
湖南国际频道,http://118.248.155.220:8889/udp/239.76.252.240:9000
上海游戏风云,http://118.248.155.220:8889/udp/239.76.254.71:9000
魅力足球,http://118.248.155.220:8889/udp/239.76.254.72:9000
湖南电视剧频道,http://118.248.155.220:8889/udp/239.76.253.108:9000
湖南教育台,http://118.248.155.220:8889/udp/239.76.252.233:9000
CGTN英语,http://118.248.155.220:8889/udp/239.76.252.66:9000
上海都市剧场,http://118.248.155.220:8889/udp/239.76.254.74:9000
金鹰纪实,http://118.248.155.220:8889/udp/239.76.253.110:9000
茶频道,http://118.248.155.220:8889/udp/239.76.252.239:9000
湖南娱乐FHD,http://118.248.155.220:8889/udp/239.76.252.121:9000
蓝山综合频道,http://118.248.155.220:8889/udp/239.76.248.38:1234
湘西文化旅游,http://118.248.155.220:8889/udp/239.76.245.209:1234
CGTN法语,http://118.248.155.220:8889/udp/239.76.246.87:1234
桂东融媒,http://118.248.155.220:8889/udp/239.76.246.231:1234
衡阳文旅法治,http://118.248.155.220:8889/udp/239.76.248.14:1234
江永新闻频道,http://118.248.155.220:8889/udp/239.76.248.35:1234
桃源综合频道,http://118.248.155.220:8889/udp/239.76.248.36:1234
洪江新闻频道,http://118.248.155.220:8889/udp/239.76.248.37:1234
洪江新闻频道,http://118.248.155.220:8889/udp/239.76.255.37:9000
张家界新闻综合,http://118.248.155.220:8889/udp/239.76.245.234:1234
湖南教育台,http://118.248.155.220:8889/udp/239.76.245.233:1234
湘潭县电视台,http://118.248.155.220:8889/udp/239.76.255.41:9000
张家界2公共频道,http://118.248.155.220:8889/udp/239.76.252.235:9000
湖南国际频道,http://118.248.155.220:8889/udp/239.76.246.102:1234
蓝山综合频道,http://118.248.155.220:8889/udp/239.76.255.38:9000
湖南经视FHD,http://118.248.155.220:8889/udp/239.76.252.116:9000
北京KAKU少儿,http://118.248.155.220:8889/udp/239.76.254.81:9000
邵阳新闻综合,http://58.46.30.42:8188/udp/239.76.248.21:1234
东安新闻综合,http://58.46.30.42:8188/udp/239.76.248.32:1234
株洲新闻综合,http://58.46.30.42:8188/udp/239.76.248.1:1234
怀化新闻综合,http://58.46.30.42:8188/udp/239.76.248.12:1234
津市电视台,http://58.46.30.42:8188/udp/239.76.248.30:1234
湖南娱乐频道,http://58.46.30.42:8188/udp/239.76.246.105:1234
麻阳综合频道,http://58.46.30.42:8188/udp/239.76.248.45:1234
CGTN纪录,http://58.46.30.42:8188/udp/239.76.245.67:1234
湖南国际FHD,http://58.46.30.42:8188/udp/239.76.245.124:1234
河南文物宝库,http://58.46.30.42:8188/udp/239.76.245.180:1234
娄底教育频道,http://58.46.30.42:8188/udp/239.76.248.20:1234
快乐垂钓,http://58.46.30.42:8188/udp/239.76.246.5:1234
郴州综合频道,http://58.46.30.42:8188/udp/239.76.246.75:1234
CHC影迷电影,http://58.46.30.42:8188/udp/239.76.245.242:1234
衡阳新闻综合,http://58.46.30.42:8188/udp/239.76.248.13:1234
湖南电视剧FHD,http://58.46.30.42:8188/udp/239.76.245.118:1234
湘潭新闻综合,http://58.46.30.42:8188/udp/239.76.248.4:1234
湖南娱乐FHD,http://58.46.30.42:8188/udp/239.76.245.121:1234
岳阳文旅都市,http://58.46.30.42:8188/udp/239.76.248.8:1234
新田综合频道,http://58.46.30.42:8188/udp/239.76.255.44:9000
湘潭县电视台,http://58.46.30.42:8188/udp/239.76.248.41:1234
湘西新闻综合,http://58.46.30.42:8188/udp/239.76.245.208:1234
益阳公共频道,http://58.46.30.42:8188/udp/239.76.248.16:1234
桃源综合频道,http://58.46.30.42:8188/udp/239.76.248.36:1234
中方台,http://58.46.30.42:8188/udp/239.76.255.43:9000
衡阳文旅法治,http://58.46.30.42:8188/udp/239.76.255.14:9000
金鹰卡通FHD,http://58.46.30.42:8188/udp/239.76.245.120:1234
新化电视台,http://58.46.30.42:8188/udp/239.76.255.31:9000
岳阳文旅都市,http://58.46.30.42:8188/udp/239.76.255.8:9000
张家界2公共频道,http://58.46.30.42:8188/udp/239.76.252.235:9000
湖南都市频道,http://58.46.30.42:8188/udp/239.76.246.104:1234
衡阳新闻综合,http://58.46.30.42:8188/udp/239.76.255.13:9000
桂东融媒,http://58.46.30.42:8188/udp/239.76.253.231:9000
上海生活时尚,http://58.46.30.42:8188/udp/239.76.254.73:9000
上海游戏风云,http://58.46.30.42:8188/udp/239.76.254.71:9000
上海动漫秀场,http://58.46.30.42:8188/udp/239.76.254.70:9000
长沙文旅频道,http://58.46.30.42:8188/udp/239.76.255.42:9000
常德新闻综合,http://58.46.30.42:8188/udp/239.76.255.10:9000
益阳公共频道,http://58.46.30.42:8188/udp/239.76.255.16:9000
上海都市剧场,http://58.46.30.42:8188/udp/239.76.254.74:9000
CGTN法语,http://58.46.30.42:8188/udp/239.76.253.87:9000
CGTN俄语,http://58.46.30.42:8188/udp/239.76.253.86:9000
河南武术世界,http://58.46.30.42:8188/udp/239.76.252.181:9000
CGTN英语,http://58.46.30.42:8188/udp/239.76.252.66:9000
凤凰资讯,http://58.46.30.42:8188/udp/239.76.253.135:9000
湖南经视频道,http://58.46.30.42:8188/udp/239.76.251.86:9000
新化电视台,http://58.46.30.42:8188/udp/239.76.248.31:1234
蓝山综合频道,http://58.46.30.42:8188/udp/239.76.248.38:1234
张家界1新闻综合,http://58.46.30.42:8188/udp/239.76.252.234:9000
金鹰纪实,http://58.46.30.42:8188/udp/239.76.246.110:1234
上海金色学堂,http://58.46.30.42:8188/udp/239.76.254.75:9000
永州经济生活,http://58.46.30.42:8188/udp/239.76.255.24:9000
九画面,http://58.46.30.42:8188/udp/239.76.245.131:1234
湖南电视剧频道,http://58.46.30.42:8188/udp/239.76.253.108:9000
中方台,http://118.248.155.220:8889/udp/239.76.248.43:1234
娄底教育频道,http://118.248.155.220:8889/udp/239.76.255.20:9000
娄底综合频道,http://118.248.155.220:8889/udp/239.76.255.18:9000
上海生活时尚,http://118.248.155.220:8889/udp/239.76.254.73:9000
株洲新闻综合,http://118.248.155.220:8889/udp/239.76.255.1:9000
湖南公共FHD,http://118.248.155.220:8889/udp/239.76.252.123:9000
湖南都市频道,http://118.248.155.220:8889/udp/239.76.253.104:9000
CHC影迷电影,http://118.248.155.220:8889/udp/239.76.252.242:9000
长沙新闻频道,http://58.46.30.42:8188/udp/239.76.246.121:1234
永州经济生活,http://58.46.30.42:8188/udp/239.76.248.24:1234
桂东融媒,http://58.46.30.42:8188/udp/239.76.246.231:1234
CGTN法语,http://58.46.30.42:8188/udp/239.76.246.87:1234
武冈综合频道,http://58.46.30.42:8188/udp/239.76.255.29:9000
湘西文化旅游,http://58.46.30.42:8188/udp/239.76.245.209:1234
张家界新闻综合,http://58.46.30.42:8188/udp/239.76.245.234:1234
湖南电影频道,http://58.46.30.42:8188/udp/239.76.246.106:1234
洪江新闻频道,http://58.46.30.42:8188/udp/239.76.248.37:1234
长沙政法频道,http://58.46.30.42:8188/udp/239.76.246.122:1234
河南梨园频道,http://58.46.30.42:8188/udp/239.76.245.179:1234
河南武术世界,http://58.46.30.42:8188/udp/239.76.245.181:1234
娄底公共频道,http://58.46.30.42:8188/udp/239.76.248.19:1234
津市电视台,http://58.46.30.42:8188/udp/239.76.255.30:9000
双牌新闻综合,http://58.46.30.42:8188/udp/239.76.255.33:9000
金鹰纪实FHD,http://58.46.30.42:8188/udp/239.76.245.122:1234
株洲新闻综合,http://58.46.30.42:8188/udp/239.76.255.1:9000
永州新闻综合,http://58.46.30.42:8188/udp/239.76.248.23:1234
张家界公共频道,http://58.46.30.42:8188/udp/239.76.245.235:1234
蓝山综合频道,http://58.46.30.42:8188/udp/239.76.255.38:9000
汨罗综合频道,http://58.46.30.42:8188/udp/239.76.255.47:9000
CGTN西班牙语,http://58.46.30.42:8188/udp/239.76.253.88:9000
常德公共频道,http://58.46.30.42:8188/udp/239.76.255.11:9000
桃源综合频道,http://58.46.30.42:8188/udp/239.76.255.36:9000
上海东方财经,http://58.46.30.42:8188/udp/239.76.254.69:9000
试播4K超高清,http://58.46.30.42:8188/udp/239.76.253.214:9000
茶频道,http://58.46.30.42:8188/udp/239.76.245.239:1234
湖南经视频道,http://58.46.30.42:8188/udp/239.76.246.103:1234
湘潭新闻综合,http://58.46.30.42:8188/udp/239.76.255.4:9000
九画面,http://58.46.30.42:8188/udp/239.76.252.131:9000
东安新闻综合,http://58.46.30.42:8188/udp/239.76.255.32:9000
邵阳新闻综合,http://58.46.30.42:8188/udp/239.76.255.21:9000
上海乐游频道,http://58.46.30.42:8188/udp/239.76.254.68:9000
魅力足球,http://58.46.30.42:8188/udp/239.76.254.72:9000
金鹰纪实,http://58.46.30.42:8188/udp/239.76.253.110:9000
益阳新闻综合,http://58.46.30.42:8188/udp/239.76.255.15:9000
娄底综合频道,http://58.46.30.42:8188/udp/239.76.255.18:9000
岳阳新闻综合,http://58.46.30.42:8188/udp/239.76.255.7:9000
CHC影迷电影,http://58.46.30.42:8188/udp/239.76.252.242:9000
金鹰卡通FHD,http://58.46.30.42:8188/udp/239.76.252.120:9000
湖南电视剧FHD,http://58.46.30.42:8188/udp/239.76.252.118:9000
湖南电影频道,http://118.248.155.220:8889/udp/239.76.246.106:1234
常德新闻综合,http://118.248.155.220:8889/udp/239.76.255.10:9000
湘潭县电视台,http://58.46.30.42:8188/udp/239.76.255.41:9000
湖南国际频道,http://58.46.30.42:8188/udp/239.76.246.102:1234
岳阳新闻综合,http://58.46.30.42:8188/udp/239.76.248.7:1234
新田综合频道,http://58.46.30.42:8188/udp/239.76.248.44:1234
常德公共频道,http://58.46.30.42:8188/udp/239.76.248.11:1234
溆浦综合频道,http://58.46.30.42:8188/udp/239.76.248.25:1234
益阳新闻综合,http://58.46.30.42:8188/udp/239.76.248.15:1234
道县综合频道,http://58.46.30.42:8188/udp/239.76.255.28:9000
中国天气,http://58.46.30.42:8188/udp/239.76.246.61:1234
湖南公共FHD,http://58.46.30.42:8188/udp/239.76.245.123:1234
江永新闻频道,http://58.46.30.42:8188/udp/239.76.255.35:9000
溆浦综合频道,http://58.46.30.42:8188/udp/239.76.255.25:9000
湘西新闻综合,http://58.46.30.42:8188/udp/239.76.252.208:9000
湖南娱乐FHD,http://58.46.30.42:8188/udp/239.76.252.121:9000
北京KAKU少儿,http://58.46.30.42:8188/udp/239.76.254.81:9000
CGTN纪录,http://58.46.30.42:8188/udp/239.76.252.67:9000
CGTN阿拉伯语,http://58.46.30.42:8188/udp/239.76.253.97:9000
茶频道,http://58.46.30.42:8188/udp/239.76.252.239:9000
湘西文化旅游,http://58.46.30.42:8188/udp/239.76.252.209:9000
衡阳县电视台,http://58.46.30.42:8188/udp/239.76.255.26:9000
宁远综合频道,http://58.46.30.42:8188/udp/239.76.248.34:1234
优漫卡通,http://60.4.29.46:8077/rtp/239.253.93.204:6382
石家庄新闻综合,http://60.4.29.46:8077/rtp/239.253.92.149:6035
九屏直播频道,http://60.4.29.46:8077/rtp/239.253.92.203:6150
枣强综合频道,http://60.4.29.46:8077/rtp/239.253.93.166:6334
邯郸新闻综合,http://60.4.29.46:8077/rtp/239.253.93.11:6164
井陉矿区电视台,http://60.4.29.46:8077/rtp/239.253.92.215:6067
深州新闻综合,http://60.4.29.46:8077/rtp/239.253.93.42:6195
容城电视,http://60.4.29.46:8077/rtp/239.253.93.110:6277
CGTN西班牙语,http://60.4.29.46:8077/rtp/239.253.93.196:6374
阜城电视,http://60.4.29.46:8077/rtp/239.253.93.168:6336
馆陶电视,http://60.4.29.46:8077/rtp/239.253.93.115:6282
东光电视,http://60.4.29.46:8077/rtp/239.253.93.96:6262
青县电视,http://60.4.29.46:8077/rtp/239.253.93.139:6307
望都电视,http://60.4.29.46:8077/rtp/239.253.93.32:6185
中国交通频道,http://60.4.29.46:8077/rtp/239.253.93.189:6357
任泽电视,http://60.4.29.46:8077/rtp/239.253.93.145:6313
平乡电视,http://60.4.29.46:8077/rtp/239.253.93.53:6206
羽毛球专区,http://60.4.29.46:8077/rtp/239.253.93.202:6380
大城电视,http://60.4.29.46:8077/rtp/239.253.92.230:6068
河南梨园频道,http://60.4.29.46:8077/rtp/239.253.93.133:6441
栾城电视,http://60.4.29.46:8077/rtp/239.253.92.187:6051
滦州电视,http://60.4.29.46:8077/rtp/239.253.92.97:6138
固安电视,http://60.4.29.46:8077/rtp/239.253.93.109:6276
霸州综合,http://60.4.29.46:8077/rtp/239.253.93.209:6387
涿州电视台,http://60.4.29.46:8077/rtp/239.253.93.27:6180
CGTN英语,http://60.4.29.46:8077/rtp/239.253.92.15:8011
沧州公共,http://60.4.29.46:8077/rtp/239.253.92.122:6016
隆化综合频道,http://60.4.29.46:8077/rtp/239.253.93.174:6342
邯郸公共频道,http://60.4.29.46:8077/rtp/239.253.93.12:6165
大厂融媒体中心,http://60.4.29.46:8077/rtp/239.253.92.253:6244
唐县综合频道,http://60.4.29.46:8077/rtp/239.253.93.30:6183
滦南综合频道,http://60.4.29.46:8077/rtp/239.253.92.218:6100
鸡泽新闻综合,http://60.4.29.46:8077/rtp/239.253.93.64:6219
廊坊新闻综合,http://60.4.29.46:8077/rtp/239.253.92.164:6036
保定新闻综合,http://60.4.29.46:8077/rtp/239.253.93.2:6153
兴隆综合频道,http://60.4.29.46:8077/rtp/239.253.93.104:6271
保定生活健康,http://60.4.29.46:8077/rtp/239.253.93.5:6158
南皮电视,http://60.4.29.46:8077/rtp/239.253.93.149:6317
涞水综合频道,http://60.4.29.46:8077/rtp/239.253.93.17:6170
衡水经济科教,http://60.4.29.46:8077/rtp/239.253.93.7:6160
睛彩河北,http://60.4.29.46:8077/rtp/239.253.92.104:6221
秦皇岛公共频道,http://60.4.29.46:8077/rtp/239.253.92.53:6022
定州新闻综合,http://60.4.29.46:8077/rtp/239.253.93.95:6260
临城新闻频道,http://60.4.29.46:8077/rtp/239.253.93.167:6335
遵化综合频道,http://60.4.29.46:8077/rtp/239.253.93.177:6345
嘉佳卡通,http://60.4.29.46:8077/rtp/239.253.93.203:6381
晋州综合频道,http://60.4.29.46:8077/rtp/239.253.93.156:6324
承德旅游文化,http://60.4.29.46:8077/rtp/239.253.92.223:8113
景县综合频道,http://60.4.29.46:8077/rtp/239.253.93.38:6191
涞源综合频道,http://60.4.29.46:8077/rtp/239.253.93.22:6175
安平综合频道,http://60.4.29.46:8077/rtp/239.253.93.36:6189
中华特产,http://60.4.29.46:8077/rtp/239.253.93.242:6420
深泽综合频道,http://60.4.29.46:8077/rtp/239.253.94.31:6630
涉县新闻综合,http://60.4.29.46:8077/rtp/239.253.93.106:6273
衡水新闻综合,http://60.4.29.46:8077/rtp/239.253.93.3:6154
康保综合频道,http://60.4.29.46:8077/rtp/239.253.93.165:6333
唐山新闻综合,http://60.4.29.46:8077/rtp/239.253.92.245:6089
崇礼融媒体中心,http://60.4.29.46:8077/rtp/239.253.93.147:6315
廊坊生活频道,http://60.4.29.46:8077/rtp/239.253.92.166:6037
唐山影视频道,http://60.4.29.46:8077/rtp/239.253.92.127:6027
邢台综合频道,http://60.4.29.46:8077/rtp/239.253.93.8:6161
石家庄城市服务,http://60.4.29.46:8077/rtp/239.253.92.94:8121
河北经济生活,http://60.4.29.46:8077/rtp/239.253.92.171:6001
承德新闻综合,http://60.4.29.46:8077/rtp/239.253.92.222:8112
河北影视剧频道,http://60.4.29.46:8077/rtp/239.253.92.173:6003
迁西电视,http://60.4.29.46:8077/rtp/239.253.92.247:6091
丰南电视,http://60.4.29.46:8077/rtp/239.253.92.231:6070
定兴电视,http://60.4.29.46:8077/rtp/239.253.93.14:6167
迁安电视,http://60.4.29.46:8077/rtp/239.253.93.113:6280
临时直播,http://60.4.29.46:8077/rtp/239.253.92.116:6029
丰宁综合,http://60.4.29.46:8077/rtp/239.253.93.210:6388
广宗电视,http://60.4.29.46:8077/rtp/239.253.93.50:6203
盐山电视,http://60.4.29.46:8077/rtp/239.253.93.144:6312
清苑电视,http://60.4.29.46:8077/rtp/239.253.93.24:6177
肃宁电视,http://60.4.29.46:8077/rtp/239.253.93.152:6320
涿鹿电视,http://60.4.29.46:8077/rtp/239.253.93.181:6349
高阳电视,http://60.4.29.46:8077/rtp/239.253.93.105:6272
沧州影视娱乐,http://60.4.29.46:8077/rtp/239.253.92.123:6017
顺平电视,http://60.4.29.46:8077/rtp/239.253.93.148:6316
宁晋电视,http://60.4.29.46:8077/rtp/239.253.93.51:6204
宽城新闻,http://60.4.29.46:8077/rtp/239.253.93.117:6019
赤城电视,http://60.4.29.46:8077/rtp/239.253.93.160:6328
曲阳电视台,http://60.4.29.46:8077/rtp/239.253.93.31:6184
武强电视,http://60.4.29.46:8077/rtp/239.253.93.79:6245
南和电视,http://60.4.29.46:8077/rtp/239.253.93.80:6246
邯山电视,http://60.4.29.46:8077/rtp/239.253.93.146:6314
沧州新闻综合,http://60.4.29.46:8077/rtp/239.253.92.121:6015
永清电视,http://60.4.29.46:8077/rtp/239.253.93.172:6340
滦平电视,http://60.4.29.46:8077/rtp/239.253.92.100:6142
双滦电视,http://60.4.29.46:8077/rtp/239.253.92.147:6224
昌黎电视,http://60.4.29.46:8077/rtp/239.253.92.109:6217
卢龙电视,http://60.4.29.46:8077/rtp/239.253.93.206:6384
北京纪实科教,http://60.4.29.46:8077/rtp/239.253.93.190:6358
CGTN阿拉伯语,http://60.4.29.46:8077/rtp/239.253.93.198:6376
安新电视,http://60.4.29.46:8077/rtp/239.253.93.107:6274
清河电视台,http://60.4.29.46:8077/rtp/239.253.93.44:6197
天元围棋,http://60.4.29.46:8077/rtp/239.253.93.211:6389
CGTN纪录,http://60.4.29.46:8077/rtp/239.253.93.195:6373
柏乡综合频道,http://60.4.29.46:8077/rtp/239.253.93.171:6339
武安新闻综合,http://60.4.29.46:8077/rtp/239.253.93.62:6215
石家庄文化娱乐,http://60.4.29.46:8077/rtp/239.253.92.93:8120
徐水电视台,http://60.4.29.46:8077/rtp/239.253.93.182:6350
黄骅电视台,http://60.4.29.46:8077/rtp/239.253.92.183:6047
内丘电视台,http://60.4.29.46:8077/rtp/239.253.93.102:6268
高邑融媒,http://60.4.29.46:8077/rtp/239.253.92.160:6041
唐山公共频道,http://60.4.29.46:8077/rtp/239.253.92.128:6028
临西综合频道,http://60.4.29.46:8077/rtp/239.253.94.29:6628
邢台城市生活,http://60.4.29.46:8077/rtp/239.253.93.10:6163
慢直播1,http://60.4.29.46:8077/rtp/239.253.94.1:6600
慢直播2,http://60.4.29.46:8077/rtp/239.253.94.2:6601
广平电视,http://60.4.29.46:8077/rtp/239.253.93.66:6231
大名电视,http://60.4.29.46:8077/rtp/239.253.93.186:6354
金鹰纪实,http://60.4.29.46:8077/rtp/239.253.92.103:6054
快乐垂钓,http://60.4.29.46:8077/rtp/239.253.93.213:6391
高碑店综合频道,http://60.4.29.46:8077/rtp/239.253.93.23:6176
平泉综合频道,http://60.4.29.46:8077/rtp/239.253.92.156:6012
丰润电视,http://60.4.29.46:8077/rtp/239.253.92.252:6156
临漳电视,http://60.4.29.46:8077/rtp/239.253.93.84:6250
沙河电视,http://60.4.29.46:8077/rtp/239.253.93.179:6347
乐亭电视,http://60.4.29.46:8077/rtp/239.253.93.250:6290
抚宁电视,http://60.4.29.46:8077/rtp/239.253.93.201:6379
CGTN法语,http://60.4.29.46:8077/rtp/239.253.93.197:6375
赞皇电视,http://60.4.29.46:8077/rtp/239.253.92.12:6042
满城电视,http://60.4.29.46:8077/rtp/239.253.93.19:6172
玉田综合频道,http://60.4.29.46:8077/rtp/239.253.92.118:6133
CGTN俄语,http://60.4.29.46:8077/rtp/239.253.93.199:6377
河南文物宝库,http://60.4.29.46:8077/rtp/239.253.93.180:6437
隆尧电视,http://60.4.29.46:8077/rtp/239.253.93.65:6230
茶频道,http://60.4.29.46:8077/rtp/239.253.93.212:6390
尚义电视,http://60.4.29.46:8077/rtp/239.253.93.163:6331
吴桥综合频道,http://60.4.29.46:8077/rtp/239.253.93.169:6337
成安综合频道,http://60.4.29.46:8077/rtp/239.253.93.178:6346
故城电视台,http://60.4.29.46:8077/rtp/239.253.93.161:6329
河南武术世界,http://60.4.29.46:8077/rtp/239.253.93.46:6434
饶阳电视台,http://60.4.29.46:8077/rtp/239.253.93.40:6193
河北文旅公共,http://60.4.29.46:8077/rtp/239.253.92.175:6005
阜平电视台,http://60.4.29.46:8077/rtp/239.253.93.16:6169
河北都市频道,http://60.4.29.46:8077/rtp/239.253.92.172:6002
赵县电视台,http://60.4.29.46:8077/rtp/239.253.93.140:6308
承德县电视台,http://60.4.29.46:8077/rtp/239.253.94.28:6627
唐山生活服务,http://60.4.29.46:8077/rtp/239.253.92.126:6026
三河综合频道,http://60.4.29.46:8077/rtp/239.253.93.143:6311
井陉综合频道,http://60.4.29.46:8077/rtp/239.253.93.205:6383
邯郸科技教育,http://60.4.29.46:8077/rtp/239.253.93.13:6166
魏县综合新闻,http://60.4.29.46:8077/rtp/239.253.93.185:6353
秦皇岛新闻综合,http://60.4.29.46:8077/rtp/239.253.92.52:6021
河北三农频道,http://60.4.29.46:8077/rtp/239.253.92.176:6006
河北少儿科教,http://60.4.29.46:8077/rtp/239.253.92.174:6004
保定公共频道,http://60.4.29.46:8077/rtp/239.253.93.4:6157
九屏直播频道,http://106.116.241.206:9999/rtp/239.254.200.248:6000
河北经济生活,http://106.116.241.206:9999/rtp/239.254.200.18:6000
河北都市频道,http://106.116.241.206:9999/rtp/239.254.200.19:6000
河北影视剧频道,http://106.116.241.206:9999/rtp/239.254.200.20:6000
河北少儿科教,http://106.116.241.206:9999/rtp/239.254.200.21:6000
河北文旅公共,http://106.116.241.206:9999/rtp/239.254.200.22:6000
河北农民,http://106.116.241.206:9999/rtp/239.254.200.23:6000
睛彩河北,http://106.116.241.206:9999/rtp/239.254.200.27:6000
河北杂技频道,http://106.116.241.206:9999/rtp/239.254.201.139:7203
河北三佳购物,http://106.116.241.206:9999/rtp/239.254.200.143:6000
羽毛球专区,http://106.116.241.206:9999/rtp/239.254.201.214:7264
中式八球国际公开赛,http://106.116.241.206:9999/rtp/239.254.200.187:6000
石家庄新闻综合,http://106.116.241.206:9999/rtp/239.254.200.157:6000
石家庄文化娱乐,http://106.116.241.206:9999/rtp/239.254.200.29:6000
石家庄城市服务,http://106.116.241.206:9999/rtp/239.254.200.30:6000
承德新闻综合,http://106.116.241.206:9999/rtp/239.254.200.32:6000
承德旅游文化,http://106.116.241.206:9999/rtp/239.254.200.33:6000
秦皇岛新闻综合,http://106.116.241.206:9999/rtp/239.254.200.39:6000
秦皇岛公共频道,http://106.116.241.206:9999/rtp/239.254.200.40:6000
秦皇岛影视,http://106.116.241.206:9999/rtp/239.254.200.41:6000
唐山新闻综合,http://106.116.241.206:9999/rtp/239.254.200.166:6000
唐山生活服务,http://106.116.241.206:9999/rtp/239.254.200.167:6000
唐山影视频道,http://106.116.241.206:9999/rtp/239.254.200.168:6000
唐山公共频道,http://106.116.241.206:9999/rtp/239.254.200.169:6000
廊坊新闻综合,http://106.116.241.206:9999/rtp/239.254.200.183:6000
廊坊生活频道,http://106.116.241.206:9999/rtp/239.254.200.184:6000
保定新闻综合,http://106.116.241.206:9999/rtp/239.254.200.144:6000
保定公共频道,http://106.116.241.206:9999/rtp/239.254.200.145:6000
保定生活健康,http://106.116.241.206:9999/rtp/239.254.200.146:6000
衡水新闻综合,http://106.116.241.206:9999/rtp/239.254.200.147:6000
衡水经济科教,http://106.116.241.206:9999/rtp/239.254.200.149:6000
邢台综合频道,http://106.116.241.206:9999/rtp/239.254.200.150:6000
邢台城市生活,http://106.116.241.206:9999/rtp/239.254.200.152:6000
邯郸新闻综合,http://106.116.241.206:9999/rtp/239.254.200.153:6000
邯郸公共频道,http://106.116.241.206:9999/rtp/239.254.200.154:6000
邯郸科技教育,http://106.116.241.206:9999/rtp/239.254.200.155:6000
嘉佳卡通,http://106.116.241.206:9999/rtp/239.254.201.201:7269
优漫卡通,http://106.116.241.206:9999/rtp/239.254.201.203:7178
北京纪实科教,http://106.116.241.206:9999/rtp/239.254.200.188:6311
金鹰纪实,http://106.116.241.206:9999/rtp/239.254.200.189:6293
茶频道,http://106.116.241.206:9999/rtp/239.254.200.228:6258
快乐垂钓,http://106.116.241.206:9999/rtp/239.254.200.229:6257
天元围棋,http://106.116.241.206:9999/rtp/239.254.201.156:6270
上海游戏风云,http://106.116.241.206:9999/rtp/239.254.201.163:6354
上海欢笑剧场4K,http://106.116.241.206:9999/rtp/239.254.201.164:6355
上海乐游频道,http://106.116.241.206:9999/rtp/239.254.201.200:6356
上海动漫秀场,http://106.116.241.206:9999/rtp/239.254.201.165:6358
上海生活时尚,http://106.116.241.206:9999/rtp/239.254.201.166:6359
上海都市剧场,http://106.116.241.206:9999/rtp/239.254.201.167:6360
上海法治天地,http://106.116.241.206:9999/rtp/239.254.201.183:7226
上海金色学堂,http://106.116.241.206:9999/rtp/239.254.201.182:7227
上海东方财经,http://106.116.241.206:9999/rtp/239.254.201.181:7214
河南武术世界,http://106.116.241.206:9999/rtp/239.254.201.224:7229
河南文物宝库,http://106.116.241.206:9999/rtp/239.254.201.227:7230
河南梨园频道,http://106.116.241.206:9999/rtp/239.254.201.231:7228
CGTN英语,http://106.116.241.206:9999/rtp/239.254.200.12:8056
CGTN记录,http://106.116.241.206:9999/rtp/239.254.201.208:4220
CGTN西班牙语,http://106.116.241.206:9999/rtp/239.254.201.209:4220
CGTN法语,http://106.116.241.206:9999/rtp/239.254.201.210:4220
CGTN阿拉伯语,http://106.116.241.206:9999/rtp/239.254.201.211:4220
CGTN俄语,http://106.116.241.206:9999/rtp/239.254.201.212:4220
中国交通频道,http://106.116.241.206:9999/rtp/239.254.201.110:5181
高邑融媒,http://106.116.241.206:9999/rtp/239.254.201.24:5170
井陉矿区电视台,http://106.116.241.206:9999/rtp/239.254.201.14:5175
深泽综合频道,http://106.116.241.206:9999/rtp/239.254.201.108:5180
赵县综合频道,http://106.116.241.206:9999/rtp/239.254.201.111:5183
晋州综合频道,http://106.116.241.206:9999/rtp/239.254.201.127:5184
井陉综合频道,http://106.116.241.206:9999/rtp/239.254.201.215:6167
平泉综合频道,http://106.116.241.206:9999/rtp/239.254.200.177:5286
兴隆综合频道,http://106.116.241.206:9999/rtp/239.254.201.95:5295
隆化综合频道,http://106.116.241.206:9999/rtp/239.254.201.142:5296
崇礼电视台,http://106.116.241.206:9999/rtp/239.254.201.117:5267
康保综合频道,http://106.116.241.206:9999/rtp/239.254.201.135:5270
遵化综合频道,http://106.116.241.206:9999/rtp/239.254.201.146:5202
三河综合频道,http://106.116.241.206:9999/rtp/239.254.201.113:5315
永清综合频道,http://106.116.241.206:9999/rtp/239.254.201.141:5316
成安综合频道,http://106.116.241.206:9999/rtp/239.254.201.143:6210
魏县综合新闻,http://106.116.241.206:9999/rtp/239.254.201.148:6211
滦南综合频道,http://106.116.241.206:9999/rtp/239.254.201.22:5191
玉田综合频道,http://106.116.241.206:9999/rtp/239.254.201.28:5194
吴桥综合频道,http://106.116.241.206:9999/rtp/239.254.201.138:5337
阜平电视台,http://106.116.241.206:9999/rtp/239.254.201.40:5248
涞水综合频道,http://106.116.241.206:9999/rtp/239.254.201.10:5250
黄骅电视台,http://106.116.241.206:9999/rtp/239.254.201.36:5325
定州新闻综合,http://106.116.241.206:9999/rtp/239.254.201.74:6251
雄县电视台,http://106.116.241.206:9999/rtp/239.254.201.94:6254
涞源综合频道,http://106.116.241.206:9999/rtp/239.254.200.213:5260
高碑店综合频道,http://106.116.241.206:9999/rtp/239.254.200.210:5254
涿州综合频道,http://106.116.241.206:9999/rtp/239.254.201.17:5261
唐县综合频道,http://106.116.241.206:9999/rtp/239.254.201.41:5264
曲阳综合频道,http://106.116.241.206:9999/rtp/239.254.200.242:5265
柏乡综合频道,http://106.116.241.206:9999/rtp/239.254.201.140:5383
徐水电视台,http://106.116.241.206:9999/rtp/239.254.201.147:6260
景县综合频道,http://106.116.241.206:9999/rtp/239.254.200.240:5350
饶阳电视台,http://106.116.241.206:9999/rtp/239.254.201.44:5353
深州新闻综合,http://106.116.241.206:9999/rtp/239.254.201.46:5357
涉县综合频道,http://106.116.241.206:9999/rtp/239.254.201.97:5222
鸡泽新闻综合,http://106.116.241.206:9999/rtp/239.254.201.60:5218
武安新闻综合,http://106.116.241.206:9999/rtp/239.254.201.6:5216
枣强综合频道,http://106.116.241.206:9999/rtp/239.254.201.136:5363
清河电视台,http://106.116.241.206:9999/rtp/239.254.200.170:5366
大厂融媒体中心,http://106.116.241.206:9999/rtp/239.254.201.71:5310
顺平电视,http://106.116.241.206:9999/rtp/239.254.201.118:6257
赤城电视,http://106.116.241.206:9999/rtp/239.254.201.131:5269
邯山电视,http://106.116.241.206:9999/rtp/239.254.201.116:5225
任县电视,http://106.116.241.206:9999/rtp/239.254.201.115:5381
双滦电视,http://106.116.241.206:9999/rtp/239.254.201.63:5293
滦平电视,http://106.116.241.206:9999/rtp/239.254.201.4:5291
赞皇电视,http://106.116.241.206:9999/rtp/239.254.200.244:5177
栾城电视,http://106.116.241.206:9999/rtp/239.254.200.215:5173
张家口新闻综合,http://106.116.241.206:9999/rtp/239.254.200.35:6000
张家口公共,http://106.116.241.206:9999/rtp/239.254.200.36:6000
沧州新闻综合,http://106.116.241.206:9999/rtp/239.254.200.42:6000
沧州公共频道,http://106.116.241.206:9999/rtp/239.254.200.43:6000
沧州影视娱乐,http://106.116.241.206:9999/rtp/239.254.200.44:6000
昌黎电视,http://106.116.241.206:9999/rtp/239.254.201.61:5230
抚宁电视,http://106.116.241.206:9999/rtp/239.254.201.213:5232
卢龙电视,http://106.116.241.206:9999/rtp/239.254.201.216:5233
丰南电视,http://106.116.241.206:9999/rtp/239.254.200.218:5186
迁西电视,http://106.116.241.206:9999/rtp/239.254.201.26:5188
滦州电视,http://106.116.241.206:9999/rtp/239.254.201.30:5196
香河电视,http://106.116.241.206:9999/rtp/239.254.201.32:5306
大城电视,http://106.116.241.206:9999/rtp/239.254.201.34:5308
固安电视,http://106.116.241.206:9999/rtp/239.254.201.101:5312
霸州电视,http://106.116.241.206:9999/rtp/239.254.200.4:5313
孟村电视,http://106.116.241.206:9999/rtp/239.254.201.38:5329
东光电视,http://106.116.241.206:9999/rtp/239.254.201.76:5331
青县电视,http://106.116.241.206:9999/rtp/239.254.201.112:5333
盐山电视,http://106.116.241.206:9999/rtp/239.254.201.114:5334
南皮电视,http://106.116.241.206:9999/rtp/239.254.201.119:5335
肃宁电视,http://106.116.241.206:9999/rtp/239.254.201.122:5336
丰宁电视,http://106.116.241.206:9999/rtp/239.254.200.5:5290
定兴电视,http://106.116.241.206:9999/rtp/239.254.200.172:5246
满城电视,http://106.116.241.206:9999/rtp/239.254.200.222:5252
望都电视,http://106.116.241.206:9999/rtp/239.254.201.56:6246
高阳电视,http://106.116.241.206:9999/rtp/239.254.201.96:6253
安新电视,http://106.116.241.206:9999/rtp/239.254.201.99:6255
容城电视,http://106.116.241.206:9999/rtp/239.254.201.102:6256
涿鹿电视,http://106.116.241.206:9999/rtp/239.254.201.145:5272
大名电视,http://106.116.241.206:9999/rtp/239.254.201.149:6212
冀州电视,http://106.116.241.206:9999/rtp/239.254.200.179:5346
安平电视,http://106.116.241.206:9999/rtp/239.254.201.42:5348
阜城电视,http://106.116.241.206:9999/rtp/239.254.201.98:5361
故城电视,http://106.116.241.206:9999/rtp/239.254.201.126:5362
广宗电视,http://106.116.241.206:9999/rtp/239.254.201.50:5373
宁晋电视,http://106.116.241.206:9999/rtp/239.254.201.51:5375
平乡电视,http://106.116.241.206:9999/rtp/239.254.201.53:5378
隆尧电视,http://106.116.241.206:9999/rtp/239.254.201.69:5379
广平电视,http://106.116.241.206:9999/rtp/239.254.201.70:5220
南和电视,http://106.116.241.206:9999/rtp/239.254.201.72:6000
临漳电视台,http://106.116.241.206:9999/rtp/239.254.201.73:5221
内丘电视台,http://106.116.241.206:9999/rtp/239.254.201.77:5380
迁安电视,http://106.116.241.206:9999/rtp/239.254.201.109:5199
馆陶电视,http://106.116.241.206:9999/rtp/239.254.201.106:5224
乐亭电视,http://106.116.241.206:9999/rtp/239.254.201.107:5200
沙河电视,http://106.116.241.206:9999/rtp/239.254.200.181:5369
南宫电视,http://106.116.241.206:9999/rtp/239.254.201.48:5371
丰润电视,http://106.116.241.206:9999/rtp/239.254.201.58:5197
临时直播频道2,http://106.116.241.206:9999/rtp/239.254.201.65:6000
临时直播频道3,http://106.116.241.206:9999/rtp/239.254.201.66:6000
包头TV1,http://202.107.163.231:5555/udp/238.125.3.12:5140
包头TV2,http://202.107.163.231:5555/udp/238.125.3.13:5140
包头TV3,http://202.107.163.231:5555/udp/238.125.3.14:5140
乌鲁木齐1,http://202.107.163.231:5555/udp/238.125.3.238:5140
阿克苏1,http://202.107.163.231:5555/udp/238.125.3.84:5140
阿克苏2,http://202.107.163.231:5555/udp/238.125.3.86:5140
阿拉尔,http://202.107.163.231:5555/udp/238.125.3.54:5140
阿勒泰1,http://202.107.163.231:5555/udp/238.125.3.150:5140
克孜勒苏柯尔克孜1,http://202.107.163.231:5555/udp/238.125.4.240:5140
克孜勒苏柯尔克孜2,http://202.107.163.231:5555/udp/238.125.4.241:5140
克孜勒苏柯尔克孜3,http://202.107.163.231:5555/udp/238.125.4.242:5140
伊犁哈萨克1,http://202.107.163.231:5555/udp/238.125.4.147:5140
伊犁哈萨克2,http://202.107.163.231:5555/udp/238.125.4.148:5140
伊犁哈萨克3,http://202.107.163.231:5555/udp/238.125.4.149:5140
伊犁哈萨克4,http://202.107.163.231:5555/udp/238.125.4.150:5140
喀什1,http://202.107.163.231:5555/udp/238.125.3.214:5140
喀什2,http://202.107.163.231:5555/udp/238.125.3.215:5140
喀什3,http://202.107.163.231:5555/udp/238.125.3.216:5140
巴音郭楞1,http://202.107.163.231:5555/udp/238.125.3.38:5140
巴音郭楞2,http://202.107.163.231:5555/udp/238.125.3.39:5140
巴音郭楞3,http://202.107.163.231:5555/udp/238.125.3.40:5140
巴音郭楞4,http://202.107.163.231:5555/udp/238.125.3.43:5140
昌吉市电视台,http://202.107.163.231:5555/udp/238.125.3.27:5140
霍城1,http://202.107.163.231:5555/udp/238.125.3.7:5140
呼图壁1,http://202.107.163.231:5555/udp/238.125.3.91:5140
玛纳斯1,http://202.107.163.231:5555/udp/238.125.3.114:5140
竹山1,http://202.107.163.231:5555/udp/238.125.3.225:5140
竹山2,http://202.107.163.231:5555/udp/238.125.3.226:5140
奎屯1,http://202.107.163.231:5555/udp/238.125.3.248:5140
奎屯3,http://202.107.163.231:5555/udp/238.125.3.250:5140
综合,http://202.107.163.231:5555/udp/238.125.3.165:5140
哈密TV1,http://202.107.163.231:5555/udp/238.125.4.194:5140
哈密TV1,http://202.107.163.231:5555/udp/238.125.4.195:5140
哈密TV3,http://202.107.163.231:5555/udp/238.125.0.195:5140
金鹰纪实,http://202.107.163.231:5555/udp/238.125.5.71:5140
快乐垂钓,http://202.107.163.231:5555/udp/238.125.5.103:5140
茶频道,http://202.107.163.231:5555/udp/238.125.5.101:5140
上海欢笑剧场,http://202.107.163.231:5555/udp/238.125.5.61:5140
上海动漫秀场,http://202.107.163.231:5555/udp/238.125.5.33:5140
上海都市剧场,http://202.107.163.231:5555/udp/238.125.5.60:5140
上海法治天地,http://202.107.163.231:5555/udp/238.125.5.116:5140
上海游戏风云,http://202.107.163.231:5555/udp/238.125.5.36:5140
上海生活时尚,http://202.107.163.231:5555/udp/238.125.5.113:5140
上海金色学堂,http://202.107.163.231:5555/udp/238.125.5.115:5140
上海东方财经,http://202.107.163.231:5555/udp/238.125.4.54:5140
上海哈哈炫动,http://202.107.163.231:5555/udp/238.125.5.106:5140
北京纪实科教,http://202.107.163.231:5555/udp/238.125.5.70:5140
河南文物宝库,http://202.107.163.231:5555/udp/238.125.4.106:5140
河南武术世界,http://202.107.163.231:5555/udp/238.125.4.104:5140
河南梨园频道,http://202.107.163.231:5555/udp/238.125.4.103:5140
CGTN英语,http://202.107.163.231:5555/udp/238.125.5.69:5140
CGTN纪录,http://202.107.163.231:5555/udp/238.125.3.119:5140
求索纪录,http://202.107.163.231:5555/udp/238.125.5.108:5140
人物频道,http://202.107.163.231:5555/udp/238.125.5.109:5140
精彩影视,http://202.107.163.231:5555/udp/238.125.5.110:5140
党员远程教育,http://202.107.163.231:5555/udp/238.125.4.144:5140
SSTV2,http://202.107.163.231:5555/udp/238.125.3.240:5140
天津新闻频道,http://180.213.170.24:8188/rtp/239.5.1.30:5000
天津文艺频道,http://180.213.170.24:8188/rtp/239.5.1.31:5000
天津影视频道,http://180.213.170.24:8188/rtp/239.5.1.2:5000
天津都市频道,http://180.213.170.24:8188/rtp/239.5.1.27:5000
天津体育频道,http://180.213.170.24:8188/rtp/239.5.1.3:5000
天津教育频道,http://180.213.170.24:8188/rtp/239.5.1.29:5000
天津少儿频道,http://180.213.170.24:8188/rtp/239.5.1.24:5000
天视文旅频道,http://180.213.170.24:8188/rtp/239.5.1.116:5000
天津购物频道,http://180.213.170.24:8188/rtp/239.5.1.114:5000
蓟州电视台,http://180.213.170.24:8188/rtp/239.5.1.112:5000
滨海1,http://180.213.170.24:8188/rtp/239.5.0.167:5000
滨海2,http://180.213.170.24:8188/rtp/239.5.0.168:5000
CHC影迷电影,http://180.213.170.24:8188/rtp/239.5.1.51:5000
上海动漫秀场,http://180.213.170.24:8188/rtp/239.5.1.35:5000
上海游戏风云,http://180.213.170.24:8188/rtp/239.5.1.36:5000
上海欢笑剧场,http://180.213.170.24:8188/rtp/239.5.1.39:5000
上海法治天地,http://180.213.170.24:8188/rtp/239.5.1.63:5000
上海生活时尚,http://180.213.170.24:8188/rtp/239.5.1.41:5000
上海乐游频道,http://180.213.170.24:8188/rtp/239.5.1.42:5000
上海都市剧场,http://180.213.170.24:8188/rtp/239.5.1.43:5000
上海东方财经,http://180.213.170.24:8188/rtp/239.5.1.156:5000
上海游戏风云,http://180.213.170.24:8188/rtp/239.5.1.36:5000
上海金色学堂,http://180.213.170.24:8188/rtp/239.5.1.64:5000
河南梨园频道,http://180.213.170.24:8188/rtp/239.5.1.148:5000
河南文物宝库,http://180.213.170.24:8188/rtp/239.5.1.149:5000
河南武术世界,http://180.213.170.24:8188/rtp/239.5.1.150:5000
金鹰纪实,http://180.213.170.24:8188/rtp/239.5.1.23:5000
快乐垂钓,http://180.213.170.24:8188/rtp/239.5.1.67:5000
茶频道,http://180.213.170.24:8188/rtp/239.5.1.68:5000
羽球精品赛事,http://180.213.170.24:8188/rtp/239.5.1.66:5000
IPTV赛事频道,http://180.213.170.24:8188/rtp/239.5.1.48:5000
大港油田企业频道,http://180.213.170.24:8188/rtp/239.5.1.135:5000
哈哈炫动,http://180.213.170.24:8188/rtp/239.5.0.62:5000
新动漫,http://180.213.170.24:8188/rtp/239.5.0.109:5000
先锋乒羽,http://180.213.170.24:8188/rtp/239.5.0.112:5000
重庆汽摩频道,http://180.213.170.24:8188/rtp/239.5.0.88:5000
中华美食,http://180.213.170.24:8188/rtp/239.5.1.53:5000
睛彩影视,http://180.213.170.24:8188/rtp/239.5.1.40:5000
陶瓷,http://180.213.170.24:8188/rtp/239.5.1.45:5000
文艺广播,http://180.213.170.24:8188/rtp/239.5.0.113:5000
经济广播,http://180.213.170.24:8188/rtp/239.5.0.114:5000
新闻广播,http://180.213.170.24:8188/rtp/239.5.0.115:5000
生活广播,http://180.213.170.24:8188/rtp/239.5.0.116:5000
交通广播,http://180.213.170.24:8188/rtp/239.5.0.117:5000
相声广播,http://180.213.170.24:8188/rtp/239.5.0.118:5000
小说广播,http://180.213.170.24:8188/rtp/239.5.0.119:5000
滨海广播,http://180.213.170.24:8188/rtp/239.5.0.120:5000
音乐广播,http://180.213.170.24:8188/rtp/239.5.0.121:5000
动听885,http://180.213.170.24:8188/rtp/239.5.0.122:5000
天津新闻频道,http://117.12.151.30:4022/rtp/225.1.1.130:5002
天津文艺频道,http://117.12.151.30:4022/rtp/225.1.1.131:5002
天津影视频道,http://117.12.151.30:4022/rtp/225.1.1.149:5002
天津都市频道,http://117.12.151.30:4022/rtp/225.1.1.128:5002
天津体育频道,http://117.12.151.30:4022/rtp/225.1.1.122:5002
天津教育频道,http://117.12.151.30:4022/rtp/225.1.1.129:5002
天津购物频道,http://117.12.151.30:4022/rtp/225.1.1.151:5002
天津文旅频道,http://117.12.151.30:4022/rtp/225.1.2.123:5002
CHC影迷电影,http://117.12.151.30:4022/rtp/225.1.1.214:5002
金鹰纪实,http://117.12.151.30:4022/rtp/225.1.1.124:5002
茶频道,http://117.12.151.30:4022/rtp/225.1.2.19:5002
精彩影视,http://117.12.151.30:4022/rtp/225.1.1.141:5002
上海动漫秀场,http://117.12.151.30:4022/rtp/225.1.1.134:5002
上海都市剧场,http://117.12.151.30:4022/rtp/225.1.1.146:5002
上海欢笑剧场,http://117.12.151.30:4022/rtp/225.1.1.139:5002
上海法治天地,http://117.12.151.30:4022/rtp/225.1.1.237:5002
上海生活时尚,http://117.12.151.30:4022/rtp/225.1.1.143:5002
上海游戏风云,http://117.12.151.30:4022/rtp/225.1.1.135:5002
上海乐游频道,http://117.12.151.30:4022/rtp/225.1.1.145:5002
上海东方财经,http://117.12.151.30:4022/rtp/225.1.1.247:5002
上海金色学堂,http://117.12.151.30:4022/rtp/225.1.1.236:5002
河南梨园频道,http://117.12.151.30:4022/rtp/225.1.2.104:5002
河南文物宝库,http://117.12.151.30:4022/rtp/225.1.2.105:5002
河南武术世界,http://117.12.151.30:4022/rtp/225.1.2.129:5002
中国交通,http://117.12.151.30:4022/rtp/225.1.2.57:5002
魅力足球,http://117.12.151.30:4022/rtp/225.1.1.137:5002
CGTN英语,http://117.12.151.30:4022/rtp/225.1.1.27:5002
CGTN纪录,http://117.12.151.30:4022/rtp/225.1.1.55:5002
蓟州电视台,http://117.12.151.30:4022/rtp/225.1.1.82:5002
静海电视台,http://117.12.151.30:4022/rtp/225.1.1.110:5002
河东频道,http://117.12.151.30:4022/rtp/225.1.2.2:5002
河西频道,http://117.12.151.30:4022/rtp/225.1.2.4:5002
滨海1,http://117.12.151.30:4022/rtp/225.1.2.7:5002
滨海2,http://117.12.151.30:4022/rtp/225.1.2.8:5002
保定电视台,http://117.12.151.30:4022/rtp/225.1.1.83:5002
大港油田企业,http://117.12.151.30:4022/rtp/225.1.2.14:5002
哈哈炫动,http://117.12.151.30:4022/rtp/225.1.1.62:5002
新动漫,http://117.12.151.30:4022/rtp/225.1.1.216:5002
重庆汽摩,http://117.12.151.30:4022/rtp/225.1.1.205:5002
天津文艺广播,http://117.12.151.30:4022/rtp/225.1.1.171:5002
天津经济广播,http://117.12.151.30:4022/rtp/225.1.1.172:5002
天津新闻广播,http://117.12.151.30:4022/rtp/225.1.1.173:5002
天津生活广播,http://117.12.151.30:4022/rtp/225.1.1.174:5002
天津交通广播,http://117.12.151.30:4022/rtp/225.1.1.175:5002
天津相声广播,http://117.12.151.30:4022/rtp/225.1.1.176:5002
天津小说广播,http://117.12.151.30:4022/rtp/225.1.1.177:5002
天津滨海广播,http://117.12.151.30:4022/rtp/225.1.1.178:5002
天津音乐广播,http://117.12.151.30:4022/rtp/225.1.1.179:5002
天津农村广播,http://117.12.151.30:4022/rtp/225.1.1.180:5002
华数城市剧场,http://114.254.85.135:4022/rtp/239.3.1.67:4120
睛彩篮球,http://111.196.130.52:20000/rtp/239.3.1.126:8001
武侠剧场,http://115.171.216.23:4000/rtp/225.1.8.250:4120
华数魅力时尚,http://221.220.135.44:8012/rtp/239.3.1.196:9012
华数喜剧影院,http://115.171.216.32:4000/rtp/225.1.8.251:4120
朝阳融媒,http://221.220.135.44:8012/rtp/239.3.1.163:8001
北京新闻频道,http://114.254.85.135:4022/rtp/239.3.1.159:8000
金鹰纪实,http://115.171.216.23:4000/rtp/225.1.8.31:8156
北京财经频道,http://115.171.216.23:4000/udp/225.1.8.106:8002
北京体育休闲,http://115.171.216.23:4000/udp/225.1.8.23:8002
北京新闻频道,http://115.171.216.23:4000/udp/225.1.8.83:8000
北京纪实科教,http://115.171.216.23:4000/udp/225.1.8.105:8002
北京IPTV淘娱乐,http://115.171.216.23:4000/rtp/225.1.8.61:8002
北京IPTV4K超清,http://115.171.216.23:4000/rtp/225.1.8.211:8002
华数魅力时尚,http://115.171.216.32:4000/rtp/225.1.8.204:9012
IPTV11戏曲,http://115.171.216.23:4000/rtp/225.1.8.238:4120
华数魅力时尚,http://115.171.216.23:4000/rtp/225.1.8.204:9012
密云电视台,http://115.171.216.23:4000/rtp/225.1.8.75:8002
华数家庭影院,http://115.171.216.32:4000/rtp/225.1.8.253:4120
光影,http://115.171.216.23:4000/rtp/225.1.8.244:4120
华数经典电影,http://115.171.216.23:4000/rtp/225.1.8.203:9024
华数古装剧场,http://115.171.216.23:4000/rtp/225.1.8.229:4120
华数精选,http://115.171.216.23:4000/rtp/225.1.8.234:4120
北京影视频道,http://115.171.216.23:4000/udp/225.1.8.82:8000
嘉佳卡通,http://115.171.216.32:4000/rtp/225.1.8.170:9268
北京IPTV淘电影,http://115.171.216.23:4000/rtp/225.1.8.38:8002
华数热播剧场,http://115.171.216.23:4000/rtp/225.1.8.202:9020
IPTV墨宝,http://115.171.216.32:4000/rtp/225.1.8.243:4120
朝阳融媒,http://115.171.216.23:4000/rtp/225.1.8.69:8002
华数动画,http://115.171.216.32:4000/rtp/225.1.8.240:4120
快乐垂钓,http://115.171.216.23:4000/rtp/225.1.8.71:8002
华数星影,http://115.171.216.32:4000/rtp/225.1.8.254:4120
华数少儿动画,http://115.171.216.32:4000/rtp/225.1.8.207:9000
IPTV武术,http://115.171.216.32:4000/rtp/225.1.8.247:4120
北京生活频道,http://221.220.135.44:8012/rtp/239.3.1.117:8000
华数军旅剧场,http://115.171.216.23:4000/rtp/225.1.8.228:4120
华数热播剧场,http://115.171.216.32:4000/rtp/225.1.8.202:9020
华数精选,http://115.171.216.32:4000/rtp/225.1.8.234:4120
北京IPTV淘电影,http://115.171.216.32:4000/rtp/225.1.8.38:8002
北京IPTV淘娱乐,http://115.171.216.32:4000/rtp/225.1.8.61:8002
金鹰纪实,http://115.171.216.32:4000/rtp/225.1.8.31:8156
武侠剧场,http://115.171.216.32:4000/rtp/225.1.8.250:4120
IPTV武术,http://115.171.216.23:4000/rtp/225.1.8.247:4120
快乐垂钓,http://115.171.216.32:4000/rtp/225.1.8.71:8002
通州融媒,http://221.220.135.44:8012/rtp/239.3.1.221:8001
光影,http://115.171.216.32:4000/rtp/225.1.8.244:4120
北京新闻频道,http://115.171.216.32:4000/udp/225.1.8.83:8000
北京IPTV淘剧场,http://115.171.216.32:4000/rtp/225.1.8.37:8002
北京IPTV淘BABY,http://115.171.216.32:4000/rtp/225.1.8.36:8002
密云电视台,http://115.171.216.32:4000/rtp/225.1.8.75:8002
高网,http://115.171.216.32:4000/rtp/225.1.8.248:4120
北京IPTV淘BABY,http://115.171.216.23:4000/rtp/225.1.8.36:8002
高网,http://115.171.216.23:4000/rtp/225.1.8.248:4120
茶频道,http://115.171.216.23:4000/rtp/225.1.8.72:8002
北京纪实科教,http://115.171.216.32:4000/udp/225.1.8.105:8002
华数城市剧场,http://115.171.216.32:4000/rtp/225.1.8.227:4120
IPTV鉴赏,http://115.171.216.32:4000/rtp/225.1.8.242:4120
IPTV5足球,http://115.171.216.32:4000/rtp/225.1.8.249:4120
IPTV爱生活,http://115.171.216.32:4000/rtp/225.1.8.246:4120
IPTV美妆,http://115.171.216.32:4000/rtp/225.1.8.232:4120
IPTV14早教,http://115.171.216.32:4000/rtp/225.1.8.239:4120
重温经典,http://115.171.216.23:4000/rtp/225.1.8.39:8002
IPTV7军事,http://115.171.216.32:4000/rtp/225.1.8.236:4120
台球,http://115.171.216.32:4000/rtp/225.1.8.245:4120
IPTV美人,http://115.171.216.23:4000/rtp/225.1.8.233:4120
IPTV好学生,http://115.171.216.32:4000/rtp/225.1.8.241:4120
IPTV地理,http://115.171.216.32:4000/rtp/225.1.8.231:4120
房山电视台,http://115.171.216.32:4000/rtp/225.1.8.68:8002
睛彩竞技,http://114.254.85.135:4022/rtp/239.3.1.125:8001
IPTV爱生活,http://114.254.85.135:4022/rtp/239.3.1.86:4120
延庆电视台,http://221.220.135.44:8012/rtp/239.3.1.187:8001
北京IPTV淘剧场,http://115.171.216.23:4000/rtp/225.1.8.37:8002
华数城市剧场,http://115.171.216.23:4000/rtp/225.1.8.227:4120
北京文艺频道,http://115.171.216.23:4000/udp/225.1.8.22:8002
华数家庭影院,http://221.220.135.44:8012/rtp/239.3.1.93:4120
北京影视频道,http://111.196.130.52:20000/rtp/239.3.1.158:8000
北京生活频道,http://115.171.216.32:4000/udp/225.1.8.108:8002
华数军旅剧场,http://115.171.216.32:4000/rtp/225.1.8.228:4120
北京影视频道,http://115.171.216.32:4000/udp/225.1.8.82:8000
IPTV美妆,http://115.171.216.23:4000/rtp/225.1.8.232:4120
北京生活频道,http://115.171.216.23:4000/udp/225.1.8.108:8002
北京IPTV4K超清,http://115.171.216.32:4000/rtp/225.1.8.211:8002
华数古装剧场,http://115.171.216.32:4000/rtp/225.1.8.229:4120
北京体育休闲,http://115.171.216.32:4000/udp/225.1.8.23:8002
IPTV鉴赏,http://115.171.216.23:4000/rtp/225.1.8.242:4120
嘉佳卡通,http://115.171.216.23:4000/rtp/225.1.8.170:9268
华数星影,http://115.171.216.23:4000/rtp/225.1.8.254:4120
IPTV墨宝,http://115.171.216.23:4000/rtp/225.1.8.243:4120
朝阳融媒,http://115.171.216.32:4000/rtp/225.1.8.69:8002
华数经典电影,http://115.171.216.32:4000/rtp/225.1.8.203:9024
IPTV地理,http://115.171.216.23:4000/rtp/225.1.8.231:4120
IPTV美人,http://115.171.216.32:4000/rtp/225.1.8.233:4120
IPTV爱生活,http://115.171.216.23:4000/rtp/225.1.8.246:4120
北京IPTV萌宠TV,http://115.171.216.23:4000/rtp/225.1.8.63:8002
华数动作影院,http://115.171.216.32:4000/rtp/225.1.8.252:4120
华数动作影院,http://115.171.216.23:4000/rtp/225.1.8.252:4120
聚鲨环球精选,http://115.171.216.23:4000/udp/225.1.8.58:8002
IPTV10解密,http://115.171.216.32:4000/rtp/225.1.8.235:4120
IPTV14早教,http://221.220.135.44:8012/rtp/239.3.1.79:4120
IPTV国学,http://115.171.216.32:4000/rtp/225.1.8.237:4120
IPTV国学,http://115.171.216.23:4000/rtp/225.1.8.237:4120
华数爱上4K电影,http://115.171.216.23:4000/rtp/225.1.8.80:2000
IPTV收视指南,http://115.171.216.23:4000/rtp/225.1.8.201:8012
华数热播剧场,http://221.220.135.44:8012/rtp/239.3.1.194:9020
睛彩羽毛球,http://221.220.135.44:8012/rtp/239.3.1.127:8001
华数动作影院,http://111.196.130.52:20000/rtp/239.3.1.92:4120
华数城市剧场,http://221.220.135.44:8012/rtp/239.3.1.67:4120
IPTV收视指南,http://115.171.216.32:4000/rtp/225.1.8.201:8012
聚鲨环球精选,http://115.171.216.32:4000/udp/225.1.8.58:8002
北京财经频道,http://115.171.216.32:4000/udp/225.1.8.106:8002
华数爱上4K电影,http://115.171.216.32:4000/rtp/225.1.8.80:2000
IPTV10解密,http://115.171.216.23:4000/rtp/225.1.8.235:4120
华数少儿动画,http://115.171.216.23:4000/rtp/225.1.8.207:9000
华数动画,http://115.171.216.23:4000/rtp/225.1.8.240:4120
重温经典,http://115.171.216.32:4000/rtp/225.1.8.39:8002
北京IPTV萌宠TV,http://115.171.216.32:4000/rtp/225.1.8.63:8002
房山电视台,http://115.171.216.23:4000/rtp/225.1.8.68:8002
北京文艺频道,http://115.171.216.32:4000/udp/225.1.8.22:8002
台球,http://115.171.216.23:4000/rtp/225.1.8.245:4120
华数家庭影院,http://115.171.216.23:4000/rtp/225.1.8.253:4120
IPTV14早教,http://115.171.216.23:4000/rtp/225.1.8.239:4120
IPTV7军事,http://115.171.216.23:4000/rtp/225.1.8.236:4120
IPTV15音乐现场,http://115.171.216.32:4000/rtp/225.1.8.230:4120
IPTV15音乐现场,http://115.171.216.23:4000/rtp/225.1.8.230:4120
古装剧场,http://111.196.130.52:20000/rtp/239.3.1.69:4120
北京IPTV淘电影,http://111.196.130.52:20000/rtp/239.3.1.250:8001
北京国际频道,http://115.171.216.32:4000/rtp/225.1.8.131:8002
北京国际频道,http://115.171.216.23:4000/rtp/225.1.8.131:8002
华数喜剧影院,http://115.171.216.23:4000/rtp/225.1.8.251:4120
IPTV好学生,http://115.171.216.23:4000/rtp/225.1.8.241:4120
古装剧场,http://114.254.85.135:4022/rtp/239.3.1.69:4120
华数热播剧场,http://114.254.85.135:4022/rtp/239.3.1.194:9020
华数少儿动画,http://114.254.85.135:4022/rtp/239.3.1.199:9000
华数动画,http://114.254.85.135:4022/rtp/239.3.1.80:4120
IPTV15音乐现场,http://114.254.85.135:4022/rtp/239.3.1.70:4120
延庆电视台,http://114.254.85.135:4022/rtp/239.3.1.187:8001
IPTV国学,http://114.254.85.135:4022/rtp/239.3.1.77:4120
IPTV墨宝,http://114.254.85.135:4022/rtp/239.3.1.83:4120
IPTV好学生,http://114.254.85.135:4022/rtp/239.3.1.81:4120
IPTV10解密,http://114.254.85.135:4022/rtp/239.3.1.75:4120
IPTV足球,http://114.254.85.135:4022/rtp/239.3.1.89:4120
CGTN法语,http://114.254.85.135:4022/rtp/239.3.1.218:4220
湖南快乐垂钓,http://114.254.85.135:4022/rtp/239.3.1.164:8001
IPTV台球,http://114.254.85.135:4022/rtp/239.3.1.85:4120
华数军旅剧场,http://114.254.85.135:4022/rtp/239.3.1.68:4120
密云电视台,http://114.254.85.135:4022/rtp/239.3.1.154:8001
湖南金鹰纪实,http://114.254.85.135:4022/rtp/239.3.1.58:8156
通州融媒,http://114.254.85.135:4022/rtp/239.3.1.221:8001
北京生活频道,http://114.254.85.135:4022/rtp/239.3.1.117:8000
北京体育休闲,http://114.254.85.135:4022/rtp/239.3.1.243:8000
IPTV美妆,http://114.254.85.135:4022/rtp/239.3.1.72:4120
中国交通,http://114.254.85.135:4022/rtp/239.3.1.188:8001
华数精选,http://114.254.85.135:4022/rtp/239.3.1.74:4120
华数星影,http://114.254.85.135:4022/rtp/239.3.1.94:4120
IPTV7军事,http://114.254.85.135:4022/rtp/239.3.1.76:4120
朝阳融媒,http://114.254.85.135:4022/rtp/239.3.1.163:8001
北京IPTV淘电影,http://114.254.85.135:4022/rtp/239.3.1.250:8001
IPTV地理,http://114.254.85.135:4022/rtp/239.3.1.71:4120
湖南茶频道,http://114.254.85.135:4022/rtp/239.3.1.165:8001
华数爱上4K,http://114.254.85.135:4022/rtp/239.3.1.236:2000
华数经典电影,http://114.254.85.135:4022/rtp/239.3.1.195:9024
CGTN英语,http://114.254.85.135:4022/rtp/239.3.1.215:4220
CGTN纪录,http://114.254.85.135:4022/rtp/239.3.1.216:4220
CGTN俄语,http://114.254.85.135:4022/rtp/239.3.1.220:4220
北京IPTV4K超清,http://114.254.85.135:4022/rtp/239.3.1.249:8001
北京财经频道,http://114.254.85.135:4022/rtp/239.3.1.116:8000
北京IPTV萌宠TV,http://114.254.85.135:4022/rtp/239.3.1.102:8001
北京IPTV淘BABY,http://114.254.85.135:4022/rtp/239.3.1.238:8001
北京文艺频道,http://114.254.85.135:4022/rtp/239.3.1.242:8000
IPTV爱生活,http://221.220.135.44:8012/rtp/239.3.1.86:4120
华数动画,http://221.220.135.44:8012/rtp/239.3.1.80:4120
北京IPTV淘娱乐,http://114.254.85.135:4022/rtp/239.3.1.100:8001
IPTV地理,http://221.220.135.44:8012/rtp/239.3.1.71:4120
IPTV足球,http://221.220.135.44:8012/rtp/239.3.1.89:4120
IPTV11戏曲,http://221.220.135.44:8012/rtp/239.3.1.78:4120
CGTN西班牙语,http://114.254.85.135:4022/rtp/239.3.1.217:4220
华数喜剧影院,http://114.254.85.135:4022/rtp/239.3.1.91:4120
北京纪实科教,http://114.254.85.135:4022/rtp/239.3.1.115:8000
IPTV墨宝,http://221.220.135.44:8012/rtp/239.3.1.83:4120
睛彩广场舞,http://221.220.135.44:8012/rtp/239.3.1.128:8001
IPTV15音乐现场,http://221.220.135.44:8012/rtp/239.3.1.70:4120
湖南快乐垂钓,http://221.220.135.44:8012/rtp/239.3.1.164:8001
睛彩竞技,http://221.220.135.44:8012/rtp/239.3.1.125:8001
华数少儿动画,http://221.220.135.44:8012/rtp/239.3.1.199:9000
IPTV武术,http://114.254.85.135:4022/rtp/239.3.1.87:4120
IPTV武术,http://221.220.135.44:8012/rtp/239.3.1.87:4120
光影,http://221.220.135.44:8012/rtp/239.3.1.84:4120
北京IPTV淘BABY,http://221.220.135.44:8012/rtp/239.3.1.238:8001
北京财经频道,http://221.220.135.44:8012/rtp/239.3.1.116:8000
房山电视台,http://114.254.85.135:4022/rtp/239.3.1.96:8001
IPTV鉴赏,http://221.220.135.44:8012/rtp/239.3.1.82:4120
IPTV收视指南,http://221.220.135.44:8012/rtp/239.3.1.193:8012
CGTN阿拉伯语,http://221.220.135.44:8012/rtp/239.3.1.219:4220
华数武侠剧场,http://221.220.135.44:8012/rtp/239.3.1.90:4120
CGTN英语,http://221.220.135.44:8012/rtp/239.3.1.215:4220
CGTN西班牙语,http://221.220.135.44:8012/rtp/239.3.1.217:4220
密云电视台,http://221.220.135.44:8012/rtp/239.3.1.154:8001
华数动作影院,http://221.220.135.44:8012/rtp/239.3.1.92:4120
嘉佳卡通,http://221.220.135.44:8012/rtp/239.3.1.147:9268
北京文艺频道,http://221.220.135.44:8012/rtp/239.3.1.242:8000
华数军旅剧场,http://221.220.135.44:8012/rtp/239.3.1.68:4120
北京纪实科教,http://221.220.135.44:8012/rtp/239.3.1.115:8000
北京影视频道,http://114.254.85.135:4022/rtp/239.3.1.158:8000
北京新闻频道,http://221.220.135.44:8012/rtp/239.3.1.159:8000
华数喜剧影院,http://221.220.135.44:8012/rtp/239.3.1.91:4120
北京IPTV萌宠TV,http://221.220.135.44:8012/rtp/239.3.1.102:8001
北京影视频道,http://221.220.135.44:8012/rtp/239.3.1.158:8000
IPTV鉴赏,http://114.254.85.135:4022/rtp/239.3.1.82:4120
睛彩广场舞,http://114.254.85.135:4022/rtp/239.3.1.128:8001
睛彩羽毛球,http://114.254.85.135:4022/rtp/239.3.1.127:8001
IPTV11戏曲,http://114.254.85.135:4022/rtp/239.3.1.78:4120
IPTV美妆,http://221.220.135.44:8012/rtp/239.3.1.72:4120
IPTV台球,http://221.220.135.44:8012/rtp/239.3.1.85:4120
IPTV收视指南,http://114.254.85.135:4022/rtp/239.3.1.193:8012
IPTV10解密,http://221.220.135.44:8012/rtp/239.3.1.75:4120
光影,http://114.254.85.135:4022/rtp/239.3.1.84:4120
华数精选,http://221.220.135.44:8012/rtp/239.3.1.74:4120
IPTV美人,http://114.254.85.135:4022/rtp/239.3.1.73:4120
IPTV7军事,http://221.220.135.44:8012/rtp/239.3.1.76:4120
华数经典电影,http://221.220.135.44:8012/rtp/239.3.1.195:9024
CGTN俄语,http://221.220.135.44:8012/rtp/239.3.1.220:4220
嘉佳卡通,http://114.254.85.135:4022/rtp/239.3.1.147:9268
北京IPTV淘电影,http://221.220.135.44:8012/rtp/239.3.1.250:8001
北京IPTV淘剧场,http://221.220.135.44:8012/rtp/239.3.1.95:8001
华数魅力时尚,http://114.254.85.135:4022/rtp/239.3.1.196:9012
华数武侠剧场,http://114.254.85.135:4022/rtp/239.3.1.90:4120
房山电视台,http://221.220.135.44:8012/rtp/239.3.1.96:8001
IPTV好学生,http://221.220.135.44:8012/rtp/239.3.1.81:4120
IPTV国学,http://221.220.135.44:8012/rtp/239.3.1.77:4120
中国交通,http://221.220.135.44:8012/rtp/239.3.1.188:8001
华数家庭影院,http://114.254.85.135:4022/rtp/239.3.1.93:4120
睛彩篮球,http://114.254.85.135:4022/rtp/239.3.1.126:8001
CGTN阿拉伯语,http://114.254.85.135:4022/rtp/239.3.1.219:4220
华数动作影院,http://114.254.85.135:4022/rtp/239.3.1.92:4120
湖南金鹰纪实,http://221.220.135.44:8012/rtp/239.3.1.58:8156
IPTV14早教,http://114.254.85.135:4022/rtp/239.3.1.79:4120
北京IPTV淘剧场,http://114.254.85.135:4022/rtp/239.3.1.95:8001
北京国际频道,http://114.254.85.135:4022/rtp/239.3.1.235:8000
睛彩篮球,http://221.220.135.44:8012/rtp/239.3.1.126:8001
睛彩羽毛球,http://111.196.130.52:20000/rtp/239.3.1.127:8001
古装剧场,http://221.220.135.44:8012/rtp/239.3.1.69:4120
IPTV美人,http://221.220.135.44:8012/rtp/239.3.1.73:4120
华数星影,http://221.220.135.44:8012/rtp/239.3.1.94:4120
华数魅力时尚,http://111.196.130.52:20000/rtp/239.3.1.196:9012
湖南茶频道,http://221.220.135.44:8012/rtp/239.3.1.165:8001
CGTN纪录,http://221.220.135.44:8012/rtp/239.3.1.216:4220
IPTV地理,http://111.196.130.52:20000/rtp/239.3.1.71:4120
IPTV14早教,http://111.196.130.52:20000/rtp/239.3.1.79:4120
CGTN法语,http://221.220.135.44:8012/rtp/239.3.1.218:4220
华数爱上4K,http://221.220.135.44:8012/rtp/239.3.1.236:2000
北京IPTV淘娱乐,http://221.220.135.44:8012/rtp/239.3.1.100:8001
北京IPTV4K超清,http://221.220.135.44:8012/rtp/239.3.1.249:8001
IPTV墨宝,http://111.196.130.52:20000/rtp/239.3.1.83:4120
IPTV10解密,http://111.196.130.52:20000/rtp/239.3.1.75:4120
华数武侠剧场,http://111.196.130.52:20000/rtp/239.3.1.90:4120
华数经典电影,http://111.196.130.52:20000/rtp/239.3.1.195:9024
华数家庭影院,http://111.196.130.52:20000/rtp/239.3.1.93:4120
北京体育休闲,http://221.220.135.44:8012/rtp/239.3.1.243:8000
北京IPTV萌宠TV,http://111.196.130.52:20000/rtp/239.3.1.102:8001
北京国际频道,http://221.220.135.44:8012/rtp/239.3.1.235:8000
IPTV爱生活,http://111.196.130.52:20000/rtp/239.3.1.86:4120
睛彩广场舞,http://111.196.130.52:20000/rtp/239.3.1.128:8001
IPTV收视指南,http://111.196.130.52:20000/rtp/239.3.1.193:8012
延庆电视台,http://111.196.130.52:20000/rtp/239.3.1.187:8001
IPTV武术,http://111.196.130.52:20000/rtp/239.3.1.87:4120
华数动画,http://111.196.130.52:20000/rtp/239.3.1.80:4120
睛彩竞技,http://111.196.130.52:20000/rtp/239.3.1.125:8001
北京IPTV淘BABY,http://111.196.130.52:20000/rtp/239.3.1.238:8001
IPTV15音乐现场,http://111.196.130.52:20000/rtp/239.3.1.70:4120
IPTV好学生,http://111.196.130.52:20000/rtp/239.3.1.81:4120
光影,http://111.196.130.52:20000/rtp/239.3.1.84:4120
IPTV国学,http://111.196.130.52:20000/rtp/239.3.1.77:4120
华数军旅剧场,http://111.196.130.52:20000/rtp/239.3.1.68:4120
华数星影,http://111.196.130.52:20000/rtp/239.3.1.94:4120
华数少儿动画,http://111.196.130.52:20000/rtp/239.3.1.199:9000
CGTN法语,http://111.196.130.52:20000/rtp/239.3.1.218:4220
湖南茶频道,http://111.196.130.52:20000/rtp/239.3.1.165:8001
北京IPTV淘娱乐,http://111.196.130.52:20000/rtp/239.3.1.100:8001
IPTV美人,http://111.196.130.52:20000/rtp/239.3.1.73:4120
北京财经频道,http://111.196.130.52:20000/rtp/239.3.1.116:8000
北京体育休闲,http://111.196.130.52:20000/rtp/239.3.1.243:8000
湖南快乐垂钓,http://111.196.130.52:20000/rtp/239.3.1.164:8001
湖南金鹰纪实,http://111.196.130.52:20000/rtp/239.3.1.58:8156
IPTV足球,http://111.196.130.52:20000/rtp/239.3.1.89:4120
朝阳融媒,http://111.196.130.52:20000/rtp/239.3.1.163:8001
IPTV7军事,http://111.196.130.52:20000/rtp/239.3.1.76:4120
华数城市剧场,http://111.196.130.52:20000/rtp/239.3.1.67:4120
嘉佳卡通,http://111.196.130.52:20000/rtp/239.3.1.147:9268
北京IPTV4K超清,http://111.196.130.52:20000/rtp/239.3.1.249:8001
CGTN阿拉伯语,http://111.196.130.52:20000/rtp/239.3.1.219:4220
北京国际频道,http://111.196.130.52:20000/rtp/239.3.1.235:8000
房山电视台,http://111.196.130.52:20000/rtp/239.3.1.96:8001
北京新闻频道,http://111.196.130.52:20000/rtp/239.3.1.159:8000
IPTV台球,http://111.196.130.52:20000/rtp/239.3.1.85:4120
中国交通,http://111.196.130.52:20000/rtp/239.3.1.188:8001
北京生活频道,http://111.196.130.52:20000/rtp/239.3.1.117:8000
北京纪实科教,http://111.196.130.52:20000/rtp/239.3.1.115:8000
密云电视台,http://111.196.130.52:20000/rtp/239.3.1.154:8001
北京文艺频道,http://111.196.130.52:20000/rtp/239.3.1.242:8000
华数热播剧场,http://111.196.130.52:20000/rtp/239.3.1.194:9020
北京IPTV淘剧场,http://111.196.130.52:20000/rtp/239.3.1.95:8001
华数爱上4K,http://111.196.130.52:20000/rtp/239.3.1.236:2000
CGTN英语,http://111.196.130.52:20000/rtp/239.3.1.215:4220
通州融媒,http://111.196.130.52:20000/rtp/239.3.1.221:8001
CGTN英语,http://115.171.216.23:4000/rtp/225.1.8.116:8056
IPTV鉴赏,http://111.196.130.52:20000/rtp/239.3.1.82:4120
IPTV11戏曲,http://111.196.130.52:20000/rtp/239.3.1.78:4120
华数喜剧影院,http://111.196.130.52:20000/rtp/239.3.1.91:4120
IPTV美妆,http://111.196.130.52:20000/rtp/239.3.1.72:4120
CGTN西班牙语,http://111.196.130.52:20000/rtp/239.3.1.217:4220
CGTN俄语,http://111.196.130.52:20000/rtp/239.3.1.220:4220
华数精选,http://111.196.130.52:20000/rtp/239.3.1.74:4120
CGTN纪录,http://111.196.130.52:20000/rtp/239.3.1.216:4220
CGTN英语,http://115.171.216.32:4000/rtp/225.1.8.116:8056
茶频道,http://115.171.216.32:4000/rtp/225.1.8.72:8002
IPTV11戏曲,http://115.171.216.32:4000/rtp/225.1.8.238:4120
IPTV5足球,http://115.171.216.23:4000/rtp/225.1.8.249:4120
云南影视频道,http://106.59.2.196:55555/rtp/239.200.200.15:8856
河南武术世界,http://106.59.2.196:55555/rtp/239.200.200.90:8064
IPTV7,http://106.59.2.196:55555/rtp/239.200.200.10:9008
楚雄新闻频道,http://106.59.2.196:55555/rtp/239.200.200.116:8708
华数电视剧2,http://106.59.2.196:55555/udp/239.200.200.74:9012
IPTV10,http://106.59.2.196:55555/rtp/239.200.200.80:1234
IPTV4,http://106.59.2.196:55555/rtp/239.200.200.71:8012
IPTV5,http://106.59.2.196:55555/udp/239.200.201.5:4120
IPTV1,http://106.59.2.196:55555/udp/239.200.200.81:1234
IPTV3,http://106.59.2.196:55555/udp/239.200.200.76:9004
河南梨园频道,http://106.59.2.196:55555/rtp/239.200.200.101:8048
IPTV6,http://106.59.2.196:55555/udp/239.200.201.81:4120
新动漫,http://106.59.2.196:55555/rtp/239.200.201.32:4120
华数电视剧4,http://106.59.2.196:55555/rtp/239.200.200.78:1234
重庆汽摩,http://106.59.2.196:55555/rtp/239.200.200.98:8052
华数电影2,http://106.59.2.196:55555/udp/239.200.200.73:9024
CGTN西班牙语,http://106.59.2.196:55555/udp/239.200.201.184:4220
河南文物宝库,http://106.59.2.196:55555/rtp/239.200.200.96:8112
IPTV2,http://106.59.2.196:55555/rtp/239.200.200.79:1234
先锋乒羽,http://106.59.2.196:55555/rtp/239.200.201.33:4120
华数电视剧1,http://106.59.2.196:55555/rtp/239.200.200.72:9020
北京纪实科教,http://106.59.2.196:55555/rtp/239.200.200.147:8728
华数电影1,http://106.59.2.196:55555/udp/239.200.200.77:9016
华数电视剧3,http://106.59.2.196:55555/udp/239.200.200.11:8072
金鹰纪实,http://106.59.2.196:55555/rtp/239.200.201.126:8840
茶频道,http://106.59.2.196:55555/rtp/239.200.201.36:8404
CGTN阿拉伯语,http://106.59.2.196:55555/udp/239.200.201.186:4220
禄丰市电视台,http://106.59.2.196:55555/rtp/239.200.200.163:8798
CGTN英语,http://106.59.2.196:55555/udp/239.200.201.182:4220
云南4K频道,http://106.59.2.196:55555/rtp/239.200.200.178:8884
CHC影迷电影,http://106.59.2.196:55555/rtp/239.200.201.34:8148
快乐垂钓,http://106.59.2.196:55555/rtp/239.200.200.103:8400
CGTN俄语,http://106.59.2.196:55555/udp/239.200.201.187:4220
云南少儿频道,http://106.59.2.196:55555/rtp/239.200.200.32:8864
中国交通,http://106.59.2.196:55555/udp/239.200.201.138:8556
CGTN英语,http://106.59.2.196:55555/udp/239.200.200.30:8500
云南康旅频道,http://106.59.2.196:55555/rtp/239.200.200.31:8860
华数动漫,http://106.59.2.196:55555/rtp/239.200.200.75:9000
云南都市频道,http://106.59.2.196:55555/rtp/239.200.200.12:8844
CGTN纪录,http://106.59.2.196:55555/udp/239.200.201.183:4220
澜湄国际频道,http://106.59.2.196:55555/rtp/239.200.200.33:8024
云南娱乐频道,http://106.59.2.196:55555/rtp/239.200.200.13:8848
CGTN法语,http://106.59.2.196:55555/rtp/239.200.201.185:4220
CGTN法语,http://59.174.161.101:4022/rtp/239.69.1.235:11052
湖北经视频道,http://59.174.161.101:4022/rtp/239.69.1.41:9886
CGTN西班牙语,http://59.174.161.101:4022/rtp/239.69.1.234:11046
湖北垄上频道,http://59.174.161.101:4022/rtp/239.69.1.43:9898
蔡甸综合,http://59.174.161.101:4022/rtp/239.69.1.245:11112
武汉教育频道,http://59.174.161.101:4022/rtp/239.69.1.60:9994
湖南快乐垂钓,http://59.174.161.101:4022/rtp/239.69.1.142:10488
湖南金鹰纪实,http://59.174.161.101:4022/rtp/239.69.1.109:10292
武汉科技生活,http://59.174.161.101:4022/rtp/239.69.1.251:11148
湖北生活频道,http://59.174.161.101:4022/rtp/239.69.1.205:10872
阳新综合,http://59.174.161.101:4022/rtp/239.69.1.34:9844
河南梨园频道,http://59.174.161.101:4022/rtp/239.69.1.33:9838
武汉新闻综合,http://59.174.161.101:4022/rtp/239.69.1.145:10506
湖南金鹰卡通,http://59.174.161.101:4022/rtp/239.69.1.248:11130
CHC-影迷电影,http://59.174.161.101:4022/rtp/239.69.1.241:11088
CGTN记录片,http://59.174.161.101:4022/rtp/239.69.1.233:11040
湖北综合频道,http://59.174.161.101:4022/rtp/239.69.1.42:9892
湖北影视频道,http://59.174.161.101:4022/rtp/239.69.1.204:10866
湖南茶频道,http://59.174.161.101:4022/rtp/239.69.1.144:10500
武汉文体频道,http://59.174.161.101:4022/rtp/239.69.1.147:10518
湖北教育频道,http://59.174.161.101:4022/rtp/239.69.1.206:10878
武汉电视剧,http://59.174.161.101:4022/rtp/239.69.1.146:10512
房县综合,http://59.174.161.101:4022/rtp/239.69.1.192:10794
湖北公共新闻,http://59.174.161.101:4022/rtp/239.69.1.40:9880
河南武术世界,http://59.174.161.101:4022/rtp/239.69.1.47:9922
湖北公共新闻,http://122.189.103.197:8888/rtp/228.0.0.124:6108
湖北经视频道,http://122.189.103.197:8888/rtp/228.0.0.125:6108
湖北综合频道,http://122.189.103.197:8888/rtp/228.0.0.126:6108
湖北垄上频道,http://122.189.103.197:8888/rtp/228.0.0.127:6108
湖北生活频道,http://122.189.103.197:8888/rtp/228.0.0.204:6108
湖北影视频道,http://122.189.103.197:8888/rtp/228.0.0.205:6108
湖北教育频道,http://122.189.103.197:8888/rtp/228.0.0.206:6108
CHC影迷电影,http://122.189.103.197:8888/rtp/228.0.0.233:6108
金鹰纪实,http://122.189.103.197:8888/rtp/228.0.0.145:7145
快乐垂钓,http://122.189.103.197:8888/rtp/228.0.0.203:6108
茶频道,http://122.189.103.197:8888/rtp/228.0.0.234:6108
先锋乒羽,http://122.189.103.197:8888/rtp/228.0.0.241:6108
GCTN英语,http://122.189.103.197:8888/rtp/228.0.0.16:6108
IPTV靓妆,http://122.189.103.197:8888/rtp/228.0.0.86:6108
新动漫,http://122.189.103.197:8888/rtp/228.0.0.240:6108
优漫卡通,http://61.159.135.44:4022/rtp/238.255.2.57:5999
贵州直播频道,http://61.159.135.44:4022/rtp/238.255.2.206:5999
北京纪实科教,http://61.159.135.44:4022/rtp/238.255.2.107:5999
雷山综合频道,http://61.159.135.44:4022/rtp/238.255.2.128:5999
天元围棋,http://61.159.135.44:4022/rtp/238.255.2.7:5999
黔西南综合频道,http://61.159.135.44:4022/rtp/238.255.2.126:5999
CGTN法语,http://61.159.135.44:4022/rtp/238.255.2.208:5999
黔东南综合频道,http://61.159.135.44:4022/rtp/238.255.2.179:5999
贵阳-2,http://61.159.135.44:4022/rtp/238.255.2.20:5999
CGTN英语,http://61.159.135.44:4022/rtp/238.255.2.207:5999
遵义综合频道,http://61.159.135.44:4022/rtp/238.255.2.153:5999
哈哈炫动,http://61.159.135.44:4022/rtp/238.255.2.56:5999
安顺新闻综合,http://61.159.135.44:4022/rtp/238.255.2.157:5999
CGTN纪录,http://61.159.135.44:4022/rtp/238.255.2.212:5999
黔西-1,http://61.159.135.44:4022/rtp/238.255.2.161:5999
遵义公共频道,http://61.159.135.44:4022/rtp/238.255.2.152:5999
金鹰纪实,http://61.159.135.44:4022/rtp/238.255.2.108:5999
毕节-1,http://61.159.135.44:4022/rtp/238.255.2.131:5999
瓮安电视台,http://61.159.135.44:4022/rtp/238.255.2.216:5999
贵阳-3,http://61.159.135.44:4022/rtp/238.255.2.22:5999
汽摩频道,http://61.159.135.44:4022/rtp/238.255.2.148:5999
CGTN俄语,http://61.159.135.44:4022/rtp/238.255.2.210:5999
思南综合频道,http://61.159.135.44:4022/rtp/238.255.2.218:5999
毕节-2,http://61.159.135.44:4022/rtp/238.255.2.132:5999
嘉佳卡通,http://61.159.135.44:4022/rtp/238.255.2.62:5999
六盘水-2,http://61.159.135.44:4022/rtp/238.255.2.116:5999
安顺公共频道,http://61.159.135.44:4022/rtp/238.255.2.158:5999
遵义都市频道,http://61.159.135.44:4022/rtp/238.255.2.154:5999
凯里TV,http://61.159.135.44:4022/rtp/238.255.2.180:5999
铜仁-1,http://61.159.135.44:4022/rtp/238.255.2.31:5999
贵阳-1,http://61.159.135.44:4022/rtp/238.255.2.19:5999
CGTN阿拉伯语,http://61.159.135.44:4022/rtp/238.255.2.211:5999
黔南-1,http://61.159.135.44:4022/rtp/238.255.2.150:5999
六盘水-1,http://61.159.135.44:4022/rtp/238.255.2.115:5999
铜仁-2,http://61.159.135.44:4022/rtp/238.255.2.87:5999
黔南-2,http://61.159.135.44:4022/rtp/238.255.2.151:5999
CGTN西班牙语,http://61.159.135.44:4022/rtp/238.255.2.209:5999
黔西南公共频道,http://61.159.135.44:4022/rtp/238.255.2.127:5999
宁夏公共频道,http://106.45.2.15:4000/rtp/239.121.4.97:8556
宁夏教育频道,http://106.45.2.15:4000/rtp/239.121.4.200:9184
宁夏经济频道,http://106.45.2.15:4000/rtp/239.121.4.91:8520
宁夏少儿频道,http://106.45.2.15:4000/rtp/239.121.4.63:8352
宁夏文旅频道,http://106.45.2.15:4000/rtp/239.121.4.93:8532
银川公共频道,http://106.45.2.15:4000/rtp/239.121.4.21:8100
银川生活频道,http://106.45.2.15:4000/rtp/239.121.4.106:8610
银川文体频道,http://106.45.2.15:4000/rtp/239.121.4.22:8106
湖南金鹰纪实,http://106.45.2.15:4000/rtp/239.121.4.167:8986
上海欢笑剧场,http://106.45.2.15:4000/rtp/239.121.4.64:8358
上海动漫秀场,http://106.45.2.15:4000/rtp/239.121.4.74:8418
上海纪实人文,http://106.45.2.15:4000/rtp/239.121.4.164:8968
上海东方财经,http://106.45.2.15:4000/rtp/239.121.4.71:8400
中国天气,http://106.45.2.15:4000/rtp/239.121.4.112:8654
CGTN阿拉伯语,http://106.45.2.15:4000/rtp/239.121.4.207:8026
CGTN俄语,http://106.45.2.15:4000/rtp/239.121.4.208:8030
CGTN法语,http://106.45.2.15:4000/rtp/239.121.4.206:8024
CGTN西班牙语,http://106.45.2.15:4000/rtp/239.121.4.137:8020
CGTN纪录,http://106.45.2.15:4000/rtp/239.121.4.136:8018
CGTN英语,http://106.45.2.15:4000/rtp/239.121.4.125:8014
陕西新闻资讯,http://124.114.103.202:6789/rtp/239.111.205.28:5140
陕西都市青春,http://124.114.103.202:6789/rtp/239.111.205.42:5140
陕西体育休闲,http://124.114.103.202:6789/rtp/239.111.205.36:5140
陕西西部电影,http://124.114.103.202:6789/rtp/239.111.205.41:5140
陕西秦腔频道,http://124.114.103.202:6789/rtp/239.112.205.22:5140
陕西银铃频道,http://124.114.103.202:6789/rtp/239.112.205.20:5140
西安新闻综合,http://124.114.103.202:6789/rtp/239.111.205.242:5140
西安都市频道,http://124.114.103.202:6789/rtp/239.111.205.243:5140
西安商务资讯,http://124.114.103.202:6789/rtp/239.112.205.174:5140
西安戏剧影视,http://124.114.103.202:6789/rtp/239.112.205.175:5140
西安丝路频道,http://124.114.103.202:6789/rtp/239.112.205.176:5140
西安教育频道,http://124.114.103.202:6789/rtp/239.112.205.142:5140
西安乐购购物,http://124.114.103.202:6789/rtp/239.111.205.30:5140
金鹰纪实,http://124.114.103.202:6789/rtp/239.112.205.203:5140
优漫卡通,http://124.114.103.202:6789/rtp/239.112.205.185:5140
嘉佳卡通,http://124.114.103.202:6789/rtp/239.112.205.135:5140
CGTN英语,http://124.114.103.202:6789/rtp/239.111.205.32:5140
CGTN西班牙语,http://124.114.103.202:6789/rtp/239.111.205.33:5140
CGTN法语,http://124.114.103.202:6789/rtp/239.111.205.34:5140
上海欢笑剧场,http://124.114.103.202:6789/rtp/239.112.205.236:5140
曲艺大观,http://124.114.103.202:6789/rtp/239.111.205.31:5140
BesTV体育,http://124.114.103.202:6789/rtp/239.111.205.23:5140
上海动漫秀场,http://1.192.242.239:8188/rtp/239.16.20.40:10400
邓州综合频道,http://1.192.242.239:8188/rtp/239.16.20.20:10200
大剧院,http://1.192.242.239:8188/rtp/239.16.20.217:12170
焦作公共频道,http://1.192.242.239:8188/rtp/239.16.20.155:11550
上海欢笑剧场,http://1.192.242.239:8188/rtp/239.16.20.39:10390
河南收藏天下,http://171.8.87.223:8800/rtp/239.16.10.149:2000
河南乡村频道,http://219.156.95.67:4022/rtp/225.1.4.120:1149
南阳3科教频道,http://1.192.242.239:8188/rtp/239.16.10.164:2000
嘉佳卡通,http://219.156.95.67:4022/rtp/225.1.4.92:1121
河南法治频道,http://171.8.87.223:8800/rtp/239.16.10.122:2000
河南都市频道,http://219.156.95.67:4022/rtp/225.1.4.52:1081
周口公共频道,http://171.8.87.223:8800/rtp/239.16.10.172:2000
郑州3文体旅游,http://171.8.87.223:8800/rtp/239.16.10.156:2000
南阳1新闻综合,http://171.8.87.223:8800/rtp/239.16.10.58:2000
河南民生频道,http://171.8.87.223:8800/rtp/239.16.20.165:11650
卫辉综合频道,http://171.8.87.223:8800/rtp/239.16.20.191:11910
河南新闻频道,http://171.8.87.223:8800/rtp/239.16.20.168:11680
河南中华功夫,http://171.8.87.223:8800/rtp/239.16.20.173:11730
郑州1新闻综合,http://171.8.87.223:8800/rtp/239.16.10.154:2000
周口新闻综合,http://171.8.87.223:8800/rtp/239.16.10.59:2000
新乡新闻综合,http://171.8.87.223:8800/rtp/239.16.20.139:11390
许昌综合频道,http://171.8.87.223:8800/rtp/239.16.10.47:2000
湖南金鹰纪实,http://1.192.242.239:8188/rtp/239.16.20.153:11530
许昌综合频道,http://1.192.242.239:8188/rtp/239.16.10.47:2000
洛阳-2科教频道,http://1.192.242.239:8188/rtp/239.16.20.177:11770
大象新闻,http://1.192.242.239:8188/rtp/239.16.20.216:12160
安阳文旅频道,http://1.192.242.239:8188/rtp/239.16.20.193:11930
IPTV早教,http://219.156.95.67:4022/rtp/225.1.4.179:1228
安阳文旅频道,http://171.8.87.223:8800/rtp/239.16.20.193:11930
IPTV生活,http://219.156.95.67:4022/rtp/225.1.4.176:1225
华数魅力时尚,http://219.156.95.67:4022/rtp/225.1.4.205:1253
华数爱电影,http://219.156.95.67:4022/rtp/225.1.4.6:1035
华数少儿动画,http://219.156.95.67:4022/rtp/225.1.4.189:1238
平顶山城市频道,http://171.8.87.223:8800/rtp/239.16.20.151:11510
IPTV好学生,http://219.156.95.67:4022/rtp/225.1.4.177:1226
郑州5妇女儿童,http://171.8.87.223:8800/rtp/239.16.10.158:2000
平顶山新闻综合,http://1.192.242.239:8188/rtp/239.16.20.137:11370
汝阳综合频道,http://171.8.87.223:8800/rtp/239.16.20.207:12070
宝丰TV-1,http://171.8.87.223:8800/rtp/239.16.20.63:10630
济源-1,http://171.8.87.223:8800/rtp/239.16.20.174:11740
郸城,http://171.8.87.223:8800/rtp/239.16.10.84:2000
淇县电视台,http://1.192.242.239:8188/rtp/239.16.20.205:12050
新乡综合频道,http://1.192.242.239:8188/rtp/239.16.20.18:10180
CGTN西班牙语,http://219.156.95.67:4022/rtp/225.1.5.36:1346
河南民生频道,http://219.156.95.67:4022/rtp/225.1.4.53:1082
河南新闻频道,http://219.156.95.67:4022/rtp/225.1.4.56:1085
新乡公共频道,http://1.192.242.239:8188/rtp/239.16.20.154:11540
河南欢腾购物,http://219.156.95.67:4022/rtp/225.1.4.57:1086
IPTV法治,http://219.156.95.67:4022/rtp/225.1.4.188:1237
焦作公共频道,http://171.8.87.223:8800/rtp/239.16.20.155:11550
上海动漫秀场,http://171.8.87.223:8800/rtp/239.16.20.40:10400
湖南金鹰卡通,http://171.8.87.223:8800/rtp/239.16.20.104:11040
河南戏曲频道,http://219.156.95.67:4022/rtp/225.1.4.99:1128
商丘1新闻综合,http://171.8.87.223:8800/rtp/239.16.10.153:2000
河南移动电视,http://1.192.242.239:8188/rtp/239.16.20.204:12040
商丘2公共频道,http://171.8.87.223:8800/rtp/239.16.10.168:2000
IPTV音乐,http://219.156.95.67:4022/rtp/225.1.4.184:1224
开封1新闻综合,http://171.8.87.223:8800/rtp/239.16.10.57:2000
郑州6都市生活,http://171.8.87.223:8800/rtp/239.16.10.159:2000
大剧院,http://171.8.87.223:8800/rtp/239.16.20.217:12170
上海欢笑剧场,http://171.8.87.223:8800/rtp/239.16.20.39:10390
内黄综合频道,http://171.8.87.223:8800/rtp/239.16.20.228:12280
濮阳新闻综合,http://171.8.87.223:8800/rtp/239.16.20.175:11750
郑州4豫剧频道,http://171.8.87.223:8800/rtp/239.16.10.157:2000
杞县新闻综合,http://171.8.87.223:8800/rtp/239.16.10.80:2000
郑州2商都频道,http://171.8.87.223:8800/rtp/239.16.10.155:2000
湖南金鹰纪实,http://171.8.87.223:8800/rtp/239.16.20.153:11530
湖南快乐垂钓,http://171.8.87.223:8800/rtp/239.16.20.67:10670
项城电视台,http://171.8.87.223:8800/rtp/239.16.10.214:2000
焦作综合频道,http://171.8.87.223:8800/rtp/239.16.20.140:11400
国学频道,http://171.8.87.223:8800/rtp/239.16.20.232:12320
渑池新闻综合,http://171.8.87.223:8800/rtp/239.16.20.135:11350
上海乐游纪实,http://171.8.87.223:8800/rtp/239.16.20.111:11110
安阳新闻综合,http://171.8.87.223:8800/rtp/239.16.20.144:11440
延津电视台,http://171.8.87.223:8800/rtp/239.16.20.210:12100
信阳文旅频道,http://171.8.87.223:8800/rtp/239.16.10.71:2000
义马综合频道,http://171.8.87.223:8800/rtp/239.16.20.109:11090
舞钢电视台-1,http://171.8.87.223:8800/rtp/239.16.20.227:12270
宝丰-1,http://171.8.87.223:8800/rtp/239.16.20.209:12090
漯河新闻综合,http://171.8.87.223:8800/rtp/239.16.10.49:2000
大象新闻,http://171.8.87.223:8800/rtp/239.16.20.216:12160
开封2文化旅游,http://171.8.87.223:8800/rtp/239.16.10.177:2000
上海游戏风云,http://171.8.87.223:8800/rtp/239.16.20.112:11120
郏县综合频道,http://171.8.87.223:8800/rtp/239.16.20.235:12350
上海法治天地,http://171.8.87.223:8800/rtp/239.16.20.156:11560
邓州综合频道,http://171.8.87.223:8800/rtp/239.16.20.20:10200
上海金色学堂,http://171.8.87.223:8800/rtp/239.16.20.115:11150
平顶山新闻综合,http://171.8.87.223:8800/rtp/239.16.20.137:11370
河南都市频道,http://171.8.87.223:8800/rtp/239.16.20.164:11640
平顶山教育台,http://171.8.87.223:8800/rtp/239.16.20.27:10270
上蔡-1,http://171.8.87.223:8800/rtp/239.16.10.97:2000
洛阳-1新闻综合,http://171.8.87.223:8800/rtp/239.16.20.179:11790
河南移动电视,http://171.8.87.223:8800/rtp/239.16.20.204:12040
孟津综合综合,http://171.8.87.223:8800/rtp/239.16.20.192:11920
原阳电视台,http://171.8.87.223:8800/rtp/239.16.20.208:12080
嵩县综合新闻,http://171.8.87.223:8800/rtp/239.16.20.234:12340
洛阳-3文旅频道,http://171.8.87.223:8800/rtp/239.16.20.178:11780
湖南茶频道,http://171.8.87.223:8800/rtp/239.16.20.68:10680
信阳新闻综合,http://171.8.87.223:8800/rtp/239.16.10.52:2000
上海东方财经,http://171.8.87.223:8800/rtp/239.16.20.64:10640
禹州电视台,http://171.8.87.223:8800/rtp/239.16.10.39:2000
平顶山公共频道,http://171.8.87.223:8800/rtp/239.16.20.152:11520
光山综合频道,http://171.8.87.223:8800/rtp/239.16.10.94:2000
渑池新闻综合,http://171.8.87.223:8800/rtp/239.16.20.47:10470
叶县电视台-1,http://171.8.87.223:8800/rtp/239.16.20.32:10320
鹤壁新闻综合,http://171.8.87.223:8800/rtp/239.16.20.142:11420
上海魅力足球,http://171.8.87.223:8800/rtp/239.16.20.113:11130
唐河TV-1,http://171.8.87.223:8800/rtp/239.16.10.95:2000
